year,municipio_fips,Total_All_Sectors,Micro_Businesses_1to4_Employees,Pct_Micro_Business,Tourism_Hospitality,Retail_Trade,Professional_Services,Healthcare,Construction
2012,72001,126,0,0.0,16,45,7.0,20.0,7.0
2012,72003,457,0,0.0,54,149,38.0,64.0,25.0
2012,72005,853,0,0.0,98,221,76.0,172.0,19.0
2012,72007,150,0,0.0,10,40,5.0,28.0,12.0
2012,72009,287,0,0.0,22,84,27.0,69.0,11.0
2012,72011,232,0,0.0,25,65,11.0,36.0,20.0
2012,72013,1031,0,0.0,87,270,86.0,241.0,32.0
2012,72015,82,0,0.0,9,26,,16.0,3.0
2012,72017,283,0,0.0,40,111,10.0,30.0,19.0
2012,72019,245,0,0.0,23,74,16.0,33.0,23.0
2012,72021,3220,0,0.0,260,832,201.0,621.0,115.0
2012,72023,547,0,0.0,91,123,23.0,94.0,28.0
2012,72025,2445,0,0.0,211,594,204.0,430.0,106.0
2012,72027,265,0,0.0,22,79,23.0,33.0,24.0
2012,72029,383,0,0.0,36,139,12.0,54.0,16.0
2012,72031,2040,0,0.0,242,489,129.0,241.0,81.0
2012,72033,337,0,0.0,23,48,16.0,21.0,12.0
2012,72035,484,0,0.0,62,130,34.0,94.0,23.0
2012,72037,93,0,0.0,7,20,4.0,15.0,4.0
2012,72039,114,0,0.0,9,39,8.0,15.0,12.0
2012,72041,349,0,0.0,32,99,23.0,53.0,18.0
2012,72043,256,0,0.0,30,80,21.0,47.0,14.0
2012,72045,83,0,0.0,4,32,2.0,12.0,6.0
2012,72047,276,0,0.0,24,83,17.0,56.0,22.0
2012,72049,29,0,0.0,10,4,,1.0,1.0
2012,72051,422,0,0.0,62,75,42.0,61.0,16.0
2012,72053,519,0,0.0,60,143,27.0,105.0,5.0
2012,72054,60,0,0.0,7,16,6.0,8.0,4.0
2012,72055,93,0,0.0,10,22,5.0,19.0,8.0
2012,72057,483,0,0.0,54,152,31.0,99.0,10.0
2012,72059,86,0,0.0,12,21,3.0,16.0,3.0
2012,72061,2013,0,0.0,174,307,285.0,250.0,103.0
2012,72063,308,0,0.0,27,44,19.0,50.0,34.0
2012,72065,520,0,0.0,64,179,32.0,67.0,19.0
2012,72067,182,0,0.0,20,49,10.0,26.0,12.0
2012,72069,810,0,0.0,79,199,67.0,173.0,35.0
2012,72071,421,0,0.0,57,130,33.0,76.0,22.0
2012,72073,103,0,0.0,9,41,4.0,14.0,11.0
2012,72075,257,0,0.0,21,81,12.0,53.0,12.0
2012,72077,244,0,0.0,28,62,14.0,55.0,14.0
2012,72079,170,0,0.0,23,49,12.0,21.0,8.0
2012,72081,181,0,0.0,18,68,11.0,35.0,6.0
2012,72083,52,0,0.0,4,14,1.0,10.0,6.0
2012,72085,260,0,0.0,37,55,12.0,50.0,28.0
2012,72087,78,0,0.0,10,27,3.0,14.0,1.0
2012,72089,141,0,0.0,23,25,13.0,19.0,9.0
2012,72091,647,0,0.0,49,157,43.0,193.0,20.0
2012,72093,19,0,0.0,2,4,,6.0,1.0
2012,72095,53,0,0.0,7,19,2.0,14.0,
2012,72097,1615,0,0.0,147,337,152.0,364.0,49.0
2012,72099,291,0,0.0,25,92,16.0,64.0,13.0
2012,72101,163,0,0.0,26,57,10.0,26.0,7.0
2012,72103,117,0,0.0,11,32,5.0,12.0,24.0
2012,72105,302,0,0.0,28,95,13.0,38.0,47.0
2012,72107,141,0,0.0,14,46,6.0,24.0,13.0
2012,72109,97,0,0.0,13,34,3.0,12.0,5.0
2012,72111,152,0,0.0,17,39,6.0,21.0,10.0
2012,72113,2377,0,0.0,210,537,212.0,518.0,84.0
2012,72115,205,0,0.0,21,56,13.0,36.0,16.0
2012,72117,138,0,0.0,32,35,6.0,15.0,13.0
2012,72119,324,0,0.0,36,89,12.0,56.0,8.0
2012,72121,177,0,0.0,11,47,13.0,37.0,6.0
2012,72123,182,0,0.0,32,54,10.0,25.0,7.0
2012,72125,372,0,0.0,47,85,27.0,106.0,9.0
2012,72127,10974,0,0.0,986,1761,1861.0,1559.0,430.0
2012,72129,241,0,0.0,19,69,15.0,36.0,21.0
2012,72131,427,0,0.0,37,139,32.0,74.0,26.0
2012,72133,162,0,0.0,29,49,5.0,26.0,10.0
2012,72135,325,0,0.0,27,101,16.0,51.0,26.0
2012,72137,721,0,0.0,59,164,37.0,90.0,52.0
2012,72139,580,0,0.0,49,106,53.0,75.0,48.0
2012,72141,188,0,0.0,20,62,14.0,31.0,10.0
2012,72143,439,0,0.0,44,136,21.0,79.0,22.0
2012,72145,391,0,0.0,36,122,25.0,64.0,23.0
2012,72147,101,0,0.0,31,22,4.0,8.0,7.0
2012,72149,125,0,0.0,13,39,5.0,27.0,11.0
2012,72151,185,0,0.0,20,59,9.0,40.0,8.0
2012,72153,426,0,0.0,40,135,19.0,83.0,24.0
2013,72001,130,0,0.0,19,43,10.0,20.0,8.0
2013,72003,451,0,0.0,56,151,32.0,71.0,23.0
2013,72005,857,0,0.0,107,220,73.0,174.0,21.0
2013,72007,148,0,0.0,14,38,5.0,26.0,17.0
2013,72009,285,0,0.0,20,81,25.0,75.0,10.0
2013,72011,236,0,0.0,27,60,11.0,38.0,20.0
2013,72013,1022,0,0.0,91,258,91.0,246.0,32.0
2013,72015,82,0,0.0,8,25,1.0,15.0,2.0
2013,72017,275,0,0.0,38,111,10.0,27.0,15.0
2013,72019,232,0,0.0,23,70,18.0,32.0,17.0
2013,72021,3193,0,0.0,262,808,208.0,619.0,110.0
2013,72023,533,0,0.0,87,120,24.0,91.0,27.0
2013,72025,2441,0,0.0,209,569,215.0,431.0,105.0
2013,72027,266,0,0.0,22,78,22.0,36.0,22.0
2013,72029,405,0,0.0,37,134,17.0,54.0,18.0
2013,72031,1991,0,0.0,231,480,125.0,242.0,72.0
2013,72033,340,0,0.0,23,53,16.0,22.0,12.0
2013,72035,481,0,0.0,61,126,33.0,101.0,22.0
2013,72037,89,0,0.0,6,17,5.0,13.0,7.0
2013,72039,106,0,0.0,10,35,9.0,16.0,10.0
2013,72041,340,0,0.0,31,95,23.0,53.0,15.0
2013,72043,263,0,0.0,35,80,23.0,48.0,13.0
2013,72045,88,0,0.0,7,31,2.0,12.0,6.0
2013,72047,282,0,0.0,25,83,19.0,58.0,17.0
2013,72049,32,0,0.0,10,4,,1.0,1.0
2013,72051,433,0,0.0,60,73,44.0,65.0,16.0
2013,72053,540,0,0.0,62,143,33.0,104.0,7.0
2013,72054,58,0,0.0,6,17,6.0,9.0,3.0
2013,72055,94,0,0.0,11,20,6.0,21.0,8.0
2013,72057,483,0,0.0,56,139,39.0,93.0,14.0
2013,72059,91,0,0.0,14,21,4.0,17.0,4.0
2013,72061,2038,0,0.0,166,299,302.0,251.0,113.0
2013,72063,320,0,0.0,28,53,25.0,53.0,26.0
2013,72065,517,0,0.0,62,174,34.0,71.0,19.0
2013,72067,173,0,0.0,15,46,9.0,28.0,11.0
2013,72069,769,0,0.0,71,180,66.0,171.0,31.0
2013,72071,422,0,0.0,54,127,35.0,75.0,18.0
2013,72073,98,0,0.0,10,41,4.0,12.0,8.0
2013,72075,267,0,0.0,24,84,17.0,52.0,9.0
2013,72077,251,0,0.0,30,64,14.0,57.0,12.0
2013,72079,170,0,0.0,22,51,11.0,27.0,7.0
2013,72081,184,0,0.0,20,67,11.0,33.0,7.0
2013,72083,56,0,0.0,3,15,1.0,11.0,6.0
2013,72085,261,0,0.0,35,55,13.0,50.0,23.0
2013,72087,96,0,0.0,12,24,4.0,14.0,1.0
2013,72089,154,0,0.0,25,26,12.0,20.0,9.0
2013,72091,645,0,0.0,51,148,46.0,196.0,22.0
2013,72093,19,0,0.0,2,3,,6.0,1.0
2013,72095,48,0,0.0,4,18,2.0,14.0,
2013,72097,1581,0,0.0,139,332,141.0,369.0,50.0
2013,72099,296,0,0.0,25,89,16.0,66.0,12.0
2013,72101,165,0,0.0,25,57,9.0,27.0,7.0
2013,72103,120,0,0.0,11,36,6.0,12.0,21.0
2013,72105,288,0,0.0,26,87,12.0,39.0,44.0
2013,72107,151,0,0.0,17,48,6.0,26.0,13.0
2013,72109,92,0,0.0,14,33,2.0,12.0,4.0
2013,72111,151,0,0.0,14,41,8.0,22.0,10.0
2013,72113,2340,0,0.0,213,514,194.0,530.0,77.0
2013,72115,198,0,0.0,23,53,13.0,35.0,14.0
2013,72117,139,0,0.0,36,32,7.0,16.0,11.0
2013,72119,348,0,0.0,39,93,15.0,53.0,7.0
2013,72121,174,0,0.0,12,44,15.0,37.0,4.0
2013,72123,174,0,0.0,33,49,10.0,26.0,5.0
2013,72125,361,0,0.0,46,86,24.0,104.0,6.0
2013,72127,10914,0,0.0,987,1702,1857.0,1573.0,403.0
2013,72129,235,0,0.0,19,70,14.0,38.0,19.0
2013,72131,421,0,0.0,38,129,28.0,77.0,25.0
2013,72133,156,0,0.0,31,42,5.0,26.0,10.0
2013,72135,344,0,0.0,27,99,17.0,53.0,28.0
2013,72137,727,0,0.0,64,157,39.0,86.0,53.0
2013,72139,582,0,0.0,49,105,57.0,77.0,41.0
2013,72141,191,0,0.0,19,57,14.0,32.0,9.0
2013,72143,425,0,0.0,47,130,18.0,80.0,24.0
2013,72145,385,0,0.0,32,112,26.0,67.0,25.0
2013,72147,101,0,0.0,28,23,3.0,8.0,7.0
2013,72149,119,0,0.0,12,42,3.0,26.0,7.0
2013,72151,189,0,0.0,20,58,11.0,40.0,7.0
2013,72153,421,0,0.0,38,132,20.0,83.0,17.0
2014,72001,128,0,0.0,19,44,9.0,20.0,6.0
2014,72003,460,0,0.0,56,145,32.0,76.0,28.0
2014,72005,852,0,0.0,104,210,73.0,180.0,22.0
2014,72007,139,0,0.0,12,33,6.0,24.0,13.0
2014,72009,278,0,0.0,19,76,23.0,79.0,10.0
2014,72011,249,0,0.0,33,61,11.0,44.0,18.0
2014,72013,998,0,0.0,82,245,88.0,238.0,33.0
2014,72015,74,0,0.0,5,22,1.0,15.0,1.0
2014,72017,260,0,0.0,37,110,9.0,25.0,13.0
2014,72019,217,0,0.0,22,65,16.0,33.0,16.0
2014,72021,3127,0,0.0,259,775,192.0,637.0,103.0
2014,72023,538,0,0.0,85,120,23.0,97.0,24.0
2014,72025,2449,0,0.0,217,556,217.0,423.0,99.0
2014,72027,262,0,0.0,23,78,20.0,37.0,20.0
2014,72029,377,0,0.0,35,119,14.0,55.0,10.0
2014,72031,1966,0,0.0,225,471,120.0,241.0,68.0
2014,72033,335,0,0.0,21,49,18.0,26.0,12.0
2014,72035,474,0,0.0,59,129,33.0,101.0,21.0
2014,72037,86,0,0.0,5,19,6.0,11.0,6.0
2014,72039,101,0,0.0,10,34,9.0,15.0,7.0
2014,72041,333,0,0.0,34,78,23.0,52.0,12.0
2014,72043,277,0,0.0,39,81,24.0,48.0,10.0
2014,72045,87,0,0.0,10,28,2.0,12.0,4.0
2014,72047,283,0,0.0,25,83,19.0,61.0,15.0
2014,72049,35,0,0.0,10,4,,1.0,2.0
2014,72051,451,0,0.0,54,72,57.0,72.0,18.0
2014,72053,526,0,0.0,65,138,28.0,103.0,9.0
2014,72054,55,0,0.0,5,16,7.0,10.0,3.0
2014,72055,92,0,0.0,13,21,5.0,21.0,6.0
2014,72057,472,0,0.0,56,136,37.0,95.0,12.0
2014,72059,90,0,0.0,16,19,5.0,16.0,7.0
2014,72061,2053,0,0.0,177,302,301.0,254.0,102.0
2014,72063,333,0,0.0,30,54,29.0,55.0,30.0
2014,72065,511,0,0.0,63,160,28.0,76.0,22.0
2014,72067,161,0,0.0,14,46,10.0,24.0,11.0
2014,72069,753,0,0.0,74,175,62.0,168.0,26.0
2014,72071,420,0,0.0,53,129,35.0,72.0,21.0
2014,72073,93,0,0.0,9,38,5.0,12.0,6.0
2014,72075,271,0,0.0,27,76,18.0,55.0,11.0
2014,72077,243,0,0.0,24,58,17.0,55.0,14.0
2014,72079,165,0,0.0,22,50,13.0,26.0,4.0
2014,72081,185,0,0.0,20,63,12.0,36.0,8.0
2014,72083,51,0,0.0,3,16,1.0,7.0,3.0
2014,72085,253,0,0.0,32,49,15.0,45.0,23.0
2014,72087,93,0,0.0,14,24,4.0,14.0,
2014,72089,148,0,0.0,27,25,12.0,21.0,8.0
2014,72091,636,0,0.0,50,144,42.0,198.0,22.0
2014,72093,19,0,0.0,2,3,,6.0,1.0
2014,72095,54,0,0.0,5,20,3.0,14.0,1.0
2014,72097,1563,0,0.0,140,335,133.0,367.0,47.0
2014,72099,301,0,0.0,31,87,15.0,66.0,16.0
2014,72101,157,0,0.0,23,56,11.0,25.0,9.0
2014,72103,120,0,0.0,13,33,6.0,16.0,19.0
2014,72105,289,0,0.0,30,83,9.0,42.0,46.0
2014,72107,155,0,0.0,19,45,7.0,25.0,16.0
2014,72109,88,0,0.0,13,32,4.0,11.0,3.0
2014,72111,144,0,0.0,15,40,6.0,22.0,5.0
2014,72113,2320,0,0.0,209,486,190.0,532.0,83.0
2014,72115,195,0,0.0,23,49,15.0,33.0,14.0
2014,72117,151,0,0.0,43,32,8.0,14.0,17.0
2014,72119,335,0,0.0,38,80,16.0,54.0,4.0
2014,72121,168,0,0.0,15,39,16.0,35.0,5.0
2014,72123,173,0,0.0,35,48,13.0,27.0,5.0
2014,72125,367,0,0.0,51,87,25.0,102.0,4.0
2014,72127,10878,0,0.0,1027,1709,1848.0,1550.0,385.0
2014,72129,227,0,0.0,22,73,14.0,35.0,17.0
2014,72131,418,0,0.0,37,129,31.0,74.0,27.0
2014,72133,153,0,0.0,31,44,6.0,24.0,8.0
2014,72135,347,0,0.0,26,97,21.0,59.0,27.0
2014,72137,712,0,0.0,69,146,37.0,82.0,56.0
2014,72139,563,0,0.0,48,96,50.0,74.0,37.0
2014,72141,185,0,0.0,16,59,20.0,28.0,9.0
2014,72143,410,0,0.0,45,122,17.0,80.0,22.0
2014,72145,384,0,0.0,31,115,29.0,64.0,28.0
2014,72147,105,0,0.0,29,20,4.0,7.0,9.0
2014,72149,111,0,0.0,10,38,4.0,28.0,5.0
2014,72151,184,0,0.0,19,54,10.0,39.0,8.0
2014,72153,409,0,0.0,34,131,21.0,80.0,16.0
2015,72001,124,0,0.0,17,44,9.0,19.0,4.0
2015,72003,458,0,0.0,62,139,33.0,74.0,24.0
2015,72005,831,0,0.0,101,202,74.0,172.0,18.0
2015,72007,131,0,0.0,10,36,6.0,22.0,12.0
2015,72009,266,0,0.0,17,74,22.0,74.0,9.0
2015,72011,234,0,0.0,25,60,12.0,43.0,16.0
2015,72013,1001,0,0.0,87,244,79.0,251.0,33.0
2015,72015,70,0,0.0,6,19,1.0,16.0,1.0
2015,72017,258,0,0.0,36,103,11.0,24.0,15.0
2015,72019,214,0,0.0,21,63,18.0,31.0,17.0
2015,72021,3057,0,0.0,259,750,185.0,637.0,102.0
2015,72023,524,0,0.0,88,114,23.0,96.0,19.0
2015,72025,2413,0,0.0,207,532,219.0,436.0,99.0
2015,72027,249,0,0.0,19,75,20.0,37.0,18.0
2015,72029,364,0,0.0,33,115,13.0,58.0,9.0
2015,72031,1942,0,0.0,228,466,116.0,245.0,73.0
2015,72033,329,0,0.0,21,44,18.0,25.0,12.0
2015,72035,477,0,0.0,58,123,33.0,110.0,19.0
2015,72037,90,0,0.0,5,20,5.0,14.0,6.0
2015,72039,95,0,0.0,12,31,9.0,13.0,6.0
2015,72041,329,0,0.0,36,79,23.0,52.0,11.0
2015,72043,261,0,0.0,37,72,23.0,49.0,11.0
2015,72045,95,0,0.0,12,32,2.0,11.0,3.0
2015,72047,267,0,0.0,24,75,18.0,59.0,14.0
2015,72049,34,0,0.0,10,4,,1.0,2.0
2015,72051,479,0,0.0,67,76,66.0,70.0,18.0
2015,72053,504,0,0.0,58,124,31.0,108.0,9.0
2015,72054,53,0,0.0,6,16,4.0,8.0,3.0
2015,72055,90,0,0.0,13,20,5.0,21.0,5.0
2015,72057,448,0,0.0,49,130,37.0,91.0,9.0
2015,72059,85,0,0.0,16,17,2.0,16.0,8.0
2015,72061,2030,0,0.0,166,296,311.0,258.0,90.0
2015,72063,330,0,0.0,31,52,24.0,58.0,26.0
2015,72065,503,0,0.0,60,158,28.0,73.0,19.0
2015,72067,162,0,0.0,17,43,11.0,26.0,11.0
2015,72069,759,0,0.0,74,167,71.0,168.0,28.0
2015,72071,426,0,0.0,60,123,34.0,75.0,15.0
2015,72073,97,0,0.0,12,38,5.0,11.0,6.0
2015,72075,278,0,0.0,25,77,20.0,57.0,15.0
2015,72077,246,0,0.0,23,59,19.0,56.0,16.0
2015,72079,158,0,0.0,22,47,12.0,25.0,4.0
2015,72081,172,0,0.0,16,58,11.0,37.0,5.0
2015,72083,52,0,0.0,4,15,1.0,8.0,3.0
2015,72085,262,0,0.0,31,51,16.0,49.0,25.0
2015,72087,87,0,0.0,14,22,3.0,13.0,
2015,72089,149,0,0.0,28,25,10.0,22.0,7.0
2015,72091,627,0,0.0,47,134,43.0,198.0,21.0
2015,72093,20,0,0.0,3,3,,7.0,1.0
2015,72095,49,0,0.0,4,16,2.0,13.0,
2015,72097,1534,0,0.0,136,309,137.0,372.0,42.0
2015,72099,316,0,0.0,35,89,20.0,67.0,15.0
2015,72101,153,0,0.0,21,51,9.0,27.0,9.0
2015,72103,127,0,0.0,13,33,4.0,17.0,17.0
2015,72105,284,0,0.0,28,84,8.0,40.0,44.0
2015,72107,148,0,0.0,19,41,7.0,26.0,13.0
2015,72109,92,0,0.0,13,34,2.0,13.0,3.0
2015,72111,133,0,0.0,13,38,5.0,20.0,7.0
2015,72113,2269,0,0.0,215,471,189.0,531.0,73.0
2015,72115,194,0,0.0,21,50,16.0,33.0,13.0
2015,72117,150,0,0.0,42,30,7.0,12.0,13.0
2015,72119,329,0,0.0,36,74,18.0,57.0,6.0
2015,72121,165,0,0.0,15,38,15.0,34.0,9.0
2015,72123,174,0,0.0,36,46,12.0,29.0,6.0
2015,72125,358,0,0.0,44,84,28.0,101.0,5.0
2015,72127,10784,0,0.0,1034,1702,1838.0,1538.0,362.0
2015,72129,229,0,0.0,21,71,13.0,38.0,15.0
2015,72131,416,0,0.0,40,130,31.0,77.0,23.0
2015,72133,153,0,0.0,32,45,7.0,24.0,9.0
2015,72135,341,0,0.0,27,101,23.0,59.0,24.0
2015,72137,715,0,0.0,68,149,37.0,80.0,50.0
2015,72139,551,0,0.0,56,95,55.0,76.0,30.0
2015,72141,186,0,0.0,16,60,19.0,29.0,8.0
2015,72143,394,0,0.0,42,114,17.0,86.0,21.0
2015,72145,374,0,0.0,33,106,32.0,68.0,24.0
2015,72147,107,0,0.0,32,21,3.0,7.0,7.0
2015,72149,107,0,0.0,13,38,2.0,26.0,3.0
2015,72151,183,0,0.0,21,52,9.0,37.0,8.0
2015,72153,399,0,0.0,34,128,19.0,85.0,16.0
2016,72001,119,0,0.0,18,39,9.0,20.0,4.0
2016,72003,460,0,0.0,63,142,33.0,74.0,27.0
2016,72005,843,0,0.0,100,208,75.0,170.0,16.0
2016,72007,131,0,0.0,13,33,6.0,22.0,11.0
2016,72009,262,0,0.0,21,72,23.0,70.0,9.0
2016,72011,245,0,0.0,27,58,11.0,48.0,17.0
2016,72013,966,0,0.0,87,241,75.0,241.0,32.0
2016,72015,73,0,0.0,6,20,1.0,16.0,1.0
2016,72017,268,0,0.0,35,101,13.0,25.0,17.0
2016,72019,215,0,0.0,24,63,16.0,31.0,18.0
2016,72021,3000,0,0.0,263,709,203.0,625.0,94.0
2016,72023,512,0,0.0,89,109,19.0,97.0,19.0
2016,72025,2375,0,0.0,207,523,215.0,431.0,92.0
2016,72027,260,0,0.0,23,74,23.0,39.0,18.0
2016,72029,357,0,0.0,36,112,11.0,56.0,9.0
2016,72031,1901,0,0.0,225,442,115.0,241.0,69.0
2016,72033,323,0,0.0,26,44,17.0,20.0,11.0
2016,72035,450,0,0.0,51,114,31.0,105.0,18.0
2016,72037,94,0,0.0,5,17,7.0,15.0,7.0
2016,72039,95,0,0.0,12,30,8.0,12.0,6.0
2016,72041,318,0,0.0,38,72,21.0,52.0,12.0
2016,72043,262,0,0.0,36,74,21.0,49.0,8.0
2016,72045,97,0,0.0,13,34,2.0,12.0,4.0
2016,72047,262,0,0.0,25,76,14.0,56.0,11.0
2016,72049,35,0,0.0,11,4,,1.0,2.0
2016,72051,492,0,0.0,66,70,76.0,71.0,21.0
2016,72053,503,0,0.0,61,123,32.0,101.0,6.0
2016,72054,52,0,0.0,6,15,4.0,8.0,4.0
2016,72055,92,0,0.0,14,21,4.0,22.0,5.0
2016,72057,448,0,0.0,50,127,34.0,92.0,11.0
2016,72059,82,0,0.0,14,19,3.0,15.0,7.0
2016,72061,2034,0,0.0,172,279,325.0,262.0,88.0
2016,72063,342,0,0.0,35,52,29.0,64.0,27.0
2016,72065,505,0,0.0,69,153,25.0,71.0,19.0
2016,72067,166,0,0.0,18,47,10.0,27.0,11.0
2016,72069,759,0,0.0,77,169,76.0,173.0,28.0
2016,72071,429,0,0.0,60,126,35.0,77.0,11.0
2016,72073,95,0,0.0,10,38,5.0,12.0,6.0
2016,72075,275,0,0.0,25,76,17.0,53.0,16.0
2016,72077,238,0,0.0,22,55,16.0,53.0,14.0
2016,72079,159,0,0.0,25,45,11.0,26.0,5.0
2016,72081,165,0,0.0,17,59,11.0,31.0,4.0
2016,72083,52,0,0.0,4,15,1.0,7.0,3.0
2016,72085,250,0,0.0,26,49,18.0,51.0,25.0
2016,72087,91,0,0.0,14,21,5.0,15.0,
2016,72089,149,0,0.0,33,22,9.0,23.0,8.0
2016,72091,617,0,0.0,48,127,42.0,195.0,20.0
2016,72093,20,0,0.0,3,4,,6.0,1.0
2016,72095,52,0,0.0,4,17,2.0,14.0,
2016,72097,1499,0,0.0,137,294,134.0,365.0,40.0
2016,72099,326,0,0.0,32,87,19.0,71.0,14.0
2016,72101,152,0,0.0,20,51,10.0,24.0,10.0
2016,72103,130,0,0.0,13,34,4.0,18.0,18.0
2016,72105,275,0,0.0,27,85,7.0,38.0,37.0
2016,72107,144,0,0.0,19,40,6.0,23.0,12.0
2016,72109,92,0,0.0,13,31,3.0,13.0,2.0
2016,72111,127,0,0.0,11,37,5.0,18.0,8.0
2016,72113,2246,0,0.0,213,457,196.0,519.0,69.0
2016,72115,193,0,0.0,25,52,16.0,31.0,15.0
2016,72117,156,0,0.0,46,31,7.0,13.0,13.0
2016,72119,325,0,0.0,36,73,19.0,57.0,5.0
2016,72121,165,0,0.0,15,38,15.0,37.0,5.0
2016,72123,169,0,0.0,43,43,11.0,25.0,6.0
2016,72125,347,0,0.0,42,81,28.0,103.0,3.0
2016,72127,10727,0,0.0,1040,1641,1870.0,1534.0,352.0
2016,72129,238,0,0.0,24,76,15.0,37.0,14.0
2016,72131,420,0,0.0,43,133,31.0,79.0,22.0
2016,72133,158,0,0.0,32,51,8.0,23.0,8.0
2016,72135,329,0,0.0,26,95,22.0,58.0,20.0
2016,72137,720,0,0.0,65,149,40.0,83.0,46.0
2016,72139,555,0,0.0,55,91,61.0,74.0,30.0
2016,72141,182,0,0.0,16,57,19.0,28.0,5.0
2016,72143,393,0,0.0,42,112,20.0,86.0,21.0
2016,72145,393,0,0.0,40,113,33.0,61.0,24.0
2016,72147,106,0,0.0,35,19,2.0,6.0,7.0
2016,72149,109,0,0.0,16,33,3.0,26.0,4.0
2016,72151,185,0,0.0,20,55,9.0,37.0,8.0
2016,72153,383,0,0.0,34,113,22.0,79.0,16.0
2017,72001,124,73,58.9,20,37,11.0,20.0,6.0
2017,72003,467,332,71.1,65,142,34.0,73.0,31.0
2017,72005,840,450,53.6,103,196,75.0,173.0,13.0
2017,72007,129,78,60.5,13,34,4.0,22.0,12.0
2017,72009,279,169,60.6,22,71,26.0,73.0,12.0
2017,72011,251,144,57.4,37,63,10.0,49.0,12.0
2017,72013,992,567,57.2,90,239,72.0,248.0,38.0
2017,72015,77,49,63.6,10,20,,16.0,3.0
2017,72017,282,109,38.7,42,107,11.0,23.0,17.0
2017,72019,215,125,58.1,23,68,14.0,33.0,18.0
2017,72021,2959,1525,51.5,279,718,193.0,589.0,94.0
2017,72023,497,324,65.2,87,106,24.0,91.0,15.0
2017,72025,2386,1233,51.7,232,536,191.0,439.0,85.0
2017,72027,269,172,63.9,31,75,21.0,40.0,22.0
2017,72029,340,159,46.8,39,104,11.0,60.0,10.0
2017,72031,1890,893,47.2,228,441,124.0,237.0,64.0
2017,72033,332,117,35.2,27,46,20.0,28.0,16.0
2017,72035,464,256,55.2,52,118,30.0,98.0,18.0
2017,72037,81,51,63.0,4,13,5.0,13.0,5.0
2017,72039,103,59,57.3,12,32,7.0,17.0,6.0
2017,72041,318,190,59.7,39,79,19.0,59.0,12.0
2017,72043,250,147,58.8,38,71,20.0,44.0,6.0
2017,72045,97,58,59.8,13,29,,16.0,3.0
2017,72047,279,179,64.2,27,85,12.0,56.0,16.0
2017,72049,38,20,52.6,12,6,,,
2017,72051,531,322,60.6,63,75,100.0,85.0,19.0
2017,72053,485,253,52.2,58,119,33.0,100.0,7.0
2017,72054,53,37,69.8,7,15,5.0,8.0,5.0
2017,72055,93,51,54.8,13,22,3.0,23.0,6.0
2017,72057,437,244,55.8,53,119,29.0,94.0,10.0
2017,72059,91,52,57.1,15,21,3.0,17.0,8.0
2017,72061,2061,1045,50.7,196,267,339.0,271.0,77.0
2017,72063,332,187,56.3,33,57,27.0,67.0,22.0
2017,72065,483,262,54.2,62,158,24.0,66.0,17.0
2017,72067,159,76,47.8,18,39,14.0,29.0,11.0
2017,72069,789,424,53.7,86,166,77.0,173.0,29.0
2017,72071,434,259,59.7,62,120,37.0,80.0,10.0
2017,72073,90,50,55.6,11,34,5.0,12.0,4.0
2017,72075,256,134,52.3,25,70,16.0,52.0,9.0
2017,72077,244,141,57.8,20,57,12.0,66.0,18.0
2017,72079,162,95,58.6,29,45,13.0,22.0,7.0
2017,72081,182,112,61.5,21,64,12.0,32.0,5.0
2017,72083,49,31,63.3,4,15,,9.0,
2017,72085,271,157,57.9,34,48,16.0,57.0,22.0
2017,72087,79,44,55.7,14,25,4.0,20.0,
2017,72089,143,77,53.8,32,23,9.0,26.0,7.0
2017,72091,626,348,55.6,53,136,44.0,193.0,19.0
2017,72093,23,14,60.9,6,5,,5.0,
2017,72095,49,35,71.4,4,16,,13.0,
2017,72097,1543,790,51.2,143,305,140.0,376.0,45.0
2017,72099,351,241,68.7,30,97,25.0,75.0,19.0
2017,72101,152,80,52.6,20,52,9.0,26.0,10.0
2017,72103,135,87,64.4,17,35,5.0,17.0,20.0
2017,72105,287,173,60.3,22,85,8.0,44.0,38.0
2017,72107,156,99,63.5,21,42,7.0,23.0,14.0
2017,72109,101,61,60.4,16,30,,15.0,
2017,72111,133,74,55.6,12,39,5.0,18.0,10.0
2017,72113,2306,1226,53.2,224,466,191.0,535.0,71.0
2017,72115,198,132,66.7,18,58,13.0,28.0,17.0
2017,72117,158,95,60.1,47,36,7.0,13.0,12.0
2017,72119,305,160,52.5,35,76,18.0,54.0,6.0
2017,72121,168,102,60.7,18,37,15.0,36.0,5.0
2017,72123,160,76,47.5,35,50,8.0,24.0,4.0
2017,72125,330,189,57.3,41,77,26.0,98.0,3.0
2017,72127,10841,5903,54.5,1075,1592,1900.0,1563.0,377.0
2017,72129,254,148,58.3,24,80,17.0,45.0,16.0
2017,72131,421,259,61.5,42,135,29.0,79.0,20.0
2017,72133,161,65,40.4,33,49,8.0,24.0,11.0
2017,72135,299,172,57.5,23,91,18.0,46.0,18.0
2017,72137,742,413,55.7,72,144,50.0,91.0,45.0
2017,72139,542,311,57.4,54,94,57.0,80.0,35.0
2017,72141,176,109,61.9,17,54,18.0,29.0,6.0
2017,72143,408,213,52.2,50,106,25.0,90.0,19.0
2017,72145,383,214,55.9,44,112,23.0,61.0,22.0
2017,72147,108,61,56.5,33,21,3.0,7.0,7.0
2017,72149,122,77,63.1,16,40,4.0,28.0,7.0
2017,72151,184,120,65.2,20,53,10.0,38.0,7.0
2017,72153,391,221,56.5,40,117,22.0,81.0,16.0
2018,72001,127,85,66.9,17,37,10.0,19.0,10.0
2018,72003,479,348,72.7,68,149,35.0,71.0,29.0
2018,72005,811,436,53.8,105,188,75.0,162.0,13.0
2018,72007,133,84,63.2,12,35,5.0,22.0,14.0
2018,72009,271,168,62.0,23,68,27.0,66.0,12.0
2018,72011,261,160,61.3,39,57,11.0,47.0,12.0
2018,72013,982,586,59.7,90,232,68.0,240.0,41.0
2018,72015,74,44,59.5,9,19,,15.0,3.0
2018,72017,271,115,42.4,36,101,10.0,22.0,17.0
2018,72019,225,140,62.2,25,66,15.0,32.0,21.0
2018,72021,2885,1533,53.1,275,701,190.0,560.0,101.0
2018,72023,499,324,64.9,85,108,21.0,91.0,19.0
2018,72025,2337,1257,53.8,238,521,187.0,419.0,97.0
2018,72027,281,186,66.2,33,76,21.0,40.0,24.0
2018,72029,323,167,51.7,32,96,14.0,61.0,14.0
2018,72031,1874,941,50.2,223,431,121.0,235.0,73.0
2018,72033,330,136,41.2,28,47,19.0,29.0,15.0
2018,72035,460,255,55.4,55,109,27.0,100.0,18.0
2018,72037,87,54,62.1,6,13,5.0,14.0,9.0
2018,72039,101,59,58.4,9,34,8.0,16.0,6.0
2018,72041,335,201,60.0,42,84,21.0,60.0,18.0
2018,72043,250,152,60.8,36,69,16.0,46.0,12.0
2018,72045,102,65,63.7,14,31,,14.0,5.0
2018,72047,284,184,64.8,26,83,14.0,56.0,21.0
2018,72049,39,24,61.5,13,6,,,
2018,72051,545,345,63.3,67,81,103.0,80.0,21.0
2018,72053,479,267,55.7,60,118,30.0,95.0,9.0
2018,72054,54,37,68.5,8,15,4.0,8.0,6.0
2018,72055,98,61,62.2,12,23,,25.0,7.0
2018,72057,420,245,58.3,52,115,30.0,92.0,13.0
2018,72059,96,62,64.6,18,18,4.0,19.0,7.0
2018,72061,2098,1096,52.2,203,273,347.0,272.0,97.0
2018,72063,330,190,57.6,28,56,27.0,58.0,33.0
2018,72065,472,257,54.4,64,150,21.0,63.0,17.0
2018,72067,162,81,50.0,23,39,12.0,27.0,11.0
2018,72069,744,437,58.7,77,151,78.0,160.0,36.0
2018,72071,421,261,62.0,61,107,40.0,76.0,14.0
2018,72073,89,53,59.6,12,33,3.0,11.0,6.0
2018,72075,266,146,54.9,27,68,18.0,49.0,15.0
2018,72077,234,138,59.0,20,52,10.0,61.0,17.0
2018,72079,165,96,58.2,29,42,12.0,23.0,10.0
2018,72081,178,105,59.0,22,61,10.0,31.0,5.0
2018,72083,47,30,63.8,5,14,,9.0,3.0
2018,72085,266,156,58.6,34,44,16.0,54.0,20.0
2018,72087,82,50,61.0,14,25,4.0,21.0,
2018,72089,147,92,62.6,31,25,10.0,24.0,12.0
2018,72091,616,342,55.5,52,132,46.0,193.0,17.0
2018,72093,22,14,63.6,5,7,,5.0,
2018,72095,49,38,77.6,4,15,3.0,11.0,
2018,72097,1499,789,52.6,133,292,128.0,368.0,46.0
2018,72099,341,229,67.2,30,90,21.0,69.0,24.0
2018,72101,152,91,59.9,19,50,10.0,25.0,11.0
2018,72103,128,84,65.6,15,34,4.0,17.0,22.0
2018,72105,291,183,62.9,21,78,8.0,42.0,47.0
2018,72107,166,108,65.1,24,45,7.0,24.0,18.0
2018,72109,94,61,64.9,16,28,,16.0,
2018,72111,143,82,57.3,14,38,6.0,18.0,13.0
2018,72113,2269,1219,53.7,226,450,187.0,515.0,86.0
2018,72115,206,142,68.9,19,58,15.0,28.0,18.0
2018,72117,169,109,64.5,46,38,9.0,13.0,14.0
2018,72119,300,168,56.0,36,72,16.0,55.0,9.0
2018,72121,168,111,66.1,18,37,14.0,37.0,5.0
2018,72123,160,85,53.1,31,46,9.0,26.0,6.0
2018,72125,323,193,59.8,42,71,24.0,96.0,4.0
2018,72127,10787,6127,56.8,1054,1530,1925.0,1508.0,437.0
2018,72129,248,141,56.9,23,80,18.0,42.0,17.0
2018,72131,441,275,62.4,40,133,31.0,84.0,30.0
2018,72133,160,75,46.9,31,51,7.0,25.0,10.0
2018,72135,304,192,63.2,27,82,19.0,45.0,30.0
2018,72137,725,408,56.3,69,142,49.0,81.0,50.0
2018,72139,523,296,56.6,52,89,58.0,73.0,39.0
2018,72141,174,116,66.7,16,56,17.0,30.0,5.0
2018,72143,407,221,54.3,47,106,21.0,90.0,22.0
2018,72145,386,224,58.0,45,108,26.0,66.0,23.0
2018,72147,97,63,64.9,27,19,4.0,8.0,7.0
2018,72149,113,72,63.7,11,37,4.0,25.0,7.0
2018,72151,167,111,66.5,19,49,10.0,32.0,8.0
2018,72153,394,226,57.4,43,114,19.0,76.0,20.0
2019,72001,121,78,64.5,17,37,11.0,19.0,6.0
2019,72003,497,344,69.2,63,154,35.0,76.0,35.0
2019,72005,858,462,53.8,114,195,79.0,169.0,19.0
2019,72007,147,89,60.5,14,36,7.0,23.0,16.0
2019,72009,278,172,61.9,29,67,26.0,65.0,11.0
2019,72011,266,160,60.2,40,59,13.0,48.0,10.0
2019,72013,1006,584,58.1,100,224,66.0,248.0,49.0
2019,72015,80,50,62.5,10,19,,15.0,6.0
2019,72017,276,109,39.5,41,99,10.0,20.0,21.0
2019,72019,253,159,62.8,30,76,19.0,31.0,26.0
2019,72021,2954,1558,52.7,294,703,199.0,548.0,109.0
2019,72023,510,322,63.1,94,105,20.0,92.0,23.0
2019,72025,2381,1221,51.3,246,530,188.0,438.0,105.0
2019,72027,294,184,62.6,35,78,21.0,42.0,25.0
2019,72029,354,182,51.4,40,104,15.0,63.0,17.0
2019,72031,1926,953,49.5,249,429,131.0,236.0,76.0
2019,72033,324,122,37.7,27,47,16.0,30.0,15.0
2019,72035,471,263,55.8,58,108,30.0,100.0,21.0
2019,72037,90,54,60.0,7,13,6.0,13.0,6.0
2019,72039,107,63,58.9,13,33,8.0,16.0,6.0
2019,72041,341,199,58.4,41,84,22.0,56.0,19.0
2019,72043,255,149,58.4,39,74,15.0,45.0,9.0
2019,72045,108,71,65.7,15,35,,16.0,4.0
2019,72047,301,195,64.8,30,82,13.0,58.0,25.0
2019,72049,40,23,57.5,13,5,,,
2019,72051,598,381,63.7,69,85,117.0,81.0,25.0
2019,72053,477,268,56.2,60,110,34.0,96.0,9.0
2019,72054,52,33,63.5,7,17,4.0,6.0,5.0
2019,72055,94,49,52.1,12,25,,23.0,6.0
2019,72057,440,253,57.5,56,114,30.0,100.0,18.0
2019,72059,94,56,59.6,18,17,5.0,19.0,7.0
2019,72061,2158,1105,51.2,206,279,361.0,278.0,102.0
2019,72063,340,193,56.8,32,54,28.0,56.0,34.0
2019,72065,489,244,49.9,68,156,19.0,67.0,19.0
2019,72067,165,77,46.7,24,40,12.0,28.0,10.0
2019,72069,749,420,56.1,76,142,88.0,162.0,42.0
2019,72071,439,266,60.6,61,114,42.0,75.0,19.0
2019,72073,93,51,54.8,16,31,3.0,11.0,7.0
2019,72075,281,153,54.4,30,76,15.0,47.0,21.0
2019,72077,242,134,55.4,22,50,10.0,64.0,17.0
2019,72079,174,100,57.5,33,44,14.0,23.0,9.0
2019,72081,197,117,59.4,26,62,16.0,34.0,5.0
2019,72083,48,29,60.4,4,15,,10.0,3.0
2019,72085,273,156,57.1,37,45,14.0,51.0,23.0
2019,72087,82,49,59.8,14,27,5.0,20.0,
2019,72089,152,91,59.9,36,27,9.0,25.0,10.0
2019,72091,636,339,53.3,53,134,47.0,196.0,21.0
2019,72093,21,12,57.1,5,6,,5.0,
2019,72095,51,38,74.5,5,18,3.0,10.0,
2019,72097,1540,804,52.2,154,289,133.0,372.0,47.0
2019,72099,376,258,68.6,37,96,20.0,76.0,25.0
2019,72101,158,95,60.1,19,49,8.0,24.0,16.0
2019,72103,137,81,59.1,16,36,4.0,17.0,23.0
2019,72105,301,178,59.1,24,81,11.0,42.0,48.0
2019,72107,174,116,66.7,27,45,9.0,25.0,19.0
2019,72109,97,53,54.6,15,30,3.0,14.0,
2019,72111,144,81,56.2,13,42,6.0,19.0,12.0
2019,72113,2317,1220,52.7,249,459,193.0,524.0,81.0
2019,72115,217,140,64.5,26,59,14.0,30.0,16.0
2019,72117,183,116,63.4,51,41,15.0,12.0,14.0
2019,72119,326,179,54.9,39,77,22.0,58.0,7.0
2019,72121,171,107,62.6,19,37,15.0,37.0,7.0
2019,72123,159,81,50.9,29,49,10.0,27.0,
2019,72125,326,188,57.7,39,73,22.0,103.0,4.0
2019,72127,11156,6204,55.6,1108,1565,2057.0,1557.0,406.0
2019,72129,260,148,56.9,28,81,18.0,43.0,22.0
2019,72131,447,271,60.6,47,128,29.0,83.0,32.0
2019,72133,170,79,46.5,33,50,9.0,26.0,12.0
2019,72135,341,213,62.5,30,83,22.0,47.0,32.0
2019,72137,747,399,53.4,75,149,52.0,80.0,52.0
2019,72139,550,329,59.8,57,93,59.0,77.0,40.0
2019,72141,176,110,62.5,19,54,17.0,28.0,6.0
2019,72143,407,228,56.0,49,106,24.0,86.0,22.0
2019,72145,406,232,57.1,47,113,24.0,73.0,25.0
2019,72147,99,55,55.6,30,20,6.0,8.0,7.0
2019,72149,122,75,61.5,15,39,4.0,26.0,8.0
2019,72151,172,112,65.1,23,49,8.0,33.0,9.0
2019,72153,391,228,58.3,44,113,21.0,79.0,16.0
2020,72001,127,81,63.8,20,43,10.0,18.0,5.0
2020,72003,526,372,70.7,71,163,36.0,75.0,37.0
2020,72005,863,471,54.6,118,200,79.0,169.0,21.0
2020,72007,136,85,62.5,12,33,6.0,24.0,13.0
2020,72009,287,184,64.1,30,70,27.0,64.0,12.0
2020,72011,263,158,60.1,35,56,14.0,41.0,13.0
2020,72013,1041,622,59.8,109,231,71.0,250.0,53.0
2020,72015,80,48,60.0,13,21,,14.0,5.0
2020,72017,277,118,42.6,41,97,12.0,21.0,21.0
2020,72019,268,171,63.8,34,81,20.0,34.0,27.0
2020,72021,3007,1604,53.3,303,710,200.0,542.0,121.0
2020,72023,527,343,65.1,104,107,21.0,95.0,23.0
2020,72025,2391,1250,52.3,251,522,203.0,436.0,102.0
2020,72027,303,196,64.7,35,80,21.0,40.0,30.0
2020,72029,368,200,54.3,40,102,18.0,67.0,19.0
2020,72031,1943,980,50.4,250,421,137.0,242.0,75.0
2020,72033,321,128,39.9,28,47,17.0,28.0,16.0
2020,72035,488,274,56.1,59,114,29.0,101.0,25.0
2020,72037,86,51,59.3,6,14,6.0,12.0,4.0
2020,72039,102,58,56.9,10,32,7.0,15.0,8.0
2020,72041,365,220,60.3,45,89,23.0,64.0,23.0
2020,72043,260,157,60.4,43,66,16.0,45.0,13.0
2020,72045,110,71,64.5,11,37,,18.0,5.0
2020,72047,303,195,64.4,32,85,14.0,57.0,25.0
2020,72049,41,26,63.4,13,6,,,
2020,72051,622,387,62.2,73,90,125.0,87.0,24.0
2020,72053,475,261,54.9,63,111,32.0,94.0,10.0
2020,72054,58,38,65.5,10,18,4.0,6.0,5.0
2020,72055,88,50,56.8,13,22,,19.0,5.0
2020,72057,451,270,59.9,58,116,32.0,95.0,17.0
2020,72059,91,61,67.0,14,18,4.0,16.0,8.0
2020,72061,2188,1131,51.7,203,285,377.0,283.0,103.0
2020,72063,347,200,57.6,36,50,33.0,59.0,35.0
2020,72065,500,258,51.6,72,158,22.0,65.0,22.0
2020,72067,175,94,53.7,22,41,12.0,32.0,10.0
2020,72069,750,414,55.2,76,143,89.0,158.0,39.0
2020,72071,453,273,60.3,71,117,43.0,78.0,17.0
2020,72073,96,53,55.2,17,32,4.0,11.0,8.0
2020,72075,284,159,56.0,29,76,16.0,47.0,24.0
2020,72077,256,145,56.6,23,51,13.0,66.0,23.0
2020,72079,175,105,60.0,33,44,12.0,25.0,10.0
2020,72081,197,121,61.4,29,61,14.0,35.0,6.0
2020,72083,51,33,64.7,4,14,,12.0,4.0
2020,72085,285,174,61.1,37,53,17.0,53.0,22.0
2020,72087,85,46,54.1,16,25,5.0,18.0,
2020,72089,155,95,61.3,42,25,7.0,26.0,11.0
2020,72091,633,336,53.1,52,136,50.0,193.0,20.0
2020,72093,20,12,60.0,4,6,,5.0,
2020,72095,50,37,74.0,7,18,3.0,10.0,
2020,72097,1536,800,52.1,151,276,137.0,384.0,50.0
2020,72099,382,254,66.5,42,94,23.0,74.0,31.0
2020,72101,167,103,61.7,23,53,8.0,25.0,14.0
2020,72103,153,102,66.7,20,39,6.0,18.0,22.0
2020,72105,308,172,55.8,28,80,14.0,40.0,52.0
2020,72107,191,128,67.0,31,47,11.0,26.0,24.0
2020,72109,96,54,56.2,17,30,4.0,12.0,3.0
2020,72111,139,79,56.8,14,45,5.0,19.0,7.0
2020,72113,2296,1248,54.4,237,460,200.0,513.0,86.0
2020,72115,212,126,59.4,22,58,15.0,30.0,18.0
2020,72117,188,117,62.2,55,40,20.0,11.0,13.0
2020,72119,330,175,53.0,43,74,31.0,56.0,10.0
2020,72121,177,119,67.2,19,38,18.0,38.0,6.0
2020,72123,173,91,52.6,33,51,12.0,29.0,4.0
2020,72125,331,195,58.9,35,75,24.0,105.0,5.0
2020,72127,11308,6332,56.0,1109,1571,2194.0,1553.0,433.0
2020,72129,272,159,58.5,30,82,17.0,44.0,23.0
2020,72131,457,284,62.1,52,131,31.0,84.0,34.0
2020,72133,170,76,44.7,34,48,9.0,24.0,13.0
2020,72135,374,236,63.1,33,92,30.0,45.0,37.0
2020,72137,746,405,54.3,78,141,51.0,87.0,55.0
2020,72139,558,329,59.0,56,94,63.0,79.0,48.0
2020,72141,189,126,66.7,22,55,21.0,28.0,7.0
2020,72143,409,226,55.3,49,107,33.0,81.0,19.0
2020,72145,434,249,57.4,49,116,30.0,79.0,25.0
2020,72147,105,61,58.1,34,20,6.0,7.0,9.0
2020,72149,121,79,65.3,15,36,6.0,26.0,7.0
2020,72151,173,108,62.4,24,47,10.0,33.0,10.0
2020,72153,387,235,60.7,43,107,21.0,80.0,15.0
2021,72001,147,99,67.3,23,50,9.0,21.0,9.0
2021,72003,548,389,71.0,73,169,36.0,83.0,40.0
2021,72005,914,503,55.0,125,210,88.0,178.0,26.0
2021,72007,143,89,62.2,16,35,6.0,23.0,15.0
2021,72009,289,179,61.9,29,74,27.0,60.0,13.0
2021,72011,265,164,61.9,42,55,15.0,43.0,14.0
2021,72013,1068,622,58.2,113,248,67.0,253.0,55.0
2021,72015,88,54,61.4,14,22,,16.0,5.0
2021,72017,298,130,43.6,46,100,14.0,25.0,21.0
2021,72019,280,187,66.8,43,78,18.0,35.0,34.0
2021,72021,3043,1648,54.2,290,721,203.0,552.0,134.0
2021,72023,569,371,65.2,119,117,29.0,99.0,22.0
2021,72025,2444,1307,53.5,260,527,222.0,448.0,110.0
2021,72027,333,226,67.9,42,89,25.0,40.0,33.0
2021,72029,369,190,51.5,44,97,20.0,68.0,17.0
2021,72031,1981,1001,50.5,250,414,156.0,231.0,87.0
2021,72033,325,124,38.2,27,47,18.0,28.0,18.0
2021,72035,504,295,58.5,57,121,34.0,103.0,26.0
2021,72037,81,43,53.1,7,12,5.0,12.0,6.0
2021,72039,113,67,59.3,13,33,8.0,17.0,10.0
2021,72041,380,241,63.4,43,95,23.0,62.0,21.0
2021,72043,274,163,59.5,44,71,17.0,47.0,14.0
2021,72045,120,79,65.8,12,39,,19.0,8.0
2021,72047,322,212,65.8,38,88,16.0,53.0,34.0
2021,72049,47,35,74.5,11,8,3.0,,
2021,72051,675,434,64.3,79,87,153.0,92.0,25.0
2021,72053,495,289,58.4,64,110,33.0,92.0,12.0
2021,72054,54,30,55.6,9,17,,8.0,5.0
2021,72055,89,51,57.3,14,22,,19.0,5.0
2021,72057,458,276,60.3,61,120,29.0,95.0,21.0
2021,72059,108,69,63.9,21,20,5.0,20.0,10.0
2021,72061,2267,1213,53.5,204,284,381.0,283.0,126.0
2021,72063,380,228,60.0,38,55,49.0,61.0,37.0
2021,72065,516,272,52.7,71,164,27.0,66.0,24.0
2021,72067,180,97,53.9,23,39,11.0,36.0,11.0
2021,72069,778,450,57.8,75,152,103.0,161.0,42.0
2021,72071,481,304,63.2,78,120,48.0,82.0,24.0
2021,72073,106,61,57.5,20,35,7.0,12.0,8.0
2021,72075,310,192,61.9,33,83,17.0,53.0,28.0
2021,72077,263,146,55.5,24,51,16.0,64.0,28.0
2021,72079,178,103,57.9,30,46,10.0,25.0,14.0
2021,72081,206,124,60.2,28,67,14.0,35.0,9.0
2021,72083,57,37,64.9,5,18,,11.0,6.0
2021,72085,290,169,58.3,42,56,19.0,51.0,23.0
2021,72087,86,48,55.8,16,23,5.0,18.0,
2021,72089,158,93,58.9,40,23,9.0,24.0,12.0
2021,72091,638,334,52.4,48,135,49.0,195.0,25.0
2021,72093,24,15,62.5,4,6,,6.0,
2021,72095,49,37,75.5,8,18,3.0,8.0,
2021,72097,1562,827,52.9,155,286,137.0,388.0,52.0
2021,72099,414,268,64.7,48,102,24.0,74.0,37.0
2021,72101,178,113,63.5,24,55,9.0,28.0,16.0
2021,72103,159,101,63.5,26,39,7.0,20.0,23.0
2021,72105,330,198,60.0,29,85,15.0,41.0,58.0
2021,72107,196,122,62.2,27,51,10.0,26.0,28.0
2021,72109,102,56,54.9,18,30,4.0,12.0,3.0
2021,72111,154,93,60.4,15,49,6.0,19.0,13.0
2021,72113,2330,1253,53.8,228,472,201.0,508.0,93.0
2021,72115,214,128,59.8,20,61,12.0,30.0,19.0
2021,72117,210,135,64.3,57,45,26.0,13.0,14.0
2021,72119,368,220,59.8,50,87,37.0,60.0,10.0
2021,72121,181,118,65.2,21,40,16.0,39.0,6.0
2021,72123,187,101,54.0,33,55,12.0,31.0,3.0
2021,72125,336,201,59.8,35,75,23.0,110.0,7.0
2021,72127,11651,6811,58.5,1115,1614,2410.0,1570.0,448.0
2021,72129,288,168,58.3,33,87,16.0,44.0,24.0
2021,72131,484,300,62.0,53,139,34.0,86.0,31.0
2021,72133,182,82,45.1,37,49,10.0,24.0,11.0
2021,72135,386,231,59.8,35,96,36.0,44.0,38.0
2021,72137,777,422,54.3,87,150,52.0,88.0,56.0
2021,72139,587,358,61.0,63,97,66.0,81.0,50.0
2021,72141,210,151,71.9,22,58,25.0,32.0,11.0
2021,72143,412,227,55.1,46,107,28.0,82.0,22.0
2021,72145,448,262,58.5,53,122,30.0,81.0,26.0
2021,72147,111,71,64.0,37,24,6.0,7.0,7.0
2021,72149,138,95,68.8,16,42,6.0,26.0,11.0
2021,72151,177,111,62.7,22,53,10.0,30.0,12.0
2021,72153,406,246,60.6,52,113,23.0,79.0,14.0
2022,72001,154,95,61.7,24,51,9.0,20.0,11.0
2022,72003,581,386,66.4,88,178,35.0,88.0,44.0
2022,72005,967,487,50.4,140,223,95.0,184.0,25.0
2022,72007,159,89,56.0,16,35,6.0,31.0,15.0
2022,72009,312,191,61.2,35,79,34.0,65.0,15.0
2022,72011,301,183,60.8,46,60,17.0,54.0,18.0
2022,72013,1130,645,57.1,122,254,74.0,275.0,62.0
2022,72015,96,56,58.3,15,22,,21.0,5.0
2022,72017,312,133,42.6,46,105,11.0,32.0,27.0
2022,72019,317,196,61.8,45,88,26.0,36.0,39.0
2022,72021,3122,1663,53.3,316,723,212.0,580.0,140.0
2022,72023,617,389,63.0,126,120,36.0,104.0,28.0
2022,72025,2472,1286,52.0,269,536,233.0,451.0,117.0
2022,72027,348,214,61.5,44,94,27.0,46.0,31.0
2022,72029,399,211,52.9,49,99,22.0,71.0,23.0
2022,72031,2009,1011,50.3,253,447,163.0,233.0,92.0
2022,72033,304,114,37.5,31,44,18.0,19.0,16.0
2022,72035,523,291,55.6,63,132,28.0,114.0,27.0
2022,72037,91,52,57.1,8,15,6.0,13.0,6.0
2022,72039,119,68,57.1,14,34,8.0,19.0,11.0
2022,72041,412,240,58.3,49,106,19.0,67.0,21.0
2022,72043,289,172,59.5,54,72,17.0,44.0,16.0
2022,72045,110,66,60.0,8,36,3.0,17.0,9.0
2022,72047,339,219,64.6,45,90,16.0,65.0,31.0
2022,72049,52,33,63.5,16,9,3.0,,
2022,72051,740,461,62.3,84,106,165.0,98.0,27.0
2022,72053,512,281,54.9,65,120,32.0,91.0,13.0
2022,72054,62,36,58.1,9,19,4.0,9.0,6.0
2022,72055,82,40,48.8,13,20,,18.0,6.0
2022,72057,466,260,55.8,67,121,27.0,96.0,22.0
2022,72059,107,62,57.9,20,20,7.0,19.0,11.0
2022,72061,2413,1233,51.1,245,318,400.0,308.0,129.0
2022,72063,403,233,57.8,47,61,45.0,64.0,40.0
2022,72065,539,286,53.1,80,164,26.0,71.0,29.0
2022,72067,199,97,48.7,23,42,14.0,41.0,9.0
2022,72069,793,446,56.2,81,150,120.0,163.0,38.0
2022,72071,533,308,57.8,91,134,50.0,88.0,28.0
2022,72073,113,55,48.7,23,34,7.0,13.0,8.0
2022,72075,331,190,57.4,32,89,22.0,61.0,29.0
2022,72077,297,163,54.9,31,60,19.0,68.0,35.0
2022,72079,199,108,54.3,39,47,12.0,31.0,15.0
2022,72081,218,134,61.5,29,68,15.0,39.0,12.0
2022,72083,61,37,60.7,5,19,3.0,11.0,5.0
2022,72085,290,157,54.1,42,55,16.0,54.0,22.0
2022,72087,94,39,41.5,20,22,5.0,18.0,
2022,72089,160,90,56.2,38,23,11.0,29.0,10.0
2022,72091,649,338,52.1,57,139,47.0,193.0,25.0
2022,72093,25,14,56.0,4,7,,5.0,
2022,72095,55,41,74.5,8,18,3.0,11.0,
2022,72097,1608,820,51.0,166,312,134.0,398.0,56.0
2022,72099,450,287,63.8,52,105,29.0,76.0,44.0
2022,72101,205,124,60.5,31,60,11.0,28.0,21.0
2022,72103,167,95,56.9,27,42,6.0,24.0,23.0
2022,72105,353,202,57.2,38,85,17.0,41.0,67.0
2022,72107,203,122,60.1,30,53,9.0,22.0,32.0
2022,72109,106,55,51.9,18,30,4.0,12.0,5.0
2022,72111,161,94,58.4,18,48,7.0,20.0,10.0
2022,72113,2445,1272,52.0,253,499,219.0,525.0,101.0
2022,72115,244,141,57.8,28,66,16.0,36.0,20.0
2022,72117,241,149,61.8,63,48,34.0,15.0,20.0
2022,72119,398,224,56.3,55,89,40.0,62.0,12.0
2022,72121,187,112,59.9,23,40,16.0,44.0,6.0
2022,72123,194,103,53.1,34,58,11.0,31.0,4.0
2022,72125,381,212,55.6,41,83,31.0,123.0,8.0
2022,72127,12182,6903,56.7,1191,1637,2596.0,1618.0,467.0
2022,72129,291,169,58.1,33,88,18.0,42.0,27.0
2022,72131,520,319,61.3,61,149,42.0,91.0,33.0
2022,72133,191,83,43.5,36,51,10.0,21.0,14.0
2022,72135,420,245,58.3,44,100,35.0,54.0,48.0
2022,72137,820,451,55.0,94,164,63.0,92.0,53.0
2022,72139,597,351,58.8,56,103,59.0,85.0,53.0
2022,72141,228,151,66.2,25,61,28.0,33.0,15.0
2022,72143,440,243,55.2,43,122,37.0,85.0,24.0
2022,72145,438,236,53.9,50,121,29.0,76.0,25.0
2022,72147,130,72,55.4,43,27,5.0,10.0,6.0
2022,72149,155,99,63.9,20,47,7.0,30.0,13.0
2022,72151,185,114,61.6,23,54,8.0,32.0,16.0
2022,72153,437,263,60.2,55,118,24.0,85.0,15.0
