municipio,region,year,total_population,policy_package,predicted_target,policy_intensity,baseline_predicted_target,delta_vs_baseline_target_units,approx_retained_residents
Adjuntas,Central Mountains,2024,17960.0,baseline,-0.9024586516057509,1.0,-0.9024586516057509,0.0,0.0
Aguada,West,2024,37758.0,baseline,-1.1391544878557884,1.0,-1.1391544878557884,0.0,0.0
Aguadilla,West,2024,54137.0,baseline,-1.3760643177940752,1.0,-1.3760643177940752,0.0,0.0
Aguas Buenas,Central Mountains,2024,23614.0,baseline,-1.7346220298719508,1.0,-1.7346220298719508,0.0,0.0
Aibonito,Central Mountains,2024,24636.0,baseline,-0.7656238152337702,1.0,-0.7656238152337702,0.0,0.0
Anasco,West,2024,25094.0,baseline,-1.477242760984962,1.0,-1.477242760984962,0.0,0.0
Arecibo,North,2024,86467.0,baseline,-1.273984422852209,1.0,-1.273984422852209,0.0,0.0
Arroyo,South,2024,15341.0,baseline,-2.0295442787536384,1.0,-2.0295442787536384,0.0,0.0
Barceloneta,North,2024,22494.0,baseline,-1.0283393624654158,1.0,-1.0283393624654158,0.0,0.0
Barranquitas,Central Mountains,2024,29054.0,baseline,-0.6799285095950736,1.0,-0.6799285095950736,0.0,0.0
Bayamon,Metro,2024,182469.0,baseline,-1.3358704247787252,1.0,-1.3358704247787252,0.0,0.0
Cabo Rojo,West,2024,46876.0,baseline,-0.9788287345264305,1.0,-0.9788287345264305,0.0,0.0
Caguas,East,2024,125586.0,baseline,-1.278250073485681,1.0,-1.278250073485681,0.0,0.0
Camuy,North,2024,32734.0,baseline,-0.9203640320056288,1.0,-0.9203640320056288,0.0,0.0
Canovanas,East,2024,41816.0,baseline,-1.2496836437807302,1.0,-1.2496836437807302,0.0,0.0
Carolina,Metro,2024,152204.0,baseline,-1.4178011023703043,1.0,-1.4178011023703043,0.0,0.0
Catano,Metro,2024,22467.0,baseline,-1.9630459682404542,1.0,-1.9630459682404542,0.0,0.0
Cayey,Central Mountains,2024,40917.0,baseline,-1.4614547668226348,1.0,-1.4614547668226348,0.0,0.0
Ceiba,East,2024,10995.0,baseline,-1.8833568342914937,1.0,-1.8833568342914937,0.0,0.0
Ciales,Central Mountains,2024,16805.0,baseline,-1.1775290623320578,1.0,-1.1775290623320578,0.0,0.0
Cidra,Central Mountains,2024,39643.0,baseline,-1.0784940265940748,1.0,-1.0784940265940748,0.0,0.0
Coamo,South,2024,33998.0,baseline,-1.5469007042723855,1.0,-1.5469007042723855,0.0,0.0
Comerio,Central Mountains,2024,18711.0,baseline,-1.1059559658577043,1.0,-1.1059559658577043,0.0,0.0
Corozal,Central Mountains,2024,34444.0,baseline,-0.9313554506131083,1.0,-0.9313554506131083,0.0,0.0
Culebra,East,2024,1387.0,baseline,1.4907431601625067,1.0,1.4907431601625067,0.0,0.0
Dorado,North,2024,35810.0,baseline,-0.838082016899833,1.0,-0.838082016899833,0.0,0.0
Fajardo,East,2024,31489.0,baseline,-1.5464562393304762,1.0,-1.5464562393304762,0.0,0.0
Florida,North,2024,11532.0,baseline,-1.1905429166537786,1.0,-1.1905429166537786,0.0,0.0
Guanica,West,2024,12855.0,baseline,-3.4263361198052333,1.0,-3.4263361198052333,0.0,0.0
Guayama,South,2024,35298.0,baseline,-2.1499898151602332,1.0,-2.1499898151602332,0.0,0.0
Guayanilla,South,2024,17141.0,baseline,-2.1114748521621767,1.0,-2.1114748521621767,0.0,0.0
Guaynabo,Metro,2024,89378.0,baseline,-0.9837144022615913,1.0,-0.9837144022615913,0.0,0.0
Gurabo,East,2024,40228.0,baseline,-1.1498434221189198,1.0,-1.1498434221189198,0.0,0.0
Hatillo,North,2024,38157.0,baseline,-1.0728096985499167,1.0,-1.0728096985499167,0.0,0.0
Hormigueros,West,2024,15441.0,baseline,-1.1986229050748753,1.0,-1.1986229050748753,0.0,0.0
Humacao,East,2024,50100.0,baseline,-1.3932848942068388,1.0,-1.3932848942068388,0.0,0.0
Isabela,West,2024,42890.0,baseline,-0.8327453698977545,1.0,-0.8327453698977545,0.0,0.0
Jayuya,Central Mountains,2024,14566.0,baseline,-1.3553110300875235,1.0,-1.3553110300875235,0.0,0.0
Juana Diaz,South,2024,46156.0,baseline,-1.0681604756842442,1.0,-1.0681604756842442,0.0,0.0
Juncos,East,2024,36829.0,baseline,-0.9798057799972995,1.0,-0.9798057799972995,0.0,0.0
Lajas,West,2024,23035.0,baseline,-1.2148160105256196,1.0,-1.2148160105256196,0.0,0.0
Lares,Central Mountains,2024,27855.0,baseline,-1.142883395238585,1.0,-1.142883395238585,0.0,0.0
Las Marias,West,2024,8744.0,baseline,-1.3315440002665724,1.0,-1.3315440002665724,0.0,0.0
Las Piedras,East,2024,34951.0,baseline,-1.0336643229055134,1.0,-1.0336643229055134,0.0,0.0
Loiza,East,2024,22768.0,baseline,-2.323109927855284,1.0,-2.323109927855284,0.0,0.0
Luquillo,East,2024,17532.0,baseline,-1.2925330035264722,1.0,-1.2925330035264722,0.0,0.0
Manati,North,2024,38943.0,baseline,-1.2953335888846096,1.0,-1.2953335888846096,0.0,0.0
Maricao,West,2024,4988.0,baseline,-2.685215190317521,1.0,-2.685215190317521,0.0,0.0
Maunabo,East,2024,10399.0,baseline,-1.5035608226914126,1.0,-1.5035608226914126,0.0,0.0
Mayaguez,West,2024,70828.0,baseline,-1.9765588193128631,1.0,-1.9765588193128631,0.0,0.0
Moca,West,2024,37424.0,baseline,-0.8667815545404485,1.0,-0.8667815545404485,0.0,0.0
Morovis,Central Mountains,2024,28397.0,baseline,-1.2445870388346936,1.0,-1.2445870388346936,0.0,0.0
Naguabo,East,2024,23054.0,baseline,-1.3260455684174184,1.0,-1.3260455684174184,0.0,0.0
Naranjito,Central Mountains,2024,29310.0,baseline,-0.6786135072021733,1.0,-0.6786135072021733,0.0,0.0
Orocovis,Central Mountains,2024,21309.0,baseline,-1.0278576076846007,1.0,-1.0278576076846007,0.0,0.0
Patillas,South,2024,15563.0,baseline,-1.8148278888051819,1.0,-1.8148278888051819,0.0,0.0
Penuelas,South,2024,19853.0,baseline,-1.8197647238954164,1.0,-1.8197647238954164,0.0,0.0
Ponce,South,2024,132760.0,baseline,-2.054907378593648,1.0,-2.054907378593648,0.0,0.0
Quebradillas,North,2024,23409.0,baseline,-1.1203009645218918,1.0,-1.1203009645218918,0.0,0.0
Rincon,West,2024,15378.0,baseline,-0.3307740160937047,1.0,-0.3307740160937047,0.0,0.0
Rio Grande,East,2024,46051.0,baseline,-1.5805156875625228,1.0,-1.5805156875625228,0.0,0.0
Sabana Grande,West,2024,22407.0,baseline,-1.3041434464661499,1.0,-1.3041434464661499,0.0,0.0
Salinas,South,2024,25079.0,baseline,-1.815781695718441,1.0,-1.815781695718441,0.0,0.0
San German,West,2024,31305.0,baseline,-1.3963823830731406,1.0,-1.3963823830731406,0.0,0.0
San Juan,Metro,2024,336160.0,baseline,-1.4888506248455833,1.0,-1.4888506248455833,0.0,0.0
San Lorenzo,East,2024,37431.0,baseline,-1.0384560936100977,1.0,-1.0384560936100977,0.0,0.0
San Sebastian,West,2024,39088.0,baseline,-1.0236473525625656,1.0,-1.0236473525625656,0.0,0.0
Santa Isabel,South,2024,19903.0,baseline,-1.470723623470502,1.0,-1.470723623470502,0.0,0.0
Toa Alta,Metro,2024,66320.0,baseline,-1.09876358006459,1.0,-1.09876358006459,0.0,0.0
Toa Baja,Metro,2024,73039.0,baseline,-1.8860764228402098,1.0,-1.8860764228402098,0.0,0.0
Trujillo Alto,Metro,2024,67088.0,baseline,-1.1467507200370048,1.0,-1.1467507200370048,0.0,0.0
Utuado,Central Mountains,2024,27621.0,baseline,-1.6748839010144003,1.0,-1.6748839010144003,0.0,0.0
Vega Alta,North,2024,34921.0,baseline,-1.2832096920172082,1.0,-1.2832096920172082,0.0,0.0
Vega Baja,North,2024,53892.0,baseline,-1.1420855070381195,1.0,-1.1420855070381195,0.0,0.0
Vieques,East,2024,8078.0,baseline,-1.4598258951146998,1.0,-1.4598258951146998,0.0,0.0
Villalba,South,2024,21556.0,baseline,-1.7163131356215915,1.0,-1.7163131356215915,0.0,0.0
Yabucoa,East,2024,29400.0,baseline,-2.096246676660821,1.0,-2.096246676660821,0.0,0.0
Yauco,South,2024,32993.0,baseline,-2.09862845501653,1.0,-2.09862845501653,0.0,0.0
Adjuntas,Central Mountains,2024,17960.0,jobs_push,-0.6194688641252764,0.9603829423378808,-0.9024586516057509,0.28298978748047454,50.82496583149323
Aguada,West,2024,37758.0,jobs_push,-0.8346428030721134,1.033421843284676,-1.1391544878557884,0.3045116847836751,114.97752194062004
Aguadilla,West,2024,54137.0,jobs_push,-1.1131182109709805,0.8923606678367416,-1.3760643177940752,0.2629461068230947,142.35113385081877
Aguas Buenas,Central Mountains,2024,23614.0,jobs_push,-1.4127548112279533,1.0923213492457222,-1.7346220298719508,0.3218672186439975,76.00572501059357
Aibonito,Central Mountains,2024,24636.0,jobs_push,-0.3596788431524971,1.3776561698064151,-0.7656238152337702,0.4059449720812731,100.00860332194245
Anasco,West,2024,25094.0,jobs_push,-1.196728261917686,0.951982551671604,-1.477242760984962,0.2805144990672761,70.39230839594227
Arecibo,North,2024,86467.0,jobs_push,-0.9829588439223376,0.9876540219937753,-1.273984422852209,0.29102557892987146,251.64108733329195
Arroyo,South,2024,15341.0,jobs_push,-1.784169160987852,0.832729971192581,-2.0295442787536384,0.24537511776578635,37.64299681644928
Barceloneta,North,2024,22494.0,jobs_push,-0.7797379738414443,0.8436789723107785,-1.0283393624654158,0.24860138862397152,55.92039635707616
Barranquitas,Central Mountains,2024,29054.0,jobs_push,-0.4090149613841456,0.9193997877678121,-0.6799285095950736,0.27091354821092795,78.711222297203
Bayamon,Metro,2024,182469.0,jobs_push,-1.0177019070803113,1.079769061304262,-1.3358704247787252,0.3181685176984139,580.5589125591189
Cabo Rojo,West,2024,46876.0,jobs_push,-0.7366422416786228,0.8219087291682488,-0.9788287345264305,0.2421864928478077,113.52734038733833
Caguas,East,2024,125586.0,jobs_push,-0.9647267969806539,1.0640044980495489,-1.278250073485681,0.3135232765050271,393.7413420316033
Camuy,North,2024,32734.0,jobs_push,-0.6715525366569224,0.8443920118741594,-0.9203640320056288,0.2488114953487064,81.44595488744555
Canovanas,East,2024,41816.0,jobs_push,-0.9869498562897802,0.8916401193436845,-1.2496836437807302,0.26273378749095,109.86476057721565
Carolina,Metro,2024,152204.0,jobs_push,-1.1230314050836356,1.0003604430840083,-1.4178011023703043,0.2947696972866687,448.65127005820125
Catano,Metro,2024,22467.0,jobs_push,-1.6544671351250773,1.0472245317721336,-1.9630459682404542,0.3085788331153769,69.32840643603173
Cayey,Central Mountains,2024,40917.0,jobs_push,-1.1819677066079273,0.9484957306202616,-1.4614547668226348,0.2794870602147075,114.35772042805186
Ceiba,East,2024,10995.0,jobs_push,-1.6049999391903826,0.9446602872751609,-1.8833568342914937,0.27835689510111106,30.60534061636716
Ciales,Central Mountains,2024,16805.0,jobs_push,-0.9009287427809538,0.9386989937239897,-1.1775290623320578,0.276600319551104,46.48268370056302
Cidra,Central Mountains,2024,39643.0,jobs_push,-0.8158692380118575,0.891270209554317,-1.0784940265940748,0.2626247885822173,104.11234493764839
Coamo,South,2024,33998.0,jobs_push,-1.244536752331353,1.026133078537592,-1.5469007042723855,0.3023639519410324,102.79769638091219
Comerio,Central Mountains,2024,18711.0,jobs_push,-0.7155063488671639,1.3250695558260954,-1.1059559658577043,0.39044961699054037,73.05702783510002
Corozal,Central Mountains,2024,34444.0,jobs_push,-0.6313604491975202,1.0180935669490832,-0.9313554506131083,0.2999950014155881,103.33027828758516
Culebra,East,2024,1387.0,jobs_push,1.7262686556325264,0.79930329058497,1.4907431601625067,0.23552549547001966,3.2667386221691728
Dorado,North,2024,35810.0,jobs_push,-0.5817649745590187,0.8698635999774333,-0.838082016899833,0.2563170423408143,91.78713286224561
Fajardo,East,2024,31489.0,jobs_push,-1.2241292389603375,1.0938817113030117,-1.5464562393304762,0.3223270003701386,101.49754914655296
Florida,North,2024,11532.0,jobs_push,-0.8785093780951667,1.0589487717456827,-1.1905429166537786,0.31203353855861193,35.98370766657913
Guanica,West,2024,12855.0,jobs_push,-3.13621940879934,0.9845695953125282,-3.4263361198052333,0.29011671100589354,37.294503199807615
Guayama,South,2024,35298.0,jobs_push,-1.8297006725171474,1.086965829930057,-2.1499898151602332,0.32028914264308583,113.05566157015643
Guayanilla,South,2024,17141.0,jobs_push,-1.813265421022186,1.0120338739463899,-2.1114748521621767,0.29820943113999077,51.11607859170582
Guaynabo,Metro,2024,89378.0,jobs_push,-0.6915998981801963,0.9913495092066452,-0.9837144022615913,0.29211450408139505,261.0861014578693
Gurabo,East,2024,40228.0,jobs_push,-0.8580593155538849,0.9902282385709497,-1.1498434221189198,0.29178410656503484,117.37891038898222
Hatillo,North,2024,38157.0,jobs_push,-0.8139371686136117,0.8785361627505136,-1.0728096985499167,0.25887252993630505,98.77799124779591
Hormigueros,West,2024,15441.0,jobs_push,-0.9570514868474644,0.8198213493410351,-1.1986229050748753,0.2415714182274109,37.30104268849452
Humacao,East,2024,50100.0,jobs_push,-1.0800631245187704,1.062981273831517,-1.3932848942068388,0.31322176968806836,156.92410661372224
Isabela,West,2024,42890.0,jobs_push,-0.5894895654752095,0.8255376537508811,-0.8327453698977545,0.24325580442254502,104.33241451682956
Jayuya,Central Mountains,2024,14566.0,jobs_push,-1.0879148298468884,0.9074629577393799,-1.3553110300875235,0.26739620024063515,38.94893052705091
Juana Diaz,South,2024,46156.0,jobs_push,-0.7657021896832059,1.026453220203896,-1.0681604756842442,0.3024582860010383,139.60264648663923
Juncos,East,2024,36829.0,jobs_push,-0.7425081738985553,0.8053173055602633,-0.9798057799972995,0.23729760609874417,87.3943353501065
Lajas,West,2024,23035.0,jobs_push,-0.9570624869722033,0.8747385888095557,-1.2148160105256196,0.2577535235534163,59.37352415052945
Lares,Central Mountains,2024,27855.0,jobs_push,-0.7431680269698424,1.3565147523286187,-1.142883395238585,0.39971536826874265,111.34071583125827
Las Marias,West,2024,8744.0,jobs_push,-0.8933646133052371,1.4870501606026023,-1.3315440002665724,0.4381793869613353,38.31440559589916
Las Piedras,East,2024,34951.0,jobs_push,-0.7108983499717564,1.0953714532686378,-1.0336643229055134,0.322765972933757,112.8099352000774
Loiza,East,2024,22768.0,jobs_push,-2.0519519380815106,0.9202293495320184,-2.323109927855284,0.27115798977377326,61.7372511116927
Luquillo,East,2024,17532.0,jobs_push,-0.9719685179615932,1.0879002616907831,-1.2925330035264722,0.32056448556487893,56.20136560923458
Manati,North,2024,38943.0,jobs_push,-0.9785483502369685,1.0750746247428473,-1.2953335888846096,0.3167852386476411,123.36567548655087
Maricao,West,2024,4988.0,jobs_push,-2.3483045752827696,1.1433741501864791,-2.685215190317521,0.3369106150347516,16.805101477933412
Maunabo,East,2024,10399.0,jobs_push,-0.9878997189182896,1.75,-1.5035608226914126,0.5156611037731229,53.62359818136705
Mayaguez,West,2024,70828.0,jobs_push,-1.6696870926060945,1.0414311217336298,-1.9765588193128631,0.30687172670676865,217.3511065918701
Moca,West,2024,37424.0,jobs_push,-0.6197685989446,0.8382883043335446,-0.8667815545404485,0.24701295559584846,92.44212850219033
Morovis,Central Mountains,2024,28397.0,jobs_push,-0.9842617767184276,0.8834663025193091,-1.2445870388346936,0.26032526211626594,73.92456468315604
Naguabo,East,2024,23054.0,jobs_push,-1.0576038499391895,0.9110111348316642,-1.3260455684174184,0.26844171847822884,61.88655377797088
Naranjito,Central Mountains,2024,29310.0,jobs_push,-0.3678745983890612,1.0545551844883765,-0.6786135072021733,0.31073890881311206,91.07757417312315
Orocovis,Central Mountains,2024,21309.0,jobs_push,-0.7729444027164829,0.8650993946025409,-1.0278576076846007,0.25491320496811776,54.319454846656214
Patillas,South,2024,15563.0,jobs_push,-1.554896312494324,0.8821302503051242,-1.8148278888051819,0.25993157631085784,40.45315122125881
Penuelas,South,2024,19853.0,jobs_push,-1.5361592905348531,0.9624722608501199,-1.8197647238954164,0.2836054333605633,56.30418668507264
Ponce,South,2024,132760.0,jobs_push,-1.7173499292798602,1.1455693128233944,-2.054907378593648,0.33755744931378784,448.14126970898474
Quebradillas,North,2024,23409.0,jobs_push,-0.896989675617127,0.7578519161594128,-1.1203009645218918,0.22331128890476482,52.2749396197164
Rincon,West,2024,15378.0,jobs_push,0.08719869275334813,1.418474721343658,-0.3307740160937047,0.41797270884705284,64.27584316649978
Rio Grande,East,2024,46051.0,jobs_push,-1.3039453046824474,0.9385973975905672,-1.5805156875625228,0.2765703828800754,127.36342702010353
Sabana Grande,West,2024,22407.0,jobs_push,-0.9882454065538198,1.0720637368255053,-1.3041434464661499,0.3158980399123301,70.78327380315581
Salinas,South,2024,25079.0,jobs_push,-1.502207950692191,1.0641757731592936,-1.815781695718441,0.3135737450262499,78.64115951513321
San German,West,2024,31305.0,jobs_push,-1.0715798830850984,1.1022828187350688,-1.3963823830731406,0.3248024999880421,101.67942262125658
San Juan,Metro,2024,336160.0,jobs_push,-1.1733878042743788,1.0705867321776896,-1.4888506248455833,0.31546282057120445,1060.4598176321608
San Lorenzo,East,2024,37431.0,jobs_push,-0.7541561592681523,0.9648291900591031,-1.0384560936100977,0.28429993434194545,106.41630842353361
San Sebastian,West,2024,39088.0,jobs_push,-0.7241067962161749,1.016551315913902,-1.0236473525625656,0.29954055634639065,117.08441266467719
Santa Isabel,South,2024,19903.0,jobs_push,-1.1962815809498446,0.9313744451481025,-1.470723623470502,0.2744420425206573,54.62219972288642
Toa Alta,Metro,2024,66320.0,jobs_push,-0.8245892720434231,0.9304658341036028,-1.09876358006459,0.27417430802116693,181.83240107963792
Toa Baja,Metro,2024,73039.0,jobs_push,-1.5967871167042076,0.9817616299420239,-1.8860764228402098,0.28928930613600223,211.29401630867466
Trujillo Alto,Metro,2024,67088.0,jobs_push,-0.8502478968897489,1.0062421553827188,-1.1467507200370048,0.29650282314725596,198.91781399303107
Utuado,Central Mountains,2024,27621.0,jobs_push,-1.4325383474534545,0.8224485337917794,-1.6748839010144003,0.24234555356094578,66.93826534906884
Vega Alta,North,2024,34921.0,jobs_push,-0.9760107829987736,1.042541480923467,-1.2832096920172082,0.3071989090184346,107.27693101832755
Vega Baja,North,2024,53892.0,jobs_push,-0.7778988817817616,1.2359407943226115,-1.1420855070381195,0.3641866252563579,196.26745608315642
Vieques,East,2024,8078.0,jobs_push,-1.2322136694871169,0.772448012723336,-1.4598258951146998,0.227612225627583,18.386515586196154
Villalba,South,2024,21556.0,jobs_push,-1.4670205659872801,0.8460246345281618,-1.7163131356215915,0.24929256963431135,53.737506310372154
Yabucoa,East,2024,29400.0,jobs_push,-1.8270501214341746,0.9135728256399583,-2.096246676660821,0.26919655522664643,79.14378723663405
Yauco,South,2024,32993.0,jobs_push,-1.8703296388809088,0.7747780961449371,-2.09862845501653,0.2282988161356212,75.3226284076255
Adjuntas,Central Mountains,2024,17960.0,public_safety,-0.7244408174144368,0.8816979928948929,-0.9024586516057509,0.17801783419131412,31.972003020760013
Aguada,West,2024,37758.0,public_safety,-0.9833294575696998,0.7717800695090886,-1.1391544878557884,0.15582503028608863,58.836414935421345
Aguadilla,West,2024,54137.0,public_safety,-1.1751549900530265,0.9950764305601701,-1.3760643177940752,0.20090932774104875,108.76628275917156
Aguas Buenas,Central Mountains,2024,23614.0,public_safety,-1.559173469188345,0.8689727325004195,-1.7346220298719508,0.17544856068360581,41.43042311982668
Aibonito,Central Mountains,2024,24636.0,public_safety,-0.6050816676557786,0.7951433064983189,-0.7656238152337702,0.16054214757799157,39.551163477314
Anasco,West,2024,25094.0,public_safety,-1.311902039640311,0.8189099862697099,-1.477242760984962,0.16534072134465116,41.490600614226764
Arecibo,North,2024,86467.0,public_safety,-1.080424877672091,0.958673962450022,-1.273984422852209,0.19355954518011798,167.3651319308926
Arroyo,South,2024,15341.0,public_safety,-1.7781337359628215,1.2452020438191278,-2.0295442787536384,0.25141054279081687,38.568891369539216
Barceloneta,North,2024,22494.0,public_safety,-0.7289993453519945,1.4825901768829846,-1.0283393624654158,0.2993400171134213,67.33354344949299
Barranquitas,Central Mountains,2024,29054.0,public_safety,-0.4994213891312398,0.894027087449895,-0.6799285095950736,0.18050712046383377,52.444538779562265
Bayamon,Metro,2024,182469.0,public_safety,-1.0975565131866645,1.1803362201555385,-1.3358704247787252,0.23831391159206072,434.84901134291727
Cabo Rojo,West,2024,46876.0,public_safety,-0.804698082948952,0.8624453088916058,-0.9788287345264305,0.17413065157747853,81.62548423345883
Caguas,East,2024,125586.0,public_safety,-1.0448940351475626,1.1557805518041815,-1.278250073485681,0.23335603833811835,293.06251430730936
Camuy,North,2024,32734.0,public_safety,-0.6994869431808579,1.0939740210746207,-0.9203640320056288,0.22087708882477086,72.30190625590049
Canovanas,East,2024,41816.0,public_safety,-1.0411965652654513,1.0326079940613628,-1.2496836437807302,0.2084870785152788,87.180956751949
Carolina,Metro,2024,152204.0,public_safety,-1.1834401843944973,1.1607575832554191,-1.4178011023703043,0.23436091797580705,356.7066915958973
Catano,Metro,2024,22467.0,public_safety,-1.7437398204473993,1.0861933649346778,-1.9630459682404542,0.2193061477930549,49.27151222466564
Cayey,Central Mountains,2024,40917.0,public_safety,-1.2625856889560008,0.9849713518895543,-1.4614547668226348,0.198869077866634,81.37126059069062
Ceiba,East,2024,10995.0,public_safety,-1.640744859500035,1.2016239395206199,-1.8833568342914937,0.2426119747914588,26.675186628320894
Ciales,Central Mountains,2024,16805.0,public_safety,-0.9965149943079588,0.8965379294024391,-1.1775290623320578,0.18101406802409903,30.41941413144984
Cidra,Central Mountains,2024,39643.0,public_safety,-0.8888712169428372,0.9391758496337459,-1.0784940265940748,0.18962280965123757,75.17217043004011
Coamo,South,2024,33998.0,public_safety,-1.3935815481314717,0.7593688174888394,-1.5469007042723855,0.15331915614091374,52.125446704787855
Comerio,Central Mountains,2024,18711.0,public_safety,-0.928303324706623,0.8798892416983886,-1.1059559658577043,0.17765264115108126,33.24058568577882
Corozal,Central Mountains,2024,34444.0,public_safety,-0.7679117192736802,0.8095144541437037,-0.9313554506131083,0.16344373133942813,56.296558822552626
Culebra,East,2024,1387.0,public_safety,1.844074133290783,1.75,1.4907431601625067,0.3533309731282763,4.900700597289193
Dorado,North,2024,35810.0,public_safety,-0.586651626339137,1.245300347109609,-0.838082016899833,0.25143039056069594,90.03722285978522
Fajardo,East,2024,31489.0,public_safety,-1.3355283945521699,1.0446967756433483,-1.5464562393304762,0.21092784477830628,66.41906904224086
Florida,North,2024,11532.0,public_safety,-0.9992166856288931,0.9476126627936304,-1.1905429166537786,0.19132623102488555,22.0637409617898
Guanica,West,2024,12855.0,public_safety,-3.2202420079790164,1.0207559572337352,-3.4263361198052333,0.20609411182621695,26.49339807526019
Guayama,South,2024,35298.0,public_safety,-1.9529316602594686,0.9760020980417747,-2.1499898151602332,0.19705815490076461,69.55758751687189
Guayanilla,South,2024,17141.0,public_safety,-1.9186341111309502,0.9551138237805397,-2.1114748521621767,0.1928407410312265,33.054831420162536
Guaynabo,Metro,2024,89378.0,public_safety,-0.7799223186224153,1.0093543263728613,-0.9837144022615913,0.203792083639176,182.14528851502274
Gurabo,East,2024,40228.0,public_safety,-0.9729886356820681,0.8759375763871334,-1.1498434221189198,0.1768547864368517,71.14514348781671
Hatillo,North,2024,38157.0,public_safety,-0.8668552250847864,1.0200643475236126,-1.0728096985499167,0.2059544734651303,78.58604844008977
Hormigueros,West,2024,15441.0,public_safety,-1.0376328545843043,0.7973617083838752,-1.1986229050748753,0.16099005049057102,24.85847369624907
Humacao,East,2024,50100.0,public_safety,-1.1668993668602048,1.1212565639208185,-1.3932848942068388,0.22638552734663397,113.41914920066363
Isabela,West,2024,42890.0,public_safety,-0.6720657458008261,0.795824208899851,-0.8327453698977545,0.16067962409692838,68.91549077517259
Jayuya,Central Mountains,2024,14566.0,public_safety,-1.1888514457874753,0.8244515615089524,-1.3553110300875235,0.16645958430004826,24.24650304914503
Juana Diaz,South,2024,46156.0,public_safety,-0.9056200637785479,0.8050404364966381,-1.0681604756842442,0.16254041190569635,75.02215251919321
Juncos,East,2024,36829.0,public_safety,-0.7919343734872015,0.9305013893398777,-0.9798057799972995,0.18787140651009793,69.19116030360397
Lajas,West,2024,23035.0,public_safety,-1.0612373242029298,0.7606542349943783,-1.2148160105256196,0.15357868632268978,35.37685039443159
Lares,Central Mountains,2024,27855.0,public_safety,-0.9722328594227683,0.8452087713500869,-1.142883395238585,0.1706505358158168,47.53470675149577
Las Marias,West,2024,8744.0,public_safety,-1.1628345635579922,0.8355947728727103,-1.3315440002665724,0.16870943670858018,14.751953145798252
Las Piedras,East,2024,34951.0,public_safety,-0.8229462232995419,1.0436579364826124,-1.0336643229055134,0.21071809960597143,73.64808299328308
Loiza,East,2024,22768.0,public_safety,-2.190189659630877,0.6583359147183018,-2.323109927855284,0.1329202682244066,30.2632866693329
Luquillo,East,2024,17532.0,public_safety,-1.0310799868215361,1.2949410440378484,-1.2925330035264722,0.26145301670493604,45.837942888709385
Manati,North,2024,38943.0,public_safety,-1.0464261370441321,1.232804576582355,-1.2953335888846096,0.24890745184047747,96.93202897023714
Maricao,West,2024,4988.0,public_safety,-2.501432812907278,0.9102489872892177,-2.685215190317521,0.1837823774102434,9.167064985222941
Maunabo,East,2024,10399.0,public_safety,-1.3002575516177757,1.0069333045696476,-1.5035608226914126,0.20330327107363688,21.141507158947498
Mayaguez,West,2024,70828.0,public_safety,-1.8003188039970106,0.872892699080674,-1.9765588193128631,0.17624001531585254,124.82727804791205
Moca,West,2024,37424.0,public_safety,-0.7232563770078435,0.7108605805437616,-0.8667815545404485,0.14352517753260496,53.71286243980208
Morovis,Central Mountains,2024,28397.0,public_safety,-1.043791890131129,0.994510917398874,-1.2445870388346936,0.20079514870356463,57.01979837735124
Naguabo,East,2024,23054.0,public_safety,-1.0576692175917772,1.3292313713305997,-1.3260455684174184,0.26837635082564115,61.871483919343305
Naranjito,Central Mountains,2024,29310.0,public_safety,-0.498376740285966,0.8926880632931434,-0.6786135072021733,0.18023676691620727,52.82739638314035
Orocovis,Central Mountains,2024,21309.0,public_safety,-0.8329111967341392,0.9655429189884588,-1.0278576076846007,0.1949464109504615,41.54113070943384
Patillas,South,2024,15563.0,public_safety,-1.6237803807242588,0.9462321861611511,-1.8148278888051819,0.19104750808092308,29.73272368263406
Penuelas,South,2024,19853.0,public_safety,-1.6412429594311522,0.8841938906359104,-1.8197647238954164,0.17852176446426427,35.441925899090386
Ponce,South,2024,132760.0,public_safety,-1.8688642369912445,0.9214462432253501,-2.054907378593648,0.18604314160240354,246.99087479135093
Quebradillas,North,2024,23409.0,public_safety,-0.9418097056256707,0.8840428007283304,-1.1203009645218918,0.17849125889622108,41.783018795016396
Rincon,West,2024,15378.0,public_safety,-0.12319085905470106,1.028130994579902,-0.3307740160937047,0.20758315703900365,31.922137889457982
Rio Grande,East,2024,46051.0,public_safety,-1.453901411555927,0.6271031974632482,-1.5805156875625228,0.1266142760065958,58.30714024379744
Sabana Grande,West,2024,22407.0,public_safety,-1.1488924213526885,0.7689371003711076,-1.3041434464661499,0.15525102511346134,34.78709719717328
Salinas,South,2024,25079.0,public_safety,-1.5894123101857671,1.1211766157232959,-1.815781695718441,0.22636938553267383,56.771178197739275
San German,West,2024,31305.0,public_safety,-1.231077524291485,0.8187323638985772,-1.3963823830731406,0.16530485878165546,51.74868604159724
San Juan,Metro,2024,336160.0,public_safety,-1.1355196517173078,1.75,-1.4888506248455833,0.35333097312827544,1187.7573992680107
San Lorenzo,East,2024,37431.0,public_safety,-0.8486969268334412,0.9398512078322346,-1.0384560936100977,0.1897591667766565,71.0287537161703
San Sebastian,West,2024,39088.0,public_safety,-0.8652155627773419,0.7846909928937469,-1.0236473525625656,0.15843178978522365,61.927817991248226
Santa Isabel,South,2024,19903.0,public_safety,-1.2581709539589905,1.052744310389408,-1.470723623470502,0.21255266951151142,42.30435781287612
Toa Alta,Metro,2024,66320.0,public_safety,-0.9409815098245418,0.7814730208207394,-1.09876358006459,0.1577820702400483,104.64106898320003
Toa Baja,Metro,2024,73039.0,public_safety,-1.658663377826946,1.12634571843417,-1.8860764228402098,0.22741304501326387,166.1002139472378
Trujillo Alto,Metro,2024,67088.0,public_safety,-0.9554448000878908,0.9475120648124093,-1.1467507200370048,0.19130591994911406,128.34331557546165
Utuado,Central Mountains,2024,27621.0,public_safety,-1.5025693606603217,0.8534503583136511,-1.6748839010144003,0.17231454035407867,47.59499919120007
Vega Alta,North,2024,34921.0,public_safety,-1.0699360443455632,1.0563152166393264,-1.2832096920172082,0.21327364767164503,74.47729050341516
Vega Baja,North,2024,53892.0,public_safety,-0.8810045002299842,1.2930985298828133,-1.1420855070381195,0.2610810068081353,140.70177618904026
Vieques,East,2024,8078.0,public_safety,-1.1064949219864242,1.75,-1.4598258951146998,0.35333097312827566,28.542076009302107
Villalba,South,2024,21556.0,public_safety,-1.5458724326408817,0.8441694980076255,-1.7163131356215915,0.1704407029807098,36.7401979345218
Yabucoa,East,2024,29400.0,public_safety,-1.881188514793965,1.0651536714568317,-2.096246676660821,0.2150581618668559,63.22709958885564
Yauco,South,2024,32993.0,public_safety,-1.9306337414828123,0.8320548467096109,-2.09862845501653,0.16799471353371764,55.42649583617946
Adjuntas,Central Mountains,2024,17960.0,resilience_and_vulnerability,-0.644503310319342,1.4590391633449946,-0.9024586516057509,0.25795534128640885,46.32877929503903
Aguada,West,2024,37758.0,resilience_and_vulnerability,-0.9599851326553472,1.0134122627779314,-1.1391544878557884,0.1791693552004412,67.65076513658259
Aguadilla,West,2024,54137.0,resilience_and_vulnerability,-1.2034192418115623,0.9765098329073866,-1.3760643177940752,0.17264507598251289,93.464864784653
Aguas Buenas,Central Mountains,2024,23614.0,resilience_and_vulnerability,-1.5785318769920966,0.8828723798797107,-1.7346220298719508,0.15609015287985417,36.85912870104877
Aibonito,Central Mountains,2024,24636.0,resilience_and_vulnerability,-0.6178188970662222,0.8360096870489517,-0.7656238152337702,0.14780491816754804,36.41321963975714
Anasco,West,2024,25094.0,resilience_and_vulnerability,-1.3013983054459906,0.9946060663406573,-1.477242760984962,0.17584445553897154,44.12640767294952
Arecibo,North,2024,86467.0,resilience_and_vulnerability,-1.113417319821049,0.9081947692922484,-1.273984422852209,0.16056710303115995,138.83755697795308
Arroyo,South,2024,15341.0,resilience_and_vulnerability,-1.8243690413603433,1.1605059434417548,-2.0295442787536384,0.20517523739329513,31.475933168505406
Barceloneta,North,2024,22494.0,resilience_and_vulnerability,-0.8592503967589824,0.9563958700171471,-1.0283393624654158,0.1690889657064334,38.034871946005126
Barranquitas,Central Mountains,2024,29054.0,resilience_and_vulnerability,-0.49400930607437066,1.051590549751127,-0.6799285095950736,0.1859192035207029,54.01696539090502
Bayamon,Metro,2024,182469.0,resilience_and_vulnerability,-1.2240974228477606,0.6322070572705978,-1.3358704247787252,0.11177300193096462,203.95107889341185
Cabo Rojo,West,2024,46876.0,resilience_and_vulnerability,-0.7973178563204563,1.026656314054052,-0.9788287345264305,0.18151087820597422,85.08503926783247
Caguas,East,2024,125586.0,resilience_and_vulnerability,-1.1616718237384418,0.6593863539603214,-1.278250073485681,0.11657824974723918,146.4059607275678
Camuy,North,2024,32734.0,resilience_and_vulnerability,-0.7646182646552961,0.8809244769118728,-0.9203640320056288,0.15574576735033263,50.98181948445789
Canovanas,East,2024,41816.0,resilience_and_vulnerability,-1.104799561400376,0.8194889444197639,-1.2496836437807302,0.1448840823803541,60.58472788816887
Carolina,Metro,2024,152204.0,resilience_and_vulnerability,-1.3145832939141155,0.5838174318903153,-1.4178011023703043,0.10321780845618878,157.10163318265757
Catano,Metro,2024,22467.0,resilience_and_vulnerability,-1.7907959469796582,0.9742753363942493,-1.9630459682404542,0.17225002126079603,38.69941227666304
Cayey,Central Mountains,2024,40917.0,resilience_and_vulnerability,-1.320184037937125,0.7990512041748977,-1.4614547668226348,0.14127072888550973,57.80374413808402
Ceiba,East,2024,10995.0,resilience_and_vulnerability,-1.7482047568333812,0.7644430738880463,-1.8833568342914937,0.13515207745811253,14.859970916519472
Ciales,Central Mountains,2024,16805.0,resilience_and_vulnerability,-0.9784511835002572,1.1260182492160316,-1.1775290623320578,0.19907787883180061,33.45503753768409
Cidra,Central Mountains,2024,39643.0,resilience_and_vulnerability,-0.9353473213684889,0.8096620445476177,-1.0784940265940748,0.14314670522558592,56.74764835257903
Coamo,South,2024,33998.0,resilience_and_vulnerability,-1.3811901480315374,0.9372870130517403,-1.5469007042723855,0.16571055624084807,56.33827491076353
Comerio,Central Mountains,2024,18711.0,resilience_and_vulnerability,-0.9124426011337785,1.0945444135982605,-1.1059559658577043,0.19351336472392577,36.208285673493755
Corozal,Central Mountains,2024,34444.0,resilience_and_vulnerability,-0.7562511585058502,0.9904195764282547,-0.9313554506131083,0.17510429210725809,60.31292237342397
Culebra,East,2024,1387.0,resilience_and_vulnerability,1.6277464416357728,0.7749137977892482,1.4907431601625067,0.13700328147326601,1.9002355140341998
Dorado,North,2024,35810.0,resilience_and_vulnerability,-0.7087480576640197,0.7315348103840913,-0.838082016899833,0.12933395923581326,46.31449080234472
Fajardo,East,2024,31489.0,resilience_and_vulnerability,-1.4042870324022385,0.804133148379691,-1.5464562393304762,0.14216920692823765,44.76766156963275
Florida,North,2024,11532.0,resilience_and_vulnerability,-0.9983967715198387,1.0868111876966986,-1.1905429166537786,0.1921461451339399,22.15829345684595
Guanica,West,2024,12855.0,resilience_and_vulnerability,-3.116939457541359,1.75,-3.4263361198052333,0.3093966622638744,39.77294093402105
Guayama,South,2024,35298.0,resilience_and_vulnerability,-2.0036878919190375,0.827508492815394,-2.1499898151602332,0.14630192324119573,51.64165286567727
Guayanilla,South,2024,17141.0,resilience_and_vulnerability,-1.8020781898983034,1.75,-2.1114748521621767,0.3093966622638733,53.033681878650526
Guaynabo,Metro,2024,89378.0,resilience_and_vulnerability,-0.8864754512643735,0.55,-0.9837144022615913,0.0972389509972178,86.91022962229333
Gurabo,East,2024,40228.0,resilience_and_vulnerability,-1.0372626515745533,0.6367759335574669,-1.1498434221189198,0.11258077054436644,45.28899237458773
Hatillo,North,2024,38157.0,resilience_and_vulnerability,-0.9319529592600064,0.7967096088034467,-1.0728096985499167,0.14085673928991027,53.746706010851064
Hormigueros,West,2024,15441.0,resilience_and_vulnerability,-1.03644385768999,0.917312199966446,-1.1986229050748753,0.16217904738488542,25.042066706700158
Humacao,East,2024,50100.0,resilience_and_vulnerability,-1.2665189512952024,0.7170096744811162,-1.3932848942068388,0.12676594291163634,63.50973739872981
Isabela,West,2024,42890.0,resilience_and_vulnerability,-0.6711565945126108,0.9139735214170721,-0.8327453698977545,0.1615887753851437,69.30542576268813
Jayuya,Central Mountains,2024,14566.0,resilience_and_vulnerability,-1.1349760564742948,1.2462519828164706,-1.3553110300875235,0.22033497361322874,32.0939922565029
Juana Diaz,South,2024,46156.0,resilience_and_vulnerability,-0.878188183668478,1.074515505742769,-1.0681604756842442,0.18997229201576626,87.68361110279707
Juncos,East,2024,36829.0,resilience_and_vulnerability,-0.8308884500907,0.842301676526453,-0.9798057799972995,0.14891732990659945,54.84476343130151
Lajas,West,2024,23035.0,resilience_and_vulnerability,-0.9540539531483454,1.4749144256153581,-1.2148160105256196,0.2607620573772742,60.06653991685511
Lares,Central Mountains,2024,27855.0,resilience_and_vulnerability,-0.9303883377952225,1.2019080871943328,-1.142883395238585,0.2124950574433626,59.190498250848655
Las Marias,West,2024,8744.0,resilience_and_vulnerability,-1.0792816162480732,1.4268388314282112,-1.3315440002665724,0.2522623840184992,22.057822858577573
Las Piedras,East,2024,34951.0,resilience_and_vulnerability,-0.8927111589050494,0.7972550033213915,-1.0336643229055134,0.14095316400046398,49.26454034980217
Loiza,East,2024,22768.0,resilience_and_vulnerability,-2.130054159604562,1.0919561703307095,-2.323109927855284,0.1930557682507219,43.954937315324365
Luquillo,East,2024,17532.0,resilience_and_vulnerability,-1.147353472370709,0.8211600528059444,-1.2925330035264722,0.1451795311557631,25.452875402228386
Manati,North,2024,38943.0,resilience_and_vulnerability,-1.125306936434016,0.9616995852876131,-1.2953335888846096,0.17002665245059356,66.21347926383466
Maricao,West,2024,4988.0,resilience_and_vulnerability,-2.384794442832929,1.699230703560906,-2.685215190317521,0.30042074748459235,14.984986884531466
Maunabo,East,2024,10399.0,resilience_and_vulnerability,-1.3169285940778255,1.0556235406160457,-1.5035608226914126,0.18663222861358708,19.40788545352692
Mayaguez,West,2024,70828.0,resilience_and_vulnerability,-1.7912036530069155,1.0484002595954405,-1.9765588193128631,0.18535516630594762,131.28335719117658
Moca,West,2024,37424.0,resilience_and_vulnerability,-0.6673802534913704,1.1278475801341314,-0.8667815545404485,0.19940130104907805,74.62394290460696
Morovis,Central Mountains,2024,28397.0,resilience_and_vulnerability,-1.0436181801143025,1.13671395220397,-1.2445870388346936,0.20096885872039105,57.069126810829445
Naguabo,East,2024,23054.0,resilience_and_vulnerability,-1.1337535810265642,1.0876360962388023,-1.3260455684174184,0.19229198739085418,44.330994773087525
Naranjito,Central Mountains,2024,29310.0,resilience_and_vulnerability,-0.4952772961345604,1.0369807063228458,-0.6786135072021733,0.1833362110676129,53.73584346391734
Orocovis,Central Mountains,2024,21309.0,resilience_and_vulnerability,-0.818810788944228,1.1824042642181043,-1.0278576076846007,0.20904681874037268,44.54578660538602
Patillas,South,2024,15563.0,resilience_and_vulnerability,-1.6460733760505049,0.9545041473938601,-1.8148278888051819,0.168754512754677,26.263264820010384
Penuelas,South,2024,19853.0,resilience_and_vulnerability,-1.5462018744975004,1.5473178764871665,-1.8197647238954164,0.2735628493979161,54.31043249096828
Ponce,South,2024,132760.0,resilience_and_vulnerability,-1.8783564070751155,0.9986022405565811,-2.054907378593648,0.1765509715185325,234.38906978800375
Quebradillas,North,2024,23409.0,resilience_and_vulnerability,-0.9536751150963394,0.9424640665516456,-1.1203009645218918,0.16662584942555236,39.00544509202755
Rincon,West,2024,15378.0,resilience_and_vulnerability,-0.19058346372438772,0.7929415425854505,-0.3307740160937047,0.140190552369317,21.55850314335357
Rio Grande,East,2024,46051.0,resilience_and_vulnerability,-1.448494379717756,0.7467349099302756,-1.5805156875625228,0.13202130784476673,60.79713247559353
Sabana Grande,West,2024,22407.0,resilience_and_vulnerability,-1.1129022539256326,1.0816926223350007,-1.3041434464661499,0.1912411925405173,42.85141401255371
Salinas,South,2024,25079.0,resilience_and_vulnerability,-1.6278048044813125,1.0632291804894054,-1.815781695718441,0.18797689123712846,47.14272455335945
San German,West,2024,31305.0,resilience_and_vulnerability,-1.1649570722810836,1.3089808109846208,-1.3963823830731406,0.23142531079205697,72.44769354345344
San Juan,Metro,2024,336160.0,resilience_and_vulnerability,-1.3846693295143344,0.5892670770772381,-1.4888506248455833,0.10418129533124887,350.2158423855262
San Lorenzo,East,2024,37431.0,resilience_and_vulnerability,-0.8670135258917995,0.9697082422018544,-1.0384560936100977,0.17144256771829824,64.17266752263622
San Sebastian,West,2024,39088.0,resilience_and_vulnerability,-0.840157945776445,1.0378472072909726,-1.0236473525625656,0.18348940678612058,71.7223393245588
Santa Isabel,South,2024,19903.0,resilience_and_vulnerability,-1.298911336164897,0.9717994388975553,-1.470723623470502,0.17181228730560494,34.19579954243455
Toa Alta,Metro,2024,66320.0,resilience_and_vulnerability,-0.9618842207288438,0.7742128731604199,-1.09876358006459,0.13687935933574624,90.7783911114669
Toa Baja,Metro,2024,73039.0,resilience_and_vulnerability,-1.7515475010611685,0.7609183996708289,-1.8860764228402098,0.1345289217790413,98.25857917819398
Trujillo Alto,Metro,2024,67088.0,resilience_and_vulnerability,-1.047635801248273,0.5606107920206048,-1.1467507200370048,0.09911491878873191,66.49421671698447
Utuado,Central Mountains,2024,27621.0,resilience_and_vulnerability,-1.4585648347348266,1.2235373297802274,-1.6748839010144003,0.21631906627957376,59.74948929708107
Vega Alta,North,2024,34921.0,resilience_and_vulnerability,-1.1236551386714433,0.9024676165282977,-1.2832096920172082,0.15955455334576496,55.71804557387458
Vega Baja,North,2024,53892.0,resilience_and_vulnerability,-0.9827411105462678,0.9012789337168657,-1.1420855070381195,0.15934439649185173,85.87388215738873
Vieques,East,2024,8078.0,resilience_and_vulnerability,-1.2554185635359136,1.1561625379067446,-1.4598258951146998,0.2044073315787862,16.51202424493435
Villalba,South,2024,21556.0,resilience_and_vulnerability,-1.531591697681242,1.0448157844699442,-1.7163131356215915,0.18472143794034945,39.81855316242173
Yabucoa,East,2024,29400.0,resilience_and_vulnerability,-1.907056482504621,1.070091827593734,-2.096246676660821,0.18919019415619998,55.62191708192279
Yauco,South,2024,32993.0,resilience_and_vulnerability,-1.8995481520711361,1.1260319604136808,-2.09862845501653,0.1990803029453938,65.68256435077379
Adjuntas,Central Mountains,2024,17960.0,family_demography_support,-0.882484398336632,1.139607363467006,-0.9024586516057509,0.019974253269118947,3.5873758871337627
Aguada,West,2024,37758.0,family_demography_support,-1.1188847532063246,1.1564657036648371,-1.1391544878557884,0.0202697346494638,7.653446408944541
Aguadilla,West,2024,54137.0,family_demography_support,-1.3539554444459985,1.2613955839030546,-1.3760643177940752,0.022108873348076763,11.969080764448318
Aguas Buenas,Central Mountains,2024,23614.0,family_demography_support,-1.7125545793364072,1.2590322543937054,-1.7346220298719508,0.022067450535543598,5.211007769463265
Aibonito,Central Mountains,2024,24636.0,family_demography_support,-0.7435253947894946,1.2607992058567272,-0.7656238152337702,0.02209842044427557,5.4441668606517295
Anasco,West,2024,25094.0,family_demography_support,-1.4557776408116647,1.2246670089546177,-1.477242760984962,0.02146512017329738,5.386457256287245
Arecibo,North,2024,86467.0,family_demography_support,-1.2527018041723743,1.2142546023934608,-1.273984422852209,0.02128261867983472,18.402441893892686
Arroyo,South,2024,15341.0,family_demography_support,-2.004672630121447,1.4190224556044508,-2.0295442787536384,0.0248716486321916,3.8155596166645136
Barceloneta,North,2024,22494.0,family_demography_support,-1.0067335576853567,1.232693602571515,-1.0283393624654158,0.021605804780059135,4.860009727226502
Barranquitas,Central Mountains,2024,29054.0,family_demography_support,-0.659909742678521,1.1421470369009465,-0.6799285095950736,0.020018766916552577,5.816252539935186
Bayamon,Metro,2024,182469.0,family_demography_support,-1.3138619720987157,1.2556662016211866,-1.3358704247787252,0.022008452680009505,40.15860352068655
Cabo Rojo,West,2024,46876.0,family_demography_support,-0.9588785838065599,1.138232221065853,-0.9788287345264305,0.019950150719870607,9.351832651446545
Caguas,East,2024,125586.0,family_demography_support,-1.2584053993066846,1.1322143819489794,-1.278250073485681,0.01984467417899638,24.922132514434395
Camuy,North,2024,32734.0,family_demography_support,-0.8992086746259826,1.206993859634999,-0.9203640320056288,0.021155357379646134,6.924994684653366
Canovanas,East,2024,41816.0,family_demography_support,-1.227361872455675,1.273542225830683,-1.2496836437807302,0.022321771325055195,9.334071897285082
Carolina,Metro,2024,152204.0,family_demography_support,-1.3969009103013652,1.1924357050414245,-1.4178011023703043,0.020900192068939116,31.81092833660809
Catano,Metro,2024,22467.0,family_demography_support,-1.9415865719671577,1.224340438619253,-1.9630459682404542,0.021459396273296516,4.821282560721528
Cayey,Central Mountains,2024,40917.0,family_demography_support,-1.4401267870786683,1.2168426241834447,-1.4614547668226348,0.021327979743966496,8.726769471838772
Ceiba,East,2024,10995.0,family_demography_support,-1.8624719204483968,1.1915640239609888,-1.8833568342914937,0.020884913843096875,2.2962962770485014
Ciales,Central Mountains,2024,16805.0,family_demography_support,-1.1562868122709034,1.2119514186658202,-1.1775290623320578,0.021242250061154433,3.5697601227770024
Cidra,Central Mountains,2024,39643.0,family_demography_support,-1.058194777618825,1.1581496085668301,-1.0784940265940748,0.020299248975249817,8.047231271258285
Coamo,South,2024,33998.0,family_demography_support,-1.5222963062827175,1.403774786717487,-1.5469007042723855,0.02460439798966796,8.365003228527312
Comerio,Central Mountains,2024,18711.0,family_demography_support,-1.0863854335913041,1.116573539809837,-1.1059559658577043,0.019570532266400154,3.6618422923661327
Corozal,Central Mountains,2024,34444.0,family_demography_support,-0.910426565416991,1.1940727574294376,-0.9313554506131083,0.020928885196117353,7.208745216950661
Culebra,East,2024,1387.0,family_demography_support,1.5110318444199502,1.157546851104859,1.4907431601625067,0.020288684257443457,0.28140405065074076
Dorado,North,2024,35810.0,family_demography_support,-0.8183773599713283,1.1242258635536748,-0.838082016899833,0.01970465692850465,7.056237646097515
Fajardo,East,2024,31489.0,family_demography_support,-1.524278132196596,1.265345635554021,-1.5464562393304762,0.022178107133880243,6.98366415538755
Florida,North,2024,11532.0,family_demography_support,-1.1703948140129292,1.1495261334700162,-1.1905429166537786,0.02014810264084943,2.323479196542756
Guanica,West,2024,12855.0,family_demography_support,-3.397936906582622,1.6202834753874351,-3.4263361198052333,0.028399213222611408,3.6507188597666964
Guayama,South,2024,35298.0,family_demography_support,-2.1251280832367434,1.4184566695344474,-2.1499898151602332,0.024861731923489838,8.775694134353442
Guayanilla,South,2024,17141.0,family_demography_support,-2.089975615742536,1.226613470983661,-2.1114748521621767,0.021499236419640688,3.6851841146906104
Guaynabo,Metro,2024,89378.0,family_demography_support,-0.962612737196918,1.203930508195513,-0.9837144022615913,0.02110166506467337,18.860246201503763
Gurabo,East,2024,40228.0,family_demography_support,-1.1241260215687021,1.4672758296086101,-1.1498434221189198,0.02571740055021765,10.345595893341557
Hatillo,North,2024,38157.0,family_demography_support,-1.0522699741306232,1.171869650216086,-1.0728096985499167,0.020539724419293526,7.83734264666983
Hormigueros,West,2024,15441.0,family_demography_support,-1.1788791786346904,1.126454928270035,-1.1986229050748753,0.01974372644018496,3.04862879962896
Humacao,East,2024,50100.0,family_demography_support,-1.3730055525332925,1.1570138210456469,-1.3932848942068388,0.02027934167354628,10.159950178446687
Isabela,West,2024,42890.0,family_demography_support,-0.8121147431244775,1.1770559763610569,-0.8327453698977545,0.020630626773276983,8.848475823058498
Jayuya,Central Mountains,2024,14566.0,family_demography_support,-1.334182712117606,1.2054511581374523,-1.3553110300875235,0.021128317969917543,3.077550795498189
Juana Diaz,South,2024,46156.0,family_demography_support,-1.0479232886010035,1.154608740822166,-1.0681604756842442,0.020237187083240737,9.340676070140594
Juncos,East,2024,36829.0,family_demography_support,-0.9589507645195785,1.1898582081350297,-0.9798057799972995,0.02085501547772095,7.680693650289848
Lajas,West,2024,23035.0,family_demography_support,-1.1938162719863386,1.1981152110074373,-1.2148160105256196,0.020999738539281054,4.83728977252339
Lares,Central Mountains,2024,27855.0,family_demography_support,-1.1191372324581452,1.3548091933185682,-1.142883395238585,0.02374616278043984,6.614493642491517
Las Marias,West,2024,8744.0,family_demography_support,-1.3087171158491813,1.3023608550757246,-1.3315440002665724,0.022826884417391113,1.995982773456679
Las Piedras,East,2024,34951.0,family_demography_support,-1.0119288332774876,1.240092617978086,-1.0336643229055134,0.02173548962802574,7.596770979891277
Loiza,East,2024,22768.0,family_demography_support,-2.2995356981489556,1.3449997554065947,-2.323109927855284,0.023574229706328165,5.367380619536797
Luquillo,East,2024,17532.0,family_demography_support,-1.2725905321702067,1.1377940840705243,-1.2925330035264722,0.01994247135626548,3.496314078180464
Manati,North,2024,38943.0,family_demography_support,-1.2743341783537685,1.1980964968743868,-1.2953335888846096,0.02099941053084109,8.177800443025445
Maricao,West,2024,4988.0,family_demography_support,-2.659276381547878,1.4799080133398,-2.685215190317521,0.025938808769643273,1.2938277814298065
Maunabo,East,2024,10399.0,family_demography_support,-1.4834357030267147,1.148214866985896,-1.5035608226914126,0.020125119664697877,2.092811193931932
Mayaguez,West,2024,70828.0,family_demography_support,-1.9555137830606686,1.2006996183686944,-1.9765588193128631,0.02104503625219456,14.905778276704362
Moca,West,2024,37424.0,family_demography_support,-0.8457992021940395,1.1971232623647432,-0.8667815545404485,0.020982352346408994,7.8524355421201015
Morovis,Central Mountains,2024,28397.0,family_demography_support,-1.2222324920006582,1.2754121936773901,-1.2445870388346936,0.02235454683403537,6.348020664461024
Naguabo,East,2024,23054.0,family_demography_support,-1.301910637321684,1.3769899091041866,-1.3260455684174184,0.02413493109573439,5.564067014810607
Naranjito,Central Mountains,2024,29310.0,family_demography_support,-0.6578912306161919,1.1822849478780926,-0.6786135072021733,0.02072227658598136,6.073699267351135
Orocovis,Central Mountains,2024,21309.0,family_demography_support,-1.0071140621815586,1.1834984207508463,-1.0278576076846007,0.020743545503042027,4.420242111243226
Patillas,South,2024,15563.0,family_demography_support,-1.7929486542067052,1.248293817020665,-1.8148278888051819,0.021879234598476627,3.4050652805609176
Penuelas,South,2024,19853.0,family_demography_support,-1.7982568637848828,1.227105485453943,-1.8197647238954164,0.021507860110533628,4.269955467744241
Ponce,South,2024,132760.0,family_demography_support,-2.0337071699428972,1.209552795787625,-2.054907378593648,0.021200208650750785,28.14539700473674
Quebradillas,North,2024,23409.0,family_demography_support,-1.1002852570856319,1.1419724818763681,-1.1203009645218918,0.02001570743625991,4.685476953754082
Rincon,West,2024,15378.0,family_demography_support,-0.30912793262692007,1.2349916553379983,-0.3307740160937047,0.02164608346678465,3.3287347155221436
Rio Grande,East,2024,46051.0,family_demography_support,-1.558910348680924,1.2326670212866602,-1.5805156875625228,0.02160533888159888,9.9494746083651
Sabana Grande,West,2024,22407.0,family_demography_support,-1.2834876465429161,1.178492200617665,-1.3041434464661499,0.020655799923233742,4.6283450887989845
Salinas,South,2024,25079.0,family_demography_support,-1.792461314689747,1.3305167197536125,-1.815781695718441,0.023320381028693937,5.848518358186152
San German,West,2024,31305.0,family_demography_support,-1.3753899247086954,1.197699849254583,-1.3963823830731406,0.020992458364445188,6.571689090989566
San Juan,Metro,2024,336160.0,family_demography_support,-1.46723932582868,1.2330070697474935,-1.4888506248455833,0.021611299016903285,72.64854277522208
San Lorenzo,East,2024,37431.0,family_demography_support,-1.0180556878044618,1.1639209917179105,-1.0384560936100977,0.020400405805635957,7.636075897107594
San Sebastian,West,2024,39088.0,family_demography_support,-1.001465089114529,1.2655827691355928,-1.0236473525625656,0.022182263448036643,8.670603136568563
Santa Isabel,South,2024,19903.0,family_demography_support,-1.4483738759939784,1.2751383720187492,-1.470723623470502,0.022349747476523518,4.448270240252476
Toa Alta,Metro,2024,66320.0,family_demography_support,-1.0759160906501628,1.3035364487778223,-1.09876358006459,0.02284748941442727,15.152454979648166
Toa Baja,Metro,2024,73039.0,family_demography_support,-1.8651297484699565,1.1950876976909046,-1.8860764228402098,0.020946674370253326,15.299241493289326
Trujillo Alto,Metro,2024,67088.0,family_demography_support,-1.12579476532477,1.1956171766113455,-1.1467507200370048,0.02095595471223488,14.058930897344137
Utuado,Central Mountains,2024,27621.0,family_demography_support,-1.6543295964322215,1.1727015041412774,-1.6748839010144003,0.020554304582178773,5.677304468643599
Vega Alta,North,2024,34921.0,family_demography_support,-1.262210259623035,1.1980977442609064,-1.2832096920172082,0.020999432394173345,7.333211786369274
Vega Baja,North,2024,53892.0,family_demography_support,-1.1203810569084396,1.2383216961620644,-1.1420855070381195,0.02170445012967992,11.696962263887102
Vieques,East,2024,8078.0,family_demography_support,-1.4385690778954747,1.2127825306167188,-1.4598258951146998,0.02125681721922512,1.7171256949690052
Villalba,South,2024,21556.0,family_demography_support,-1.6956924647278857,1.1764879554435266,-1.7163131356215915,0.020620670893705784,4.444991817847218
Yabucoa,East,2024,29400.0,family_demography_support,-2.072245311608388,1.3693694566945316,-2.096246676660821,0.024001365052432888,7.056401325415269
Yauco,South,2024,32993.0,family_demography_support,-2.077251119338677,1.2196585685358687,-2.09862845501653,0.021377335677852827,7.053024360193984
Adjuntas,Central Mountains,2024,17960.0,retention_bundle,-0.4460153649421583,1.0833285166085018,-0.9024586516057509,0.4564432866635926,81.97721428478123
Aguada,West,2024,37758.0,retention_bundle,-0.7502922284342775,0.9229308152244037,-1.1391544878557884,0.388862259421511,146.82661191237412
Aguadilla,West,2024,54137.0,retention_bundle,-0.9971036078015814,0.8994303472178078,-1.3760643177940752,0.37896070999249387,205.1579595686364
Aguas Buenas,Central Mountains,2024,23614.0,retention_bundle,-1.3488555566110247,0.9155832355204769,-1.7346220298719508,0.38576647326092606,91.09489499583508
Aibonito,Central Mountains,2024,24636.0,retention_bundle,-0.3796276480404377,0.916128394129091,-0.7656238152337702,0.3859961671933325,95.0940157497494
Anasco,West,2024,25094.0,retention_bundle,-1.1015957937615122,0.8915654664247294,-1.477242760984962,0.3756469672234499,94.26484995505253
Arecibo,North,2024,86467.0,retention_bundle,-0.8906066632533778,0.9099138310100605,-1.273984422852209,0.38337775959883125,331.4952473923214
Arroyo,South,2024,15341.0,retention_bundle,-1.6116935580138785,0.9917324116466271,-2.0295442787536384,0.41785072073975993,64.10247906868658
Barceloneta,North,2024,22494.0,retention_bundle,-0.5768414593165703,1.0715910781498228,-1.0283393624654158,0.4514979031488455,101.55993833430132
Barranquitas,Central Mountains,2024,29054.0,retention_bundle,-0.28825670194954656,0.9295990340344814,-0.6799285095950736,0.391671807645527,113.7963269933314
Bayamon,Metro,2024,182469.0,retention_bundle,-0.9695303671330662,0.8694763244837546,-1.3358704247787252,0.366340057645659,668.4570397854576
Cabo Rojo,West,2024,46876.0,retention_bundle,-0.6114914996424943,0.8718430380928748,-0.9788287345264305,0.3673372348839362,172.19300222419395
Caguas,East,2024,125586.0,retention_bundle,-0.898468179404792,0.9013793563638225,-1.278250073485681,0.379781894080889,476.9528895004253
Camuy,North,2024,32734.0,retention_bundle,-0.5522090841454921,0.8737838088554233,-0.9203640320056288,0.3681549478601367,120.51184063253714
Canovanas,East,2024,41816.0,retention_bundle,-0.8778036246866915,0.8826249420520188,-1.2496836437807302,0.37188001909403867,155.5053487843632
Carolina,Metro,2024,152204.0,retention_bundle,-1.0671914360072237,0.8321416063451857,-1.4178011023703043,0.35060966636308066,533.6419365912633
Catano,Metro,2024,22467.0,retention_bundle,-1.5499297263360696,0.9804955371355968,-1.9630459682404542,0.41311624190438456,92.81482606865808
Cayey,Central Mountains,2024,40917.0,retention_bundle,-1.0972766266665979,0.8643452010003049,-1.4614547668226348,0.3641781401560369,149.0107696076456
Ceiba,East,2024,10995.0,retention_bundle,-1.521319572664645,0.8592640116630332,-1.8833568342914937,0.3620372616268488,39.80599691587202
Ciales,Central Mountains,2024,16805.0,retention_bundle,-0.7760980226797984,0.9527617239939974,-1.1775290623320578,0.40143103965225935,67.46048621356218
Cidra,Central Mountains,2024,39643.0,retention_bundle,-0.725506999259695,0.8377840662295374,-1.0784940265940748,0.3529870273343798,139.9346472461682
Coamo,South,2024,33998.0,retention_bundle,-1.1737556243571556,0.8856274540899509,-1.5469007042723855,0.3731450799152298,126.86186426957984
Comerio,Central Mountains,2024,18711.0,retention_bundle,-0.6285499215318506,1.1330818021224114,-1.1059559658577043,0.47740604432585365,89.32744495381048
Corozal,Central Mountains,2024,34444.0,retention_bundle,-0.5387823088785273,0.9317382722491577,-0.9313554506131083,0.392573141734581,135.21789293905908
Culebra,East,2024,1387.0,retention_bundle,1.9700421845394718,1.137574625942277,1.4907431601625067,0.47929902437696503,6.647877468108506
Dorado,North,2024,35810.0,retention_bundle,-0.458882952812807,0.8999960599694294,-0.838082016899833,0.37919906408702597,135.79118484956402
Fajardo,East,2024,31489.0,retention_bundle,-1.159336174171228,0.918795868384511,-1.5464562393304762,0.38712006515924813,121.90023731799565
Florida,North,2024,11532.0,retention_bundle,-0.7773441050166323,0.980691509228347,-1.1905429166537786,0.41319881163714633,47.65008695799572
Guanica,West,2024,12855.0,retention_bundle,-2.8835976502734004,1.2881426417771593,-3.4263361198052333,0.5427384695318329,69.76903025831713
Guayama,South,2024,35298.0,retention_bundle,-1.7646804553622764,0.9144983163985845,-2.1499898151602332,0.3853093597979569,136.0064978214828
Guayanilla,South,2024,17141.0,retention_bundle,-1.6247486183571926,1.1552024627563755,-2.1114748521621767,0.48672623380498403,83.42974373651232
Guaynabo,Metro,2024,89378.0,retention_bundle,-0.6772439340245306,0.7273810513599778,-0.9837144022615913,0.3064704682370607,273.91717510092013
Gurabo,East,2024,40228.0,retention_bundle,-0.8085371189272459,0.810060881491896,-1.1498434221189198,0.3413063031916739,137.30069964794657
Hatillo,North,2024,38157.0,retention_bundle,-0.709253625609007,0.8628687784674625,-1.0728096985499167,0.36355607294090975,138.7220907520629
Hormigueros,West,2024,15441.0,retention_bundle,-0.8570388408891284,0.8107201230986244,-1.1986229050748753,0.34158406418574694,52.74399535092118
Humacao,East,2024,50100.0,retention_bundle,-1.0046709995028074,0.9223413431282504,-1.3932848942068388,0.3886138947040314,194.69556124671973
Isabela,West,2024,42890.0,retention_bundle,-0.4932326317532689,0.8058040105535279,-0.8327453698977545,0.33951273814448557,145.61701339016986
Jayuya,Central Mountains,2024,14566.0,retention_bundle,-0.9650914786747424,0.9261522299378404,-1.3553110300875235,0.3902195514127811,56.83937985878569
Juana Diaz,South,2024,46156.0,retention_bundle,-0.6691061624209698,0.9471207702356821,-1.0681604756842442,0.39905431326327445,184.18750882979694
Juncos,East,2024,36829.0,retention_bundle,-0.6347493709025116,0.8189614323025808,-0.9798057799972995,0.34505640909478785,127.08082490551942
Lajas,West,2024,23035.0,retention_bundle,-0.780235825895583,1.0314383418890982,-1.2148160105256196,0.43458018463003656,100.10554552952892
Lares,Central Mountains,2024,27855.0,retention_bundle,-0.6715510235591873,1.1186664673575029,-1.142883395238585,0.4713323716793978,131.28963213129626
Las Marias,West,2024,8744.0,retention_bundle,-0.8242676591526064,1.2039763584793577,-1.3315440002665724,0.507276341113966,44.35624326700519
Las Piedras,East,2024,34951.0,retention_bundle,-0.6280593745646158,0.9626681339253906,-1.0336643229055134,0.40560494834089755,141.7629854946271
Loiza,East,2024,22768.0,retention_bundle,-1.9755119381406825,0.8249936532666112,-2.323109927855284,0.3475979897146013,79.14111029822043
Luquillo,East,2024,17532.0,retention_bundle,-0.8649442487930029,1.0148447899624542,-1.2925330035264722,0.42758875473346925,74.96486047987183
Manati,North,2024,38943.0,retention_bundle,-0.88031179717063,0.9850181941860302,-1.2953335888846096,0.41502179171397957,161.62193634717508
Maricao,West,2024,4988.0,retention_bundle,-2.196401614745631,1.1601565872359494,-2.685215190317521,0.4888135755718901,24.382021149525876
Maunabo,East,2024,10399.0,retention_bundle,-0.9457398869618203,1.3239395659739184,-1.5035608226914126,0.5578209357295922,58.0077991065203
Mayaguez,West,2024,70828.0,retention_bundle,-1.5779481740892165,0.9460677626588799,-1.9765588193128631,0.39861064522364664,282.32794779900445
Moca,West,2024,37424.0,retention_bundle,-0.49571600952435335,0.8806918585333101,-0.8667815545404485,0.3710655450160951,138.86756956682345
Morovis,Central Mountains,2024,28397.0,retention_bundle,-0.8459083102902603,0.9462293525103892,-1.2445870388346936,0.3986787285444333,113.21279854476273
Naguabo,East,2024,23054.0,retention_bundle,-0.8795309554071358,1.0597636716102299,-1.3260455684174184,0.4465146130102826,102.93947888339055
Naranjito,Central Mountains,2024,29310.0,retention_bundle,-0.26492109978393974,0.9818630159652245,-0.6786135072021733,0.41369240741823354,121.25324461428426
Orocovis,Central Mountains,2024,21309.0,retention_bundle,-0.6236632158031286,0.9593203006207283,-1.0278576076846007,0.4041943918814721,86.1297829660229
Patillas,South,2024,15563.0,retention_bundle,-1.447794246581662,0.8711224872685519,-1.8148278888051819,0.36703364222351986,57.1214457392464
Penuelas,South,2024,19853.0,retention_bundle,-1.3648234701374091,1.0797635719000394,-1.8197647238954164,0.4549412537580073,90.31948710857719
Ponce,South,2024,132760.0,retention_bundle,-1.6520328652320635,0.9561876835337191,-2.054907378593648,0.40287451336158453,534.8562039388396
Quebradillas,North,2024,23409.0,retention_bundle,-0.7761601833405498,0.8167882689365703,-1.1203009645218918,0.34414078118134195,80.55991546674034
Rincon,West,2024,15378.0,retention_bundle,0.06783543303234052,0.9460649238250586,-0.3307740160937047,0.39860944912604523,61.29816108660324
Rio Grande,East,2024,46051.0,retention_bundle,-1.2648763050821725,0.7491426733540254,-1.5805156875625228,0.3156393824803503,145.3550920260261
Sabana Grande,West,2024,22407.0,retention_bundle,-0.9076751133918064,0.9409831707487197,-1.3041434464661499,0.3964683330743435,88.83665939196814
Salinas,South,2024,25079.0,retention_bundle,-1.3763781621517852,1.0428861418705322,-1.815781695718441,0.43940353356665574,110.19801218318159
San German,West,2024,31305.0,retention_bundle,-0.9549602644193469,1.0476770783395113,-1.3963823830731406,0.44142211865379366,138.1871942445701
San Juan,Metro,2024,336160.0,retention_bundle,-1.0987854109390953,0.9257859232648438,-1.4888506248455833,0.39006521390648796,1311.24322306805
San Lorenzo,East,2024,37431.0,retention_bundle,-0.649988951337571,0.9219930389717971,-1.0384560936100977,0.38846714227252677,145.40713602402948
San Sebastian,West,2024,39088.0,retention_bundle,-0.6474793803956305,0.8928020264291437,-1.0236473525625656,0.3761679721669351,147.03653696061158
Santa Isabel,South,2024,19903.0,retention_bundle,-1.0663961892473057,0.9596360650692751,-1.470723623470502,0.40432743422319617,80.47328923344274
Toa Alta,Metro,2024,66320.0,retention_bundle,-0.7584011654420292,0.8078206439129961,-1.09876358006459,0.3403624146225609,225.7283533776824
Toa Baja,Metro,2024,73039.0,retention_bundle,-1.5090765698943542,0.8947764232415292,-1.8860764228402098,0.3769998529458556,275.35692259312344
Trujillo Alto,Metro,2024,67088.0,retention_bundle,-0.8113303996843222,0.79609101219147,-1.1467507200370048,0.33542032035268265,225.02678451820773
Utuado,Central Mountains,2024,27621.0,retention_bundle,-1.2895711987709528,0.9145062494027962,-1.6748839010144003,0.3853127022434475,106.42722148666263
Vega Alta,North,2024,34921.0,retention_bundle,-0.8748847233847131,0.9691238659598785,-1.2832096920172082,0.4083249686324951,142.59116229615364
Vega Baja,North,2024,53892.0,retention_bundle,-0.7121816983845888,1.0203393694696286,-1.1420855070381195,0.42990380865353073,231.6837605595608
Vieques,East,2024,8078.0,retention_bundle,-0.9565995727790937,1.1943639904950052,-1.4598258951146998,0.5032263223356062,40.650622318270266
Villalba,South,2024,21556.0,retention_bundle,-1.3530623215862367,0.8621442729549521,-1.7163131356215915,0.36325081403535475,78.30234547346107
Yabucoa,East,2024,29400.0,retention_bundle,-1.7030392293130738,0.9332437415573176,-2.096246676660821,0.39320744734774715,115.60298952023766
Yauco,South,2024,32993.0,retention_bundle,-1.738812631247589,0.8539916217524783,-2.09862845501653,0.35981582376894106,118.71403473608672
Adjuntas,Central Mountains,2024,17960.0,recovery_rebound_bundle,0.26425656041030243,1.0873289546284348,-0.9024586516057509,1.1667152120160533,209.54205207808317
Aguada,West,2024,37758.0,recovery_rebound_bundle,-0.1303772237227221,0.9401375046506607,-1.1391544878557884,1.0087772641330663,380.89411939136323
Aguadilla,West,2024,54137.0,recovery_rebound_bundle,-0.3925032988424524,0.9166370366440647,-1.3760643177940752,0.9835610189516228,532.4704288298401
Aguas Buenas,Central Mountains,2024,23614.0,recovery_rebound_bundle,-0.7337287947400271,0.9327899249467339,-1.7346220298719508,1.0008932351319237,236.35092854405246
Aibonito,Central Mountains,2024,24636.0,recovery_rebound_bundle,0.2358543807224971,0.933335083555348,-0.7656238152337702,1.0014781959562673,246.72416835578602
Anasco,West,2024,25094.0,recovery_rebound_bundle,-0.5021208404523752,0.9087721558509864,-1.477242760984962,0.975121920532587,244.69709473844736
Arecibo,North,2024,86467.0,recovery_rebound_bundle,-0.27917451738535015,0.9271205204363174,-1.273984422852209,0.9948099054668589,860.182280960029
Arroyo,South,2024,15341.0,recovery_rebound_bundle,-0.9597328170825832,0.9970187808370674,-2.0295442787536384,1.0698114616710552,164.11977633495658
Barceloneta,North,2024,22494.0,recovery_rebound_bundle,0.11798002540874752,1.0683209140075662,-1.0283393624654158,1.1463193878741633,257.8530831084143
Barranquitas,Central Mountains,2024,29054.0,recovery_rebound_bundle,0.33600382227499326,0.9468057234607383,-0.6799285095950736,1.0159323318700668,295.1689797015292
Bayamon,Metro,2024,182469.0,recovery_rebound_bundle,-0.38445038196512527,0.8866830139100115,-1.3358704247787252,0.9514200428135999,1736.0466379215477
Cabo Rojo,West,2024,46876.0,recovery_rebound_bundle,-0.024869183536862627,0.8890497275191318,-0.9788287345264305,0.9539595509895679,447.17807912186987
Caguas,East,2024,125586.0,recovery_rebound_bundle,-0.2925977475663415,0.9185860457900795,-1.278250073485681,0.9856523259193395,1237.8413300290617
Camuy,North,2024,32734.0,recovery_rebound_bundle,0.03567798608100614,0.8909904982816803,-0.9203640320056288,0.9560420180866349,312.9507942004791
Canovanas,East,2024,41816.0,recovery_rebound_bundle,-0.28912064725059916,0.895203857903837,-1.2496836437807302,0.960562996530131,401.6690226290396
Carolina,Metro,2024,152204.0,recovery_rebound_bundle,-0.5064415981850401,0.8493482957714427,-1.4178011023703043,0.9113595041852642,1387.1256197501395
Catano,Metro,2024,22467.0,recovery_rebound_bundle,-0.8955105668654624,0.9948975894469997,-1.9630459682404542,1.0675354013749918,239.8431786269194
Cayey,Central Mountains,2024,40917.0,recovery_rebound_bundle,-0.515818557531675,0.8812927270661037,-1.4614547668226348,0.9456362092909597,386.925967755582
Ceiba,East,2024,10995.0,recovery_rebound_bundle,-0.9428947087365893,0.8764707010892901,-1.8833568342914937,0.9404621255549044,103.40381070476174
Ciales,Central Mountains,2024,16805.0,recovery_rebound_bundle,-0.13674292461791349,0.9699684134202544,-1.1775290623320578,1.0407861377141443,174.90411044286193
Cidra,Central Mountains,2024,39643.0,recovery_rebound_bundle,-0.16108010460613875,0.8549907556557943,-1.0784940265940748,0.917413921987936,363.6904010936775
Coamo,South,2024,33998.0,recovery_rebound_bundle,-0.5781503323779864,0.9028341435162079,-1.5469007042723855,0.968750371894399,329.35575143665784
Comerio,Central Mountains,2024,18711.0,recovery_rebound_bundle,0.10916795525920753,1.1324438125812977,-1.1059559658577043,1.2151239211169118,227.36183688018536
Corozal,Central Mountains,2024,34444.0,recovery_rebound_bundle,0.08121299358357614,0.9436707232227054,-0.9313554506131083,1.0125684441966845,348.769074919106
Culebra,East,2024,1387.0,recovery_rebound_bundle,2.7175409701539888,1.1433233804961624,1.4907431601625067,1.226797809991482,17.015685624581856
Dorado,North,2024,35810.0,recovery_rebound_bundle,0.1419754408417877,0.9133718666105259,-0.838082016899833,0.9800574577416207,350.95857561727433
Fajardo,East,2024,31489.0,recovery_rebound_bundle,-0.5421158159146982,0.9360025578107679,-1.5464562393304762,1.004340423415778,316.25675592939433
Florida,North,2024,11532.0,recovery_rebound_bundle,-0.12050869820014465,0.9972263806840941,-1.1905429166537786,1.070034218453634,123.39634607207306
Guanica,West,2024,12855.0,recovery_rebound_bundle,-2.059293202262139,1.2740258558006063,-3.4263361198052333,1.3670429175430945,175.73336705016482
Guayama,South,2024,35298.0,recovery_rebound_bundle,-1.1502607094648807,0.9317050058248414,-2.1499898151602332,0.9997291056953526,352.88437972834555
Guayanilla,South,2024,17141.0,recovery_rebound_bundle,-0.8213581671974188,1.202333878879888,-2.1114748521621767,1.2901166849647578,221.13890096980913
Guaynabo,Metro,2024,89378.0,recovery_rebound_bundle,-0.18476405686880448,0.7445877407862347,-0.9837144022615913,0.7989503453927869,714.0858397051651
Gurabo,East,2024,40228.0,recovery_rebound_bundle,-0.26217676403051837,0.827267570918153,-1.1498434221189198,0.8876666580884014,357.09054321580214
Hatillo,North,2024,38157.0,recovery_rebound_bundle,-0.13183437482861926,0.8769489799529188,-1.0728096985499167,0.9409753237212974,359.04795427233546
Hormigueros,West,2024,15441.0,recovery_rebound_bundle,-0.3102488739254603,0.8279268125248813,-1.1986229050748753,0.888374031149415,137.1738341497812
Humacao,East,2024,50100.0,recovery_rebound_bundle,-0.387456395168856,0.9373893809995248,-1.3932848942068388,1.0058284990379827,503.92007801802936
Isabela,West,2024,42890.0,recovery_rebound_bundle,0.05035362165492052,0.8230106999797848,-0.8327453698977545,0.883098991552675,378.76115747694234
Jayuya,Central Mountains,2024,14566.0,recovery_rebound_bundle,-0.3442859942142369,0.942232332309858,-1.3553110300875235,1.0110250358732866,147.26590672530293
Juana Diaz,South,2024,46156.0,recovery_rebound_bundle,-0.03567324447449405,0.9622341855289513,-1.0681604756842442,1.0324872312097502,476.55480643717226
Juncos,East,2024,36829.0,recovery_rebound_bundle,-0.08258873885145745,0.8361681217288377,-0.9798057799972995,0.897217041145842,330.4360640836021
Lajas,West,2024,23035.0,recovery_rebound_bundle,-0.10612450631227976,1.0332533268325386,-1.2148160105256196,1.1086915042133398,255.38708799554283
Lares,Central Mountains,2024,27855.0,recovery_rebound_bundle,0.056814531840377436,1.11806744223947,-1.142883395238585,1.1996979270789625,334.175857587845
Las Marias,West,2024,8744.0,recovery_rebound_bundle,-0.04862806256321295,1.195623088695923,-1.3315440002665724,1.2829159377033594,112.17816959278176
Las Piedras,East,2024,34951.0,recovery_rebound_bundle,0.013078144349785381,0.9755194592167817,-1.0336643229055134,1.0467424672552987,365.8469597303994
Loiza,East,2024,22768.0,recovery_rebound_bundle,-1.4194202512378866,0.8422003426928681,-2.323109927855284,0.9036896766173972,205.752065572249
Luquillo,East,2024,17532.0,recovery_rebound_bundle,-0.18764438809408523,1.029709196233936,-1.2925330035264722,1.104888615432387,193.70907205760608
Manati,North,2024,38943.0,recovery_rebound_bundle,-0.21993592510120163,1.0022248836122871,-1.2953335888846096,1.075397663783408,418.7921122071725
Maricao,West,2024,4988.0,recovery_rebound_bundle,-1.4406715613692505,1.1598617289950819,-2.685215190317521,1.2445436289482708,62.07783621193975
Maunabo,East,2024,10399.0,recovery_rebound_bundle,-0.10295775525684392,1.3053024881122868,-1.5035608226914126,1.4006030674345686,145.64871298252078
Mayaguez,West,2024,70828.0,recovery_rebound_bundle,-0.8055537907221453,1.0913268812206642,-1.9765588193128631,1.1710050285907179,829.3994416502337
Moca,West,2024,37424.0,recovery_rebound_bundle,0.09241108427053235,0.8939267427939248,-0.8667815545404485,0.9591926388109808,358.9682531486215
Morovis,Central Mountains,2024,28397.0,recovery_rebound_bundle,-0.21586679018416288,0.9587235180018338,-1.2445870388346936,1.0287202486505307,292.1256890092912
Naguabo,East,2024,23054.0,recovery_rebound_bundle,-0.19337176959822155,1.055603805385328,-1.3260455684174184,1.1326737988191968,261.12661757977764
Naranjito,Central Mountains,2024,29310.0,recovery_rebound_bundle,0.388572444757618,0.9945719174548872,-0.6786135072021733,1.0671859519597913,312.7922025194148
Orocovis,Central Mountains,2024,21309.0,recovery_rebound_bundle,0.019965950570040913,0.9765269900469852,-1.0278576076846007,1.0478235582546416,223.2807220284816
Patillas,South,2024,15563.0,recovery_rebound_bundle,-0.862173469151406,0.8878334006242867,-1.8148278888051819,0.9526544196537758,148.26160733071714
Penuelas,South,2024,19853.0,recovery_rebound_bundle,-0.6567655457809287,1.0838657690832914,-1.8197647238954164,1.1629991781144877,230.89022683106924
Ponce,South,2024,132760.0,recovery_rebound_bundle,-1.0104451508666974,0.9733943729599761,-2.054907378593648,1.0444622277269506,1386.6280535302997
Quebradillas,North,2024,23409.0,recovery_rebound_bundle,-0.22541575013972381,0.8339949583628272,-1.1203009645218918,0.894885214382168,209.48367983472167
Rincon,West,2024,15378.0,recovery_rebound_bundle,0.70282638578983,0.9632716132513155,-0.3307740160937047,1.0336004018835347,158.94706980164997
Rio Grande,East,2024,46051.0,recovery_rebound_bundle,-0.7582148967405746,0.7663493627802823,-1.5805156875625228,0.8223007908219482,378.67773718141535
Sabana Grande,West,2024,22407.0,recovery_rebound_bundle,-0.2759958181822102,0.9581898601749768,-1.3041434464661499,1.0281476282839397,230.37703906958237
Salinas,South,2024,25079.0,recovery_rebound_bundle,-0.6897289414688821,1.0494332734540497,-1.815781695718441,1.1260527542495589,282.4027702382469
San German,West,2024,31305.0,recovery_rebound_bundle,-0.2648399011614857,1.0545494661449017,-1.3963823830731406,1.1315424819116549,354.22937396244356
San Juan,Metro,2024,336160.0,recovery_rebound_bundle,-0.47700980026142203,0.9429926126911008,-1.4888506248455833,1.0118408245841612,3401.404115922117
San Lorenzo,East,2024,37431.0,recovery_rebound_bundle,-0.030685073093305038,0.939199728398054,-1.0384560936100977,1.0077710205167927,377.2187706896406
San Sebastian,West,2024,39088.0,recovery_rebound_bundle,-0.04810865822000765,0.9091605713155696,-1.0236473525625656,0.9755386943425579,381.318564844619
Santa Isabel,South,2024,19903.0,recovery_rebound_bundle,-0.4306849937390398,0.9692717677735577,-1.470723623470502,1.040038629731462,206.99888847545293
Toa Alta,Metro,2024,66320.0,recovery_rebound_bundle,-0.21350072006388454,0.825027333339253,-1.09876358006459,0.8852628600007055,587.1063287524679
Toa Baja,Metro,2024,73039.0,recovery_rebound_bundle,-0.8468729718039302,0.9684934167516387,-1.8860764228402098,1.0392034510362795,759.0238086023882
Trujillo Alto,Metro,2024,67088.0,recovery_rebound_bundle,-0.27407387616563894,0.813297701617727,-1.1467507200370048,0.8726768438713659,585.4614410164219
Utuado,Central Mountains,2024,27621.0,recovery_rebound_bundle,-0.6792392745521028,0.927898444901542,-1.6748839010144003,0.9956446264622976,275.0070022751512
Vega Alta,North,2024,34921.0,recovery_rebound_bundle,-0.22795771501831585,0.9834499603695978,-1.2832096920172082,1.0552519769988924,368.5045428877832
Vega Baja,North,2024,53892.0,recovery_rebound_bundle,-0.028787856931122624,1.0375460588958856,-1.1420855070381195,1.1132976501069969,599.9783695956628
Vieques,East,2024,8078.0,recovery_rebound_bundle,-0.1902565819738573,1.1831846022650285,-1.4598258951146998,1.2695693131408425,102.55580911551726
Villalba,South,2024,21556.0,recovery_rebound_bundle,-0.7727604599166535,0.879350962381209,-1.7163131356215915,0.943552675704938,203.39221477495641
Yabucoa,East,2024,29400.0,recovery_rebound_bundle,-1.0813392175007248,0.9458505856851418,-2.096246676660821,1.0149074591600962,298.3827929930683
Yauco,South,2024,32993.0,recovery_rebound_bundle,-0.9837093752071293,1.0390571624155456,-2.09862845501653,1.1149190798094006,367.8452520015155
