region,year,p05,p10,p25,p50,p75,p90,p95,scenario,baseline_p50,abs_impact_vs_baseline,pct_impact_vs_baseline
Central Mountains,2025,386306.22083352454,386455.26514286577,387235.7503676285,387834.1744525598,388641.4128874254,389401.82423278864,389577.99373498734,baseline,387834.1744525598,0.0,0.0
Central Mountains,2026,376835.8092152363,377619.23341315833,379195.0707720911,380525.12132735155,382115.62207337294,383572.2745517688,384508.93450569117,baseline,380525.12132735155,0.0,0.0
Central Mountains,2027,367153.41855449113,368798.413027645,370949.99026548443,373320.1823510383,375810.61726217135,377838.84259941743,378813.3760434852,baseline,373320.1823510383,0.0,0.0
Central Mountains,2028,357252.8943320363,359811.2887793832,362619.3239071835,365597.5128806174,368955.7355096195,371559.99520382227,372503.8023778078,baseline,365597.5128806174,0.0,0.0
Central Mountains,2029,347872.9466257711,350382.8778071078,354336.97419624904,358179.0886686841,362122.8126330389,365304.5366050731,367135.0300183927,baseline,358179.0886686841,0.0,0.0
Central Mountains,2030,339300.9549862035,341387.3041762358,346046.966639755,350925.69941587886,355192.82633349317,359585.8875157922,361452.41068529023,baseline,350925.69941587886,0.0,0.0
East,2025,555493.9960594571,556184.8064410461,557135.1655672854,558029.0101174006,559204.1018035563,559744.2971606909,560355.6027773995,baseline,558029.0101174006,0.0,0.0
East,2026,542344.5127563692,543582.4396907447,545896.6590688193,547429.4339518503,550056.3118467589,551510.440720309,552470.37388369,baseline,547429.4339518503,0.0,0.0
East,2027,529381.4764592514,531454.5045244924,534233.1464345392,536366.7567731699,540273.1007469025,542792.0685066514,543628.4885911577,baseline,536366.7567731699,0.0,0.0
East,2028,517018.9728289911,518753.99695075356,521831.1476335707,526036.5282645572,530785.473435476,533537.1581417625,535267.3446714943,baseline,526036.5282645572,0.0,0.0
East,2029,504244.37117711833,505901.51989941683,509580.4657591181,514846.06591953535,520912.63500482345,524458.9263103639,526511.1763276344,baseline,514846.06591953535,0.0,0.0
East,2030,490905.11065375915,492806.23018831003,497119.84020848916,504089.95392130024,510335.39129351475,515042.5487418286,517949.39568707277,baseline,504089.95392130024,0.0,0.0
Metro,2025,963032.5238974612,964565.0151902843,967859.887620003,971195.6120287019,974156.3551447142,978004.8343925691,979495.3876103527,baseline,971195.6120287019,0.0,0.0
Metro,2026,932594.7442443024,938261.8538690377,944044.6752182553,952116.7951466141,959399.0545444465,965397.0934740861,968556.7026531808,baseline,952116.7951466141,0.0,0.0
Metro,2027,905653.3938691037,910895.266265079,919736.6783041009,932819.7935308393,944781.7439364955,953215.0244490532,957073.4555465243,baseline,932819.7935308393,0.0,0.0
Metro,2028,877377.9236723745,883577.6015014497,895444.4675040897,913001.5484531749,928542.2753594094,941853.8843587047,948716.6020452759,baseline,913001.5484531749,0.0,0.0
Metro,2029,851872.3516460804,858877.6172038376,873768.8957932409,892990.4951442814,911726.8480202958,929628.7154909195,938510.2050636067,baseline,892990.4951442814,0.0,0.0
Metro,2030,818855.2416989238,831955.9232969035,851637.5392641017,872654.0384943262,896139.8747461222,918585.6078152696,930113.6718965198,baseline,872654.0384943262,0.0,0.0
North,2025,369315.83638764365,369875.78401261003,370799.7143915222,371684.1942743435,372557.13200845604,373300.6248118617,373889.8977866653,baseline,371684.1942743435,0.0,0.0
North,2026,359394.9936640837,360769.2694693228,362978.84147972916,364585.955087418,366567.31180348387,367781.0801571568,369080.4287068418,baseline,364585.955087418,0.0,0.0
North,2027,350008.8159300415,351883.23781406105,354571.7854898548,357262.50858839543,360152.05611037306,362796.2103758332,364321.5635636831,baseline,357262.50858839543,0.0,0.0
North,2028,340951.7246834056,343186.7589015895,346099.818681658,349858.81456734636,353693.3010546975,357031.8975090359,359927.4086900561,baseline,349858.81456734636,0.0,0.0
North,2029,331861.45187522075,334094.811556243,338522.3885191311,342648.0214784882,347220.64842543355,350917.37225537613,353745.8396484701,baseline,342648.0214784882,0.0,0.0
North,2030,323015.0308966792,325794.69253692694,330627.80578169064,335487.2392543479,340839.1010519401,345577.3106536888,348051.43762360513,baseline,335487.2392543479,0.0,0.0
South,2025,406099.43247189897,406564.5589904419,407369.23483218095,408416.9197502703,409298.9911669011,410023.7073548235,410544.0910122587,baseline,408416.9197502703,0.0,0.0
South,2026,395985.2234181983,397105.26039146865,398684.00883059175,400713.6340182567,402616.7259720912,404744.26631523925,405468.31504987343,baseline,400713.6340182567,0.0,0.0
South,2027,385865.7979961991,387262.2089658486,389726.0330828251,392559.0583123528,395417.4451729605,399013.77819539706,400246.52065121016,baseline,392559.0583123528,0.0,0.0
South,2028,375583.0641717632,377630.3506704288,380500.595286158,384613.38038983464,388312.3183624076,392921.1271392058,396024.2513523483,baseline,384613.38038983464,0.0,0.0
South,2029,365069.84066535474,366860.8276705436,371171.83309551544,376343.3715341253,380908.2001474878,386452.6032684578,390754.18689286214,baseline,376343.3715341253,0.0,0.0
South,2030,353831.6578379673,356988.6352336073,361373.91203115537,368745.11508925306,373692.6141740321,380764.5943529173,385015.1485099267,baseline,368745.11508925306,0.0,0.0
West,2025,477284.1280768653,477844.7923568004,478736.0964892054,479639.45611685433,480498.27838197275,481378.20701969013,481633.19504496903,baseline,479639.45611685433,0.0,0.0
West,2026,466308.59779457474,467199.5609198869,468888.6055945909,470853.94806876214,472746.2888679172,473909.877789488,475154.54138443974,baseline,470853.94806876214,0.0,0.0
West,2027,454191.8075882601,456234.08587532584,458494.6958628154,461525.8786210922,464305.8442037906,467182.44696729456,468639.90911407943,baseline,461525.8786210922,0.0,0.0
West,2028,442607.23794967687,444877.40196613385,447955.4898785964,452139.1673293413,455645.86900867906,459704.1777189954,461991.987248932,baseline,452139.1673293413,0.0,0.0
West,2029,430986.19216985285,434453.2751499812,438077.29413337656,442412.9223881952,446944.46936532494,451524.1297474147,456070.4636008224,baseline,442412.9223881952,0.0,0.0
West,2030,419819.0821811741,423161.5757584338,427471.28436148755,432700.03338873613,438406.3917300354,444637.2098949445,449397.4751634851,baseline,432700.03338873613,0.0,0.0
Central Mountains,2025,386306.22083352454,386455.26514286577,387235.7503676285,387834.1744525598,388641.4128874254,389401.82423278864,389577.99373498734,hurricane_cat1,387834.1744525598,0.0,0.0
Central Mountains,2026,375416.1586897376,376197.63127079303,377771.2831937637,379101.39383132826,380688.80214725254,382137.7922166069,383076.7975838321,hurricane_cat1,380525.12132735155,-1423.7274960232899,-0.3741480959409537
Central Mountains,2027,363813.50878800784,365448.13328590646,367585.89369566465,369939.2937013795,372416.75498329266,374441.1698669472,375407.42795873305,hurricane_cat1,373320.1823510383,-3380.888649658824,-0.9056270754951378
Central Mountains,2028,352038.4449568629,354586.2225840456,357360.98263709014,360302.49211374135,363622.35981086595,366206.8040309002,367135.994268789,hurricane_cat1,365597.5128806174,-5295.020766876056,-1.4483196904583695
Central Mountains,2029,341245.9461814995,343727.07040193427,347620.4601871946,351408.4459587937,355288.62496614555,358423.4688537667,360232.04934595077,hurricane_cat1,358179.0886686841,-6770.642709890439,-1.890295364549684
Central Mountains,2030,331606.94383454794,333669.768028652,338236.08235954156,343021.20549981785,347215.39786762383,351523.65337687836,353358.66062723316,hurricane_cat1,350925.69941587886,-7904.493916061008,-2.2524693771981243
East,2025,555493.9960594571,556184.8064410461,557135.1655672854,558029.0101174006,559204.1018035563,559744.2971606909,560355.6027773995,hurricane_cat1,558029.0101174006,0.0,0.0
East,2026,540008.6788177021,541246.0678310397,543557.7116311145,545087.5788990099,547705.985230088,549162.2432446207,550121.3590886018,hurricane_cat1,547429.4339518503,-2341.8550528404303,-0.4277912197622919
East,2027,523876.1845362772,525944.6915892947,528702.3125157645,530822.2592664844,534698.0631063255,537206.7534127373,538038.4573398364,hurricane_cat1,536366.7567731699,-5544.497506685439,-1.0337138602775513
East,2028,508432.5697887219,510144.609945246,513178.84830647835,517337.543074567,522025.1489732717,524746.644575616,526461.4182495507,hurricane_cat1,526036.5282645572,-8698.985189990257,-1.6536846250371637
East,2029,493316.66547327844,494927.0594720627,498547.8181432763,503731.27688081807,509703.30773274123,513183.8298829907,515193.3229611833,hurricane_cat1,514846.06591953535,-11114.789038717281,-2.1588567485440198
East,2030,478224.29888715514,480087.4072343039,484307.1984983589,491132.57085404196,497235.121095057,501859.8761718825,504695.34412833204,hurricane_cat1,504089.95392130024,-12957.383067258284,-2.5704505647183007
Metro,2025,963032.5238974612,964565.0151902843,967859.887620003,971195.6120287019,974156.3551447142,978004.8343925691,979495.3876103527,hurricane_cat1,971195.6120287019,0.0,0.0
Metro,2026,929220.7791580427,934896.3397755647,940661.3115388085,948729.5110428107,955998.1052349415,961974.8846644645,965131.2191613552,hurricane_cat1,952116.7951466141,-3387.2841038033366,-0.35576350727871964
Metro,2027,897754.7209194286,903001.5170107629,911773.9203994072,924762.1065072117,936671.6897101903,945079.2671764607,948893.6131119012,hurricane_cat1,932819.7935308393,-8057.687023627572,-0.8637988901509285
Metro,2028,865117.7915514748,871257.4529437595,883015.4023077631,900381.0959846873,915774.9742265841,928936.7803740604,935744.5250757104,hurricane_cat1,913001.5484531749,-12620.45246848755,-1.3823035119567286
Metro,2029,836339.0185233222,843256.2655553492,857948.8331573472,876886.3195287909,895384.3243673104,912992.5763961569,921757.763635072,hurricane_cat1,892990.4951442814,-16104.17561549053,-1.803398323169001
Metro,2030,801045.704420977,813914.5831055942,833248.7158146176,853922.8049181867,876986.4919271481,899020.5238100466,910390.475714196,hurricane_cat1,872654.0384943262,-18731.233576139435,-2.146467299739795
North,2025,369315.83638764365,369875.78401261003,370799.7143915222,371684.1942743435,372557.13200845604,373300.6248118617,373889.8977866653,hurricane_cat1,371684.1942743435,0.0,0.0
North,2026,358165.598889302,359538.3326544081,361744.83013748814,363349.48011247127,365329.25930139684,366541.3925470925,367837.81569304096,hurricane_cat1,364585.955087418,-1236.4749749467592,-0.3391449828752414
North,2027,347118.9411514509,348988.35899387463,351658.596474427,354336.3835728914,357211.1512219315,359843.73411895306,361363.5311432281,hurricane_cat1,357262.50858839543,-2926.125015504018,-0.819040606042216
North,2028,336446.7012186215,338654.83578651375,341550.1119092154,345275.0761653179,349070.70550381066,352378.08159663086,355248.16273892805,hurricane_cat1,349858.81456734636,-4583.738402028452,-1.3101680481301983
North,2029,326137.99202743586,328350.0575973696,332707.2116665778,336780.1988234961,341298.27803452447,344941.4982472147,347718.5109674584,hurricane_cat1,342648.0214784882,-5867.822654992109,-1.7124927876930691
North,2030,316383.19448605285,319117.233163102,323865.01349805173,328645.42127787916,333910.84145149763,338569.57959131786,341002.9505377871,hurricane_cat1,335487.2392543479,-6841.817976468767,-2.0393675752542344
South,2025,406099.43247189897,406564.5589904419,407369.23483218095,408416.9197502703,409298.9911669011,410023.7073548235,410544.0910122587,hurricane_cat1,408416.9197502703,0.0,0.0
South,2026,394421.64946762566,395541.00493731606,397113.50025309063,399139.40498828515,401041.31090830255,403164.6950738426,403894.28442375903,hurricane_cat1,400713.6340182567,-1574.2290299715241,-0.3928563683210743
South,2027,382187.5173700241,383566.6618626027,386023.7530050153,388837.2099387817,391682.273394504,395250.4754141605,396484.23875386495,hurricane_cat1,392559.0583123528,-3721.8483735711197,-0.9480989661967515
South,2028,369846.1397160423,371872.21748582297,374710.23664654675,378777.61073139485,382433.8340720783,387005.3662117289,390067.5768058609,hurricane_cat1,384613.38038983464,-5835.769658439793,-1.5173080178658371
South,2029,357792.2024050931,359551.05224752857,363797.2632627847,368887.3454875323,373380.5737736607,378836.3779086865,383077.65722525027,hurricane_cat1,376343.3715341253,-7456.026046592975,-1.981176396491121
South,2030,345423.9835549904,348525.5139247109,352818.12676366785,360040.0681096117,364904.95299545745,371828.8171562483,376005.2937404533,hurricane_cat1,368745.11508925306,-8705.046979641367,-2.360721979336418
West,2025,477284.1280768653,477844.7923568004,478736.0964892054,479639.45611685433,480498.27838197275,481378.20701969013,481633.19504496903,hurricane_cat1,479639.45611685433,0.0,0.0
West,2026,464636.1102402705,465530.7097726389,467213.0090515371,469177.83316699154,471061.25917726615,472228.2455614623,473470.28123372275,hurricane_cat1,470853.94806876214,-1676.1149017706048,-0.3559734199204017
West,2027,450250.0663898864,452292.1034850435,454532.400757402,457547.49506773474,460317.3051239696,463175.6339054841,464636.23271816975,hurricane_cat1,461525.8786210922,-3978.3835533574456,-0.8620066041028343
West,2028,436461.63986253407,438709.99516440864,441761.3078411923,445905.4479171707,449377.0605475576,453389.8277801935,455664.848478583,hurricane_cat1,452139.1673293413,-6233.719412170583,-1.3787169665020194
West,2029,423171.2917519365,426593.8719887098,430165.6652939044,434439.7730184004,438908.81834258547,443432.4348814623,447906.3894272345,hurricane_cat1,442412.9223881952,-7973.149369794759,-1.8021963117068989
West,2030,410757.9912193065,414035.7631662231,418281.745493337,423415.31486146944,429021.8444686963,435142.4916195517,439818.2423366362,hurricane_cat1,432700.03338873613,-9284.718527266697,-2.1457633027093714
Central Mountains,2025,386306.22083352454,386455.26514286577,387235.7503676285,387834.1744525598,388641.4128874254,389401.82423278864,389577.99373498734,hurricane_cat2,387834.1744525598,0.0,0.0
Central Mountains,2026,373996.5081642391,374776.02912842773,376347.4956154363,377677.66633530497,379261.98222113214,380703.30988144496,381644.660661973,hurricane_cat2,380525.12132735155,-2847.4549920465797,-0.7482961918819074
Central Mountains,2027,360488.56994751835,362112.67427613976,364236.65634825657,366573.31266747555,369037.8130102301,371058.3843900234,372016.40894162917,hurricane_cat2,373320.1823510383,-6746.869683562778,-1.8072608989616852
Central Mountains,2028,346874.2982951141,349411.33265474514,352153.06708154536,355060.5458166833,358339.9665807304,360904.6206864885,361819.34098522057,hurricane_cat2,365597.5128806174,-10536.967063934077,-2.88212219522807
Central Mountains,2029,334713.3917063347,337165.8762394468,340999.56529464,344733.5784625428,348550.95298142073,351639.4120694765,353424.3598857249,hurricane_cat2,358179.0886686841,-13445.510206141334,-3.7538512524885115
Central Mountains,2030,324052.1614838199,326091.496057196,330565.9396623274,335258.82521608064,339381.12872627296,343605.66682260676,345409.58742613427,hurricane_cat2,350925.69941587886,-15666.874199798214,-4.46444196759484
East,2025,555493.9960594571,556184.8064410461,557135.1655672854,558029.0101174006,559204.1018035563,559744.2971606909,560355.6027773995,hurricane_cat2,558029.0101174006,0.0,0.0
East,2026,537678.7467440099,538909.6959713346,541218.7641934097,542745.7238461693,545355.658613417,546814.0457689324,547772.3442935136,hurricane_cat2,547429.4339518503,-4683.710105680977,-0.855582439524605
East,2027,518398.79855607596,520457.156227061,523197.232104743,525305.6833339287,529151.0598573762,531649.4655659513,532476.4419624313,hurricane_cat2,536366.7567731699,-11061.073439241154,-2.0622220336296673
East,2028,499940.5481413628,501624.20363405516,504621.46963493363,508733.7560324699,513360.4842156536,516051.96363312,517751.361530475,hurricane_cat2,526036.5282645572,-17302.77223208733,-3.28927199964055
East,2029,482566.295178204,484130.85408341617,487694.0174356406,492796.1868732885,498674.6309924234,502090.2761378623,504057.6076051079,hurricane_cat2,514846.06591953535,-22049.879046246875,-4.28281004864336
East,2030,465805.1603995617,467631.5744783001,471758.3146414692,478441.19153814693,484403.43589009217,488946.7632425685,491712.16381036944,hurricane_cat2,504089.95392130024,-25648.762383153313,-5.088132025570512
Metro,2025,963032.5238974612,964565.0151902843,967859.887620003,971195.6120287019,974156.3551447142,978004.8343925691,979495.3876103527,hurricane_cat2,971195.6120287019,0.0,0.0
Metro,2026,925846.814071783,931530.8256820918,937277.9478593618,945342.2269390076,952597.1559254364,958552.6758548429,961705.7356695296,hurricane_cat2,952116.7951466141,-6774.56820760644,-0.7115270145574148
Metro,2027,889874.0856450527,895141.0821404726,903844.7723506133,916738.3013941308,928595.5324729965,936986.3525902748,940747.8158120689,hurricane_cat2,932819.7935308393,-16081.49213670846,-1.7239655770851525
Metro,2028,852970.9339855673,859050.8384366619,870700.4006266578,887875.9135257136,903123.7166976876,916136.7792456574,922889.6882187666,hurricane_cat2,913001.5484531749,-25125.634927461273,-2.7519816335503062
Metro,2029,821017.5649826467,827847.3928317111,842343.0964400936,860999.4361218387,879260.945793851,896579.1836854214,905229.0113851568,hurricane_cat2,892990.4951442814,-31991.05902244267,-3.5824635532401543
Metro,2030,783545.2509024043,796185.4131187144,815176.7607491774,835512.490400387,858159.8122072463,879787.9414792929,891001.0944702175,hurricane_cat2,872654.0384943262,-37141.5480939392,-4.256159538094051
North,2025,369315.83638764365,369875.78401261003,370799.7143915222,371684.1942743435,372557.13200845604,373300.6248118617,373889.8977866653,hurricane_cat2,371684.1942743435,0.0,0.0
North,2026,356936.2041145204,358307.3958394935,360510.81879524706,362113.00513752445,364091.2067993098,365301.70493702823,366595.20267924014,hurricane_cat2,364585.955087418,-2472.9499498935766,-0.6782899657504987
North,2027,344240.6958390756,346105.08000481536,348753.79665087844,351421.92932279425,354281.932050328,356902.95733362227,358417.19971442886,hurricane_cat2,357262.50858839543,-5840.579265601176,-1.634814492200229
North,2028,331981.0306355355,334162.4505454416,337039.9353008699,340728.2731647185,344488.04907993576,347764.3596993469,350609.1323894401,hurricane_cat2,349858.81456734636,-9130.54140262783,-2.609778865774508
North,2029,320488.3817270656,322679.20645596914,326966.7464263788,330987.53069412766,335451.46239802253,339041.75659852056,341767.98600216466,hurricane_cat2,342648.0214784882,-11660.490784360562,-3.4030521273833236
North,2030,309860.0003936657,312548.9577589824,317212.57046896557,321914.9402219134,327094.95579113456,331675.2152527317,334068.3541130747,hurricane_cat2,335487.2392543479,-13572.29903243453,-4.045548517016697
South,2025,406099.43247189897,406564.5589904419,407369.23483218095,408416.9197502703,409298.9911669011,410023.7073548235,410544.0910122587,hurricane_cat2,408416.9197502703,0.0,0.0
South,2026,392858.07551705296,393976.7494831635,395542.9916755896,397564.6215462794,399465.8958445139,401585.123832446,402320.2537976445,hurricane_cat2,400713.6340182567,-3149.012471977272,-0.7858510928115318
South,2027,378526.32048877876,379888.28794634383,382338.6059523041,385132.5639767527,387964.292828779,391509.3134456886,392739.1842697291,hurricane_cat2,392559.0583123528,-7426.494335600117,-1.8918158117474841
South,2028,364167.1557037647,366172.1535300276,368978.1401134594,372995.4078429956,376614.1879672398,381148.5198948484,384170.1679544387,hurricane_cat2,384613.38038983464,-11617.972546839039,-3.020688602945469
South,2029,350623.1532506978,352350.27020238736,356532.3506167669,361541.8831793017,365964.3086296335,371332.5066130567,375514.0093261417,hurricane_cat2,376343.3715341253,-14801.48835482361,-3.9329743724426063
South,2030,337175.81792083493,340222.58817098127,344425.39904586086,351499.07433239615,356282.29312636156,363060.452772694,367163.7588696767,hurricane_cat2,368745.11508925306,-17246.040756856906,-4.676954365261919
West,2025,477284.1280768653,477844.7923568004,478736.0964892054,479639.45611685433,480498.27838197275,481378.20701969013,481633.19504496903,hurricane_cat2,479639.45611685433,0.0,0.0
West,2026,462963.6226859662,463853.91453356436,465537.4125084833,467501.718265221,469376.22948661516,470544.949396366,471786.0210830058,hurricane_cat2,470853.94806876214,-3352.2298035411513,-0.711946839840791
West,2027,446324.99169166374,448366.7111978549,450586.7849674891,453585.8028143768,456345.4570512122,459185.5509111046,460649.2200258472,hurricane_cat2,461525.8786210922,-7940.075806715409,-1.7203966612745731
West,2028,430372.46680587326,432599.10112066264,435623.76246945607,439728.54678793694,443165.27819851186,447132.814710023,449395.00419665745,hurricane_cat2,452139.1673293413,-12410.62054140435,-2.744867385568561
West,2029,415462.40604295937,418840.84047099575,422360.9278313738,426574.1210044038,430981.26017060154,435449.24945072306,439851.65239261516,hurricane_cat2,442412.9223881952,-15838.801383791375,-3.5800946541732386
West,2030,401852.9800604895,405066.99836244783,409249.86818179145,414290.62012645364,419797.6330180145,425809.55297970324,430401.97446586704,hurricane_cat2,432700.03338873613,-18409.413262282498,-4.254543989309922
Central Mountains,2025,386306.22083352454,386455.26514286577,387235.7503676285,387834.1744525598,388641.4128874254,389401.82423278864,389577.99373498734,hurricane_cat3,387834.1744525598,0.0,0.0
Central Mountains,2026,371968.43598495534,372745.1689250488,374313.51336068293,375643.6180610732,377223.6680409601,378654.04940264224,379598.750773603,hurricane_cat3,380525.12132735155,-4881.503266278363,-1.2828333775312006
Central Mountains,2027,355764.34521458676,357373.4422666285,359477.80776838755,361790.6284831057,364236.63521186257,366251.6585397535,367197.99342229916,hurricane_cat3,373320.1823510383,-11529.553867932642,-3.0883821483541536
Central Mountains,2028,339583.73075086955,342105.2012056643,344800.1871867196,347659.4694131692,350881.37398241775,353418.07982962404,354312.3824155727,hurricane_cat3,365597.5128806174,-17938.04346744821,-4.90650040972946
Central Mountains,2029,325543.2334496336,327955.09517614054,331704.6222708236,335362.40953965613,339091.33711826574,342114.3849177562,343865.89048744703,hurricane_cat3,358179.0886686841,-22816.679129027994,-6.370187386939676
Central Mountains,2030,313497.4020949792,315503.2498515642,319848.9781744576,324412.44801520044,328433.616584401,332540.6593955838,334300.90596196655,hurricane_cat3,350925.69941587886,-26513.25140067842,-7.55523218869696
East,2025,555493.9960594571,556184.8064410461,557135.1655672854,558029.0101174006,559204.1018035563,559744.2971606909,560355.6027773995,hurricane_cat3,558029.0101174006,0.0,0.0
East,2026,534350.2723530211,535572.0218860416,537877.4107109744,539400.2166278258,541998.0491610299,543459.4779465204,544415.3186621816,hurricane_cat3,547429.4339518503,-8029.217324024532,-1.4667127534707514
East,2027,510622.3697095785,512655.7611074425,515382.0433486453,517473.29595682956,521275.4005892515,523759.1016216841,524579.3046739525,hurricane_cat3,536366.7567731699,-18893.460816340288,-3.5224891508946286
East,2028,487971.79423407704,489612.34697796544,492560.2807189738,496606.7500682705,501147.3083506543,503790.6904693635,505473.7048238445,hurricane_cat3,526036.5282645572,-29429.77819628676,-5.594626345318318
East,2029,467512.45309808024,469013.10591660306,472495.0118112184,477482.52301897923,483228.9141912374,486553.4101021898,488461.53429656115,hurricane_cat3,514846.06591953535,-37363.54290055612,-7.2572260669455355
East,2030,448509.4502548309,450284.3055029237,454281.8019531877,460763.9891290092,466530.2060039024,470958.8886295931,473626.4355713018,hurricane_cat3,504089.95392130024,-43325.96479229105,-8.59488757021633
Metro,2025,963032.5238974612,964565.0151902843,967859.887620003,971195.6120287019,974156.3551447142,978004.8343925691,979495.3876103527,hurricane_cat3,971195.6120287019,0.0,0.0
Metro,2026,921026.8639485546,926722.9484057018,932444.5711744378,940503.2496478601,947738.6569118579,953667.9503268475,956812.1878240645,hurricane_cat3,952116.7951466141,-11613.545498754014,-1.219760596384152
Metro,2027,878674.4661026906,883969.6797266328,892575.7208064481,905334.4974039432,917116.9658907715,925483.6114975815,929170.020413475,hurricane_cat3,932819.7935308393,-27485.29612689605,-2.9464743691662862
Metro,2028,835833.4937574922,841808.7403641532,853321.6386846278,870210.2950454266,885250.7590543847,898053.1614961908,904727.9738159996,hurricane_cat3,913001.5484531749,-42791.2534077483,-4.686876323511837
Metro,2029,799493.5149980863,806199.498857088,820417.1520299449,838676.9625921913,856603.8278118741,873513.9487101138,882000.6074175544,hurricane_cat3,892990.4951442814,-54313.532552090124,-6.082207240438167
Metro,2030,759072.8221207617,771391.5455954636,789901.2619411261,809760.5895952638,831823.0284467342,852881.2415979834,863872.6728475846,hurricane_cat3,872654.0384943262,-62893.44889906235,-7.207145801740453
North,2025,369315.83638764365,369875.78401261003,370799.7143915222,371684.1942743435,372557.13200845604,373300.6248118617,373889.8977866653,hurricane_cat3,371684.1942743435,0.0,0.0
North,2026,355179.9258648323,356548.91467532964,358747.94544918847,360346.6123161719,362322.56036775693,363530.7226369363,364820.04123095336,hurricane_cat3,364585.955087418,-4239.342771246156,-1.1627827984294332
North,2027,340149.0903852395,342006.2321764822,344624.34245500626,347278.66845652444,350117.60437520535,352722.1426419599,354228.4524547309,hurricane_cat3,357262.50858839543,-9983.840131870995,-2.794538999157464
North,2028,325669.42978436715,327813.005959899,330665.06232838705,334301.44672022504,338010.34125456994,341242.54103684844,344051.36943658424,hurricane_cat3,349858.81456734636,-15557.36784712132,-4.446756005379019
North,2029,312544.36131520814,314704.93721041176,318894.4198949605,322841.39332870836,327228.66393450706,330744.3432699172,333399.17859519983,hurricane_cat3,342648.0214784882,-19806.628149779863,-5.780458928178385
North,2030,300726.976172741,303352.4635846183,307897.83575266105,312490.4185679506,317550.21035516995,322020.06339533674,324356.6269983452,hurricane_cat3,335487.2392543479,-22996.820686397317,-6.854752728452482
South,2025,406099.43247189897,406564.5589904419,407369.23483218095,408416.9197502703,409298.9911669011,410023.7073548235,410544.0910122587,hurricane_cat3,408416.9197502703,0.0,0.0
South,2026,390624.39844480634,391742.0988343741,393299.4079934452,395311.6049502697,397215.30289624433,399328.59348759364,400071.63861748105,hurricane_cat3,400713.6340182567,-5402.029067986994,-1.3481021381321094
South,2027,373325.67429759214,374663.2582882986,377103.83071645885,379870.0535204067,382682.7135120735,386200.3169045678,387418.99072346964,hurricane_cat3,392559.0583123528,-12689.004791946092,-3.2323810961074955
South,2028,356154.25727720716,358129.36363367044,360889.92358296027,364835.87375963945,368401.89738095086,372883.220460386,375847.52816927544,hurricane_cat3,384613.38038983464,-19777.50663019519,-5.1421785196732355
South,2029,340567.8887310267,342250.3682634741,346341.97768485313,351237.99985641195,355560.65104527544,360805.406677554,364902.42638682266,hurricane_cat3,376343.3715341253,-25105.371677713352,-6.67086856754614
South,2030,325664.9375687003,328634.6613519691,332712.5495014029,339577.654920873,344245.8420113181,350819.97959924827,354820.3180198857,hurricane_cat3,368745.11508925306,-29167.460168380057,-7.9099244911543325
West,2025,477284.1280768653,477844.7923568004,478736.0964892054,479639.45611685433,480498.27838197275,481378.20701969013,481633.19504496903,hurricane_cat3,479639.45611685433,0.0,0.0
West,2026,460574.3547512458,461458.49276345776,463143.70316126355,465107.26840554876,466970.7871680528,468137.4501455875,469379.9351534102,hurricane_cat3,470853.94806876214,-5746.679663213377,-1.2204802968699222
West,2027,440746.6533985465,442787.78668070695,444979.1244883799,447955.19674835424,450700.34216360777,453514.4538932486,454982.3940328336,hurricane_cat3,461525.8786210922,-13570.681872737943,-2.9403945697006795
West,2028,421771.02083100216,423966.7778562863,426953.5805424961,431002.4574833796,434389.7181445916,438293.17665120517,440536.96399281523,hurricane_cat3,452139.1673293413,-21136.709845961712,-4.674823897874256
West,2029,404631.72127371625,407948.0913705159,411394.82498913526,415522.04175214295,419841.77011136047,424231.0128250092,428532.623333673,hurricane_cat3,442412.9223881952,-26890.88063605223,-6.0782312801561496
West,2030,389398.3026473357,392522.90302816575,396616.6729712918,401527.0396404426,406894.262368962,412753.3379862435,417228.7494751874,hurricane_cat3,432700.03338873613,-31172.99374829355,-7.204296589523913
Central Mountains,2025,386306.22083352454,386455.26514286577,387235.7503676285,387834.1744525598,388641.4128874254,389401.82423278864,389577.99373498734,hurricane_cat4,387834.1744525598,0.0,0.0
Central Mountains,2026,369129.1349339582,369901.96464031824,371465.93820402824,372791.68061590695,374370.0281887193,375785.0847323184,376734.4769298848,hurricane_cat4,380525.12132735155,-7733.440711444593,-2.032307534511448
Central Mountains,2027,349201.2019600706,350789.33139150206,352866.36566198233,355145.9824504331,357566.1416283746,359573.284368392,360503.3970700311,hurricane_cat4,373320.1823510383,-18174.19990060525,-4.868260747691318
Central Mountains,2028,329547.2512580377,332046.51215430617,334676.897879269,337469.52911173325,340611.4856439061,343109.6497537287,343975.8653449169,hurricane_cat4,365597.5128806174,-28127.98376888415,-7.693702166422858
Central Mountains,2029,313020.82759338757,315376.39474341116,319013.23351811577,322563.09098344157,326173.05567940394,329103.8240560668,330809.13881154277,hurricane_cat4,358179.0886686841,-35615.99768524256,-9.94362842834395
Central Mountains,2030,299181.3050031419,301140.4301153656,305310.86827366403,309697.7348647603,313578.166477356,317527.01187670615,319227.54518092785,hurricane_cat4,350925.69941587886,-41227.96455111855,-11.748345766566292
East,2025,555493.9960594571,556184.8064410461,557135.1655672854,558029.0101174006,559204.1018035563,559744.2971606909,560355.6027773995,hurricane_cat4,558029.0101174006,0.0,0.0
East,2026,529690.4082056369,530899.2781666315,533199.5158355648,534716.5065221449,537297.3959276879,538763.0829951437,539713.8613272384,hurricane_cat4,547429.4339518503,-12712.927429705393,-2.3222951929953353
East,2027,499831.04684256087,501851.8755090655,504539.8129518807,506603.68474019284,510345.59552802896,512808.6855184358,513630.4483395042,hurricane_cat4,536366.7567731699,-29763.072032977012,-5.549015045606909
East,2028,471534.52463258145,473115.83104828256,475995.4361182549,479950.70964924525,484372.2017011211,486945.8454270481,488609.04741273803,hurricane_cat4,526036.5282645572,-46085.81861531199,-8.760954066698245
East,2029,447027.9725602711,448442.2077151298,451812.3590989134,456642.23035742086,462206.9725841899,465406.8488026764,467234.08274216915,hurricane_cat4,514846.06591953535,-58203.83556211449,-11.305094748691563
East,2030,425156.6406540844,426860.99950672965,430687.30504852335,436891.53685875965,442391.8585799892,446663.3341385992,449198.2361435094,hurricane_cat4,504089.95392130024,-67198.4170625406,-13.330640005777973
Metro,2025,963032.5238974612,964565.0151902843,967859.887620003,971195.6120287019,974156.3551447142,978004.8343925691,979495.3876103527,hurricane_cat4,971195.6120287019,0.0,0.0
Metro,2026,914278.933776035,919991.9202187558,925677.8438155442,933713.2956708092,940936.7582928478,946852.8437174388,949961.2208404134,hurricane_cat4,952116.7951466141,-18403.499475804856,-1.9329035649424655
Metro,2027,863110.6500978384,868443.9370924875,876914.2824362735,889485.3383681264,901163.1909240398,909495.5268750129,913077.833031867,hurricane_cat4,932819.7935308393,-43334.45516271284,-4.6455334099083085
Metro,2028,812235.6850425111,818054.423774577,829391.0131953,845868.9740261447,860621.8044734204,873132.8840139034,879698.8406891332,hurricane_cat4,913001.5484531749,-67132.57442703017,-7.352952964950331
Metro,2029,770069.1125030468,776603.7734527822,790438.3975500696,808153.0720200302,825617.7495018961,841968.5909528661,850230.022255641,hurricane_cat4,892990.4951442814,-84837.42312425119,-9.50037246595149
Metro,2030,725835.38156041,737714.4248299389,755565.5675512922,774771.5580185973,796034.4998085694,816314.1972070117,826999.7134739665,hurricane_cat4,872654.0384943262,-97882.48047572887,-11.216642123677662
North,2025,369315.83638764365,369875.78401261003,370799.7143915222,371684.1942743435,372557.13200845604,373300.6248118617,373889.8977866653,hurricane_cat4,371684.1942743435,0.0,0.0
North,2026,352721.13631526893,354087.0410455003,356279.9227647064,357873.66236627824,359846.4553635829,361051.3474168078,362334.8152033517,hurricane_cat4,364585.955087418,-6712.292721139791,-1.841072764179948
North,2027,334460.7152054642,336307.616066395,338883.1495542571,341518.11729657004,344327.61094490695,346909.11454751616,348404.323976831,hurricane_cat4,357262.50858839543,-15744.391291825392,-4.406953126437516
North,2028,316966.5879334176,319057.81332516734,321874.24907261267,325438.6273310458,329076.9537324708,332247.92815181403,335006.850171931,hurricane_cat4,349858.81456734636,-24420.187236300553,-6.980011998983026
North,2029,301670.2657553254,303788.6885900758,307843.61174427276,311688.7522756199,315970.061398861,319383.22304614075,321940.35841774696,hurricane_cat4,342648.0214784882,-30959.269202868338,-9.035297816483085
North,2030,288302.12513321266,290839.8137900354,295223.5430604274,299670.8228419663,304560.6934271231,308879.30815521127,311138.41893405875,hurricane_cat4,335487.2392543479,-35816.41641238163,-10.675940012498538
South,2025,406099.43247189897,406564.5589904419,407369.23483218095,408416.9197502703,409298.9911669011,410023.7073548235,410544.0910122587,hurricane_cat4,408416.9197502703,0.0,0.0
South,2026,387497.250543661,388613.58792606904,390158.39083844307,392157.381715856,394064.47276866704,396169.45100480044,396923.57736525213,hurricane_cat4,400713.6340182567,-8556.252302400651,-2.1352536015809296
South,2027,366103.3424696898,367407.0962652767,369833.8871866132,372567.40480437095,375347.4437694797,378826.74165089056,380029.78517542407,hurricane_cat4,392559.0583123528,-19991.653507981857,-5.0926486307379575
South,2028,345132.25682326034,347065.9536463576,349763.5758217754,353611.0157024894,357103.8094757948,361511.1900675891,364396.41188259155,hurricane_cat4,384613.38038983464,-31002.364687345224,-8.060656822683077
South,2029,326853.19207866595,328474.5381560249,332441.7308265307,337185.31840850913,341367.5450955109,346442.82680215396,350423.36474389886,hurricane_cat4,376343.3715341253,-39158.05312561616,-10.40487386983657
South,2030,310076.42290961277,312940.5946232609,316848.3811258792,323429.53171298525,327939.87721983844,334236.399835583,338095.63946647075,hurricane_cat4,368745.11508925306,-45315.58337626781,-12.289134559870545
West,2025,477284.1280768653,477844.7923568004,478736.0964892054,479639.45611685433,480498.27838197275,481378.20701969013,481633.19504496903,hurricane_cat4,479639.45611685433,0.0,0.0
West,2026,457225.816859287,458104.9022853086,459792.5100751559,461755.03860200767,463599.96693502826,464766.9511944975,466011.4148519762,hurricane_cat4,470853.94806876214,-9098.90946675447,-1.9324271367107009
West,2027,432994.1220744146,435034.17271016375,437185.58604220033,440129.57557020645,442854.40763089387,445632.27829944197,447105.97034062765,hurricane_cat4,461525.8786210922,-21396.303050885734,-4.635992052019225
West,2028,409920.1551393703,412072.9870570032,415007.21117919235,418978.4408540223,422301.19850473467,426111.9574912095,428329.84410922177,hurricane_cat4,452139.1673293413,-33160.72647531901,-7.334185770985089
West,2029,389824.3274045891,393056.8926771775,396400.1815680381,400409.0781984383,404608.4439966605,408888.8620477041,413052.1482642239,hurricane_cat4,442412.9223881952,-42003.8441897569,-9.49426250097203
West,2030,372478.95992368285,375481.60188806243,379452.7186896991,384184.85472801945,389360.9995999719,395013.31640403555,399326.4847593471,hurricane_cat4,432700.03338873613,-48515.17866071669,-11.212196652901763
Central Mountains,2025,386306.22083352454,386455.26514286577,387235.7503676285,387834.1744525598,388641.4128874254,389401.82423278864,389577.99373498734,hurricane_cat5_maria_like,387834.1744525598,0.0,0.0
Central Mountains,2026,365479.9923899167,366246.4162742361,367804.77014547214,369124.9039006933,370701.0626644096,372102.09244853136,373051.8391308186,hurricane_cat5_maria_like,380525.12132735155,-11400.217426658259,-2.995917164914607
Central Mountains,2027,340849.91155555804,342411.15558894986,344453.27593445213,346699.75947847497,349077.48759399273,351068.63969891693,351983.80525961897,hurricane_cat5_maria_like,373320.1823510383,-26620.42287256336,-7.130721597990593
Central Mountains,2028,316932.3585377655,319402.36172705126,321951.1328943539,324659.47417330375,327700.5130937035,330149.2340570275,330980.1830760912,hurricane_cat5_maria_like,365597.5128806174,-40938.03870731365,-11.197570351273587
Central Mountains,2029,297451.6345315964,299735.8174389657,303241.665320291,306645.51320206944,310114.86873861094,312921.6781977411,314568.6780652015,hurricane_cat5_maria_like,358179.0886686841,-51533.57546661468,-14.387656090744949
Central Mountains,2030,281542.9204824091,283442.29318868276,287395.5793417747,291563.0720184527,295267.0651533337,299020.04003949626,300646.19808251987,hurricane_cat5_maria_like,350925.69941587886,-59362.62739742617,-16.91601028258579
East,2025,555493.9960594571,556184.8064410461,557135.1655672854,558029.0101174006,559204.1018035563,559744.2971606909,560355.6027773995,hurricane_cat5_maria_like,558029.0101174006,0.0,0.0
East,2026,523699.1543018571,524891.4648131041,527185.3429042308,528694.5935291266,531253.698913391,532724.8609148022,533669.1304680257,hurricane_cat5_maria_like,547429.4339518503,-18734.840422723675,-3.4223297580983774
East,2027,486120.5074731019,488131.7506566461,490763.84557249886,492793.8095151567,496467.3252764224,498894.3106749323,499721.19825926237,hurricane_cat5_maria_like,536366.7567731699,-43572.947258013126,-8.123722566281298
East,2028,450941.69359747326,452448.691770361,455241.70461713563,459081.347219472,463352.4341387897,465838.09419372585,467475.3847570066,hurricane_cat5_maria_like,526036.5282645572,-66955.18104508525,-12.728237954496532
East,2029,421681.63869255316,422989.8636056427,426219.7386332375,430851.81747432373,436186.1462359024,439233.176182241,440959.78318019275,hurricane_cat5_maria_like,514846.06591953535,-83994.24844521162,-16.31443920916334
East,2030,396561.9493742243,398178.5207873835,401792.8286913003,407652.9805197881,412825.68947597884,416900.6298257873,419272.2567760837,hurricane_cat5_maria_like,504089.95392130024,-96436.97340151214,-19.130905635260508
Metro,2025,963032.5238974612,964565.0151902843,967859.887620003,971195.6120287019,974156.3551447142,978004.8343925691,979495.3876103527,hurricane_cat5_maria_like,971195.6120287019,0.0,0.0
Metro,2026,905603.0235542239,911337.7411212539,916977.7657826811,924969.2242662264,932191.4600684064,938087.9073480187,941152.8347185762,hurricane_cat5_maria_like,952116.7951466141,-27147.570880387677,-2.8512857895976187
Metro,2027,843300.4126144116,848682.5755648478,856975.6910317459,869306.9908371264,880850.4258211858,889125.1028883345,892587.9798436692,hurricane_cat5_maria_like,932819.7935308393,-63512.802693712874,-6.8086894311396415
Metro,2028,782544.8716774164,788166.4366510167,799305.0111526892,815236.3863067853,829623.9155854133,841766.5707822974,848193.4043739847,hurricane_cat5_maria_like,913001.5484531749,-97765.1621463896,-10.70810474659383
Metro,2029,733431.3776631703,739749.2996088669,753102.0389813982,770132.759650709,787013.9695655749,802666.112488021,810643.4362918898,hurricane_cat5_maria_like,892990.4951442814,-122857.73549357243,-13.758011553496118
Metro,2030,684840.0313553025,696142.1623905668,713172.98530972,731552.8268077587,751829.5212402588,771140.8065555148,781440.6974945563,hurricane_cat5_maria_like,872654.0384943262,-141101.21168656752,-16.16920399864567
North,2025,369315.83638764365,369875.78401261003,370799.7143915222,371684.1942743435,372557.13200845604,373300.6248118617,373889.8977866653,hurricane_cat5_maria_like,371684.1942743435,0.0,0.0
North,2026,349559.8354658304,350921.77495000546,353106.7507418009,354694.1552878436,356662.89178678766,357859.3480892334,359139.5245964354,hurricane_cat5_maria_like,364585.955087418,-9891.799799574423,-2.713159863002027
North,2027,327215.44275534526,329049.0025241331,331570.2609221029,334180.2898957544,336952.01707430626,339498.5910742214,340984.93196640624,hurricane_cat5_maria_like,357262.50858839543,-23082.218692641007,-6.460856691580305
North,2028,306003.9082886492,308028.9012973812,310799.5105818823,314272.55306174525,317821.28610020305,320914.44882195996,323609.9163752557,hurricane_cat5_maria_like,349858.81456734636,-35586.26150560111,-10.171606380593538
North,2029,288106.2859806713,290160.8339852836,294057.3770883019,297774.1435734568,301921.5440183115,305206.17994810204,307641.4963559093,hurricane_cat5_maria_like,342648.0214784882,-44873.87790503143,-13.096202251921849
North,2030,272930.27505003207,275358.1651458475,279544.860848806,283809.05119750474,288483.919963863,292613.7003011836,294776.1766709216,hurricane_cat5_maria_like,335487.2392543479,-51678.18805684318,-15.403920629500792
South,2025,406099.43247189897,406564.5589904419,407369.23483218095,408416.9197502703,409298.9911669011,410023.7073548235,410544.0910122587,hurricane_cat5_maria_like,408416.9197502703,0.0,0.0
South,2026,383476.6318136171,384591.21675824816,386119.94021058315,388101.95184303855,390013.4054617819,392107.6963840662,392876.0700409579,hurricane_cat5_maria_like,400713.6340182567,-12611.682175218128,-3.1473054831579637
South,2027,356917.89784483064,358178.6813755197,360587.51716310496,363287.74806030974,366017.4249017914,369447.6075885485,370630.63304231,hurricane_cat5_maria_like,392559.0583123528,-29271.31025204307,-7.456536699951111
South,2028,331293.8138013134,333175.0175912078,335792.8480353399,339515.9031678749,342915.62381406623,347228.4084822366,350013.4891158115,hurricane_cat5_maria_like,384613.38038983464,-45097.477221959736,-11.725405178636803
South,2029,309829.2746653147,311374.31489722757,315185.3442671499,319738.8521335968,323744.33045621647,328607.3756974062,332441.20787967416,hurricane_cat5_maria_like,376343.3715341253,-56604.519400528516,-15.040657995326443
South,2030,290911.1732978394,293643.5451302457,297340.65567059553,303570.18897501717,307883.02262590965,313836.02891003614,317519.0236926827,hurricane_cat5_maria_like,368745.11508925306,-65174.92611423589,-17.674790376127586
West,2025,477284.1280768653,477844.7923568004,478736.0964892054,479639.45611685433,480498.27838197275,481378.20701969013,481633.19504496903,hurricane_cat5_maria_like,479639.45611685433,0.0,0.0
West,2026,452912.0017388945,453793.1430991168,455483.8332501603,457445.0288545977,459266.05134270905,460433.4525430961,461680.460178704,hurricane_cat5_maria_like,470853.94806876214,-13408.91921416443,-2.847787359363127
West,2027,423134.2535041715,425162.74963968905,427263.35585352394,430170.2730684127,432864.8797630026,435596.3843608764,437077.0816472425,hurricane_cat5_maria_like,461525.8786210922,-31355.60555267951,-6.793899758418991
West,2028,395008.0193616036,397106.7692009747,399973.53205238393,403845.99812593893,407088.07458947063,410780.4081021746,412964.76762429747,hurricane_cat5_maria_like,452139.1673293413,-48293.16920340236,-10.681040859312523
West,2029,371384.2450791758,374496.45126269525,377723.77883568965,381584.018312383,385631.91555898724,389774.96983291267,393765.11649389117,hurricane_cat5_maria_like,442412.9223881952,-60828.9040758122,-13.749350662600646
West,2030,351589.16321961343,354440.41418912297,358257.387271073,362767.6150423974,367705.86456850526,373121.18672715174,377211.7098291693,hurricane_cat5_maria_like,432700.03338873613,-69932.41834633873,-16.16187033743806
Central Mountains,2025,386306.22083352454,386455.26514286577,387235.7503676285,387834.1744525598,388641.4128874254,389401.82423278864,389577.99373498734,earthquake_m6_0,387834.1744525598,0.0,0.0
Central Mountains,2026,375010.5442538809,375791.45923011727,377364.486742813,378694.6145467502,380281.1393112181,381727.9401208463,382667.6156061581,earthquake_m6_0,380525.12132735155,-1830.5067806013394,-0.4810475519240746
Central Mountains,2027,363127.2977555831,364760.33051512553,366895.1685481823,369245.2644102616,371720.16468335007,373743.2109656747,374707.53107064497,earthquake_m6_0,373320.1823510383,-4074.917940776737,-1.091534327213264
Central Mountains,2028,351199.220841832,353743.72595137195,356513.26188888063,359449.17593148106,362762.30057866906,365343.3660186972,366270.9361832522,earthquake_m6_0,365597.5128806174,-6148.336949136341,-1.6817228598445157
Central Mountains,2029,340293.690128034,342769.8625982391,346654.07791814714,350434.09710288455,354306.42003951326,357433.78919361427,359238.26030071784,earthquake_m6_0,358179.0886686841,-7744.991565799573,-2.1623237678634264
Central Mountains,2030,330571.4780713958,332630.2822731086,337183.93425278895,341957.0400473931,346140.32241719693,350437.0182643027,352267.80980601866,earthquake_m6_0,350925.69941587886,-8968.659368485736,-2.5557146095068575
East,2025,555493.9960594571,556184.8064410461,557135.1655672854,558029.0101174006,559204.1018035563,559744.2971606909,560355.6027773995,earthquake_m6_0,558029.0101174006,0.0,0.0
East,2026,539967.0728878147,541204.3469049735,543515.9447125841,545045.7600587804,547664.015111933,549120.3111468406,550079.4123958322,earthquake_m6_0,547429.4339518503,-2383.6738930698484,-0.4354303486866413
East,2027,524125.1147673407,526194.1054506751,528952.4795663386,531073.3527114638,534950.2528668887,537458.7244987331,538291.1419698779,earthquake_m6_0,536366.7567731699,-5293.404061706038,-0.9869001005117521
East,2028,509114.89869304956,510829.96556898835,513867.6559260171,518029.6000740897,522722.4728309734,525446.1096826938,527162.2119279335,earthquake_m6_0,526036.5282645572,-8006.92819046753,-1.5221239895417757
East,2029,494331.1872419999,495946.2403580532,499571.79107836843,504762.22615586163,510743.4973539389,514230.7595249939,516245.01480837254,earthquake_m6_0,514846.06591953535,-10083.83976367372,-1.9586125700822024
East,2030,479490.1453229236,481356.5528810674,485584.39363219426,492423.6777808746,498541.71675304224,503173.8862055129,506016.176273102,earthquake_m6_0,504089.95392130024,-11666.276140425645,-2.314324268848058
Metro,2025,963032.5238974612,964565.0151902843,967859.887620003,971195.6120287019,974156.3551447142,978004.8343925691,979495.3876103527,earthquake_m6_0,971195.6120287019,0.0,0.0
Metro,2026,928473.6868889423,934151.1187977243,939912.1381526452,947979.4695626829,955245.0378878367,961217.1098566196,964372.7192453081,earthquake_m6_0,952116.7951466141,-4137.325583931175,-0.4345397124618602
Metro,2027,896605.1828613149,901854.7248651474,910615.7864212117,923592.1860989946,935493.8537225365,943898.2586131997,947705.5351867839,earthquake_m6_0,932819.7935308393,-9227.607431844692,-0.989216512753985
Metro,2028,863848.5353582018,869984.1352849207,881729.4317456816,899078.0929983496,914454.3183095416,927600.367354805,934402.1197920616,earthquake_m6_0,913001.5484531749,-13923.455454825307,-1.5250199168243141
Metro,2029,834987.8770977731,841893.3030569475,856564.7783556443,875482.3661863839,893961.5351842605,911541.209090387,920296.2342958496,earthquake_m6_0,892990.4951442814,-17508.12895789754,-1.9606176161000162
Metro,2030,799646.7985090361,812494.7480357029,831808.6582651132,852446.5155663791,875473.5215363868,897477.5499487027,908833.1377863954,earthquake_m6_0,872654.0384943262,-20207.52292794711,-2.315639650601181
North,2025,369315.83638764365,369875.78401261003,370799.7143915222,371684.1942743435,372557.13200845604,373300.6248118617,373889.8977866653,earthquake_m6_0,371684.1942743435,0.0,0.0
North,2026,357897.5353669812,359269.93289777264,361475.75999519497,363079.8727871069,365059.30800394923,366271.0847223416,367566.8699983024,earthquake_m6_0,364585.955087418,-1506.082300311129,-0.41309388891571824
North,2027,346707.76644814614,348576.79853328207,351244.12365272536,353920.4174235779,356793.4979417911,359424.0244087155,360942.8020567574,earthquake_m6_0,357262.50858839543,-3342.0911648175097,-0.9354721204927651
North,2028,335993.99982076185,338200.7888000462,341092.81049853784,344814.10471522645,348605.85930387117,351910.20379248296,354777.6551815576,earthquake_m6_0,349858.81456734636,-5044.709852119908,-1.441927326701332
North,2029,325655.9434424803,327865.03372781473,332218.5098647764,336285.6067497125,340800.00754375465,344438.0494924881,347211.1764453832,earthquake_m6_0,342648.0214784882,-6362.414728775737,-1.8568368500488117
North,2030,315880.8443965837,318611.397588695,323354.1734495851,328126.25820259575,333386.31915541703,338039.7688500284,340469.1778908546,earthquake_m6_0,335487.2392543479,-7360.981051752169,-2.1941165536169556
South,2025,406099.43247189897,406564.5589904419,407369.23483218095,408416.9197502703,409298.9911669011,410023.7073548235,410544.0910122587,earthquake_m6_0,408416.9197502703,0.0,0.0
South,2026,393700.7809579461,394819.822227934,396389.43461021676,398413.62407186965,400314.9831840883,402436.45118982205,403168.59497925173,earthquake_m6_0,400713.6340182567,-2300.0099463870283,-0.573978460209377
South,2027,380829.6217281085,382202.8612657448,384657.07997163484,387462.89637968683,390303.2280638559,393862.4182875259,395095.3530795053,earthquake_m6_0,392559.0583123528,-5096.161932665971,-1.298189870990326
South,2028,368020.19231519324,370038.5618696399,372867.62518865307,376918.7476968349,380563.27037502767,385120.6895505332,388169.84490319446,earthquake_m6_0,384613.38038983464,-7694.63269299973,-2.0006149253571577
South,2029,355621.90498799237,357371.30164650263,361598.0621009603,366663.3438871936,371134.29977960745,376564.3590946078,380787.0680074779,earthquake_m6_0,376343.3715341253,-9680.027646931703,-2.5721265150684225
South,2030,343007.333177534,346094.3503231938,350359.32386775094,357538.7312829994,362378.51098236657,369260.23816637066,373415.6020016024,earthquake_m6_0,368745.11508925306,-11206.383806253667,-3.0390595963667786
West,2025,477284.1280768653,477844.7923568004,478736.0964892054,479639.45611685433,480498.27838197275,481378.20701969013,481633.19504496903,earthquake_m6_0,479639.45611685433,0.0,0.0
West,2026,463835.7054821392,464728.24347965326,466411.1164202185,468375.69246400136,470254.85211102606,471423.4644237643,472664.24244730826,earthquake_m6_0,470853.94806876214,-2478.2556047607795,-0.5263321280251562
West,2027,448729.6264352892,450771.7556377396,453004.18537086895,456013.7027688201,458778.77950312867,461630.5624477386,463091.7469224721,earthquake_m6_0,461525.8786210922,-5512.1758522720775,-1.1943373291961197
West,2028,434406.1980045621,436648.6261531402,439689.6922426624,443821.11058396014,447280.45488465123,451278.3077811671,453549.2602696006,earthquake_m6_0,452139.1673293413,-8318.056745381153,-1.8397116079355769
West,2029,420717.5893152374,424126.2415929422,427683.13670630805,431936.68084940314,436385.2120904768,440890.3084854605,445343.4904229536,earthquake_m6_0,442412.9223881952,-10476.241538792034,-2.367978196079828
West,2030,408012.5452774294,411270.754008948,415495.81154244044,420601.8550658185,426177.9320580022,432263.7006059395,436916.06160834775,earthquake_m6_0,432700.03338873613,-12098.178322917607,-2.795973512682549
Central Mountains,2025,386306.22083352454,386455.26514286577,387235.7503676285,387834.1744525598,388641.4128874254,389401.82423278864,389577.99373498734,earthquake_m6_5,387834.1744525598,0.0,0.0
Central Mountains,2026,373793.7009463107,374572.94310808985,376144.097389961,377474.27669301594,379058.1508031149,380498.3838335647,381440.06967313605,earthquake_m6_5,380525.12132735155,-3050.8446343356045,-0.8017459198734679
Central Mountains,2027,360455.48769242095,362080.4477666814,364204.1579420623,366540.89606725425,369005.4503373208,371025.0167721942,371982.5623246915,earthquake_m6_5,373320.1823510383,-6779.28628378408,-1.8159442227555274
Central Mountains,2028,347201.45866883564,349736.62004035746,352480.6773021597,355390.1958439761,358671.89008127636,361237.5131289588,362154.364264286,earthquake_m6_5,365597.5128806174,-10207.317036641296,-2.7919547253524133
Central Mountains,2029,335309.8367888014,337763.6360370571,341601.9824062325,345340.7436666657,349165.98917992145,352257.49197207816,354044.4287951066,earthquake_m6_5,358179.0886686841,-12838.34500201844,-3.5843368326546603
Central Mountains,2030,324851.7506713818,326892.2312000539,331376.27036403643,336079.9331054477,340208.08182350546,344441.3245804665,346248.60184538725,earthquake_m6_5,350925.69941587886,-14845.76631043118,-4.230458565771097
East,2025,555493.9960594571,556184.8064410461,557135.1655672854,558029.0101174006,559204.1018035563,559744.2971606909,560355.6027773995,earthquake_m6_5,558029.0101174006,0.0,0.0
East,2026,538386.047552095,539618.9517144593,541928.8018084272,543456.6441300673,546069.1506220492,547526.891431195,548485.4380705939,earthquake_m6_5,547429.4339518503,-3972.7898217829643,-0.7257172478110475
East,2027,520635.23789026745,522701.4991667449,525444.9606075461,527558.7889672478,531416.1179819276,533917.5885176233,534747.3317256353,earthquake_m6_5,536366.7567731699,-8807.967805922031,-1.642153935659911
East,2028,503890.2951390566,505591.3139183382,508603.6875507002,512736.80924754764,517392.51627530134,520097.53876901185,521804.26861611055,earthquake_m6_5,526036.5282645572,-13299.7190170096,-2.528288113543482
East,2029,487803.7762315121,489391.1829601348,492981.4160320704,498122.13978749467,504046.97610706365,507495.2874230642,509484.47681544855,earthquake_m6_5,514846.06591953535,-16723.92613204068,-3.2483352285446894
East,2030,471998.231872088,473842.2761861037,478013.1314032372,484766.21805783745,490800.46792528,495383.0978575046,498182.94761120557,earthquake_m6_5,504089.95392130024,-19323.73586346279,-3.8333903925567334
Metro,2025,963032.5238974612,964565.0151902843,967859.887620003,971195.6120287019,974156.3551447142,978004.8343925691,979495.3876103527,earthquake_m6_5,971195.6120287019,0.0,0.0
Metro,2026,925726.3153187021,931410.6287501821,937157.1134422387,945221.2525067289,952475.693450097,958430.4541116421,961583.3969733929,earthquake_m6_5,952116.7951466141,-6895.542639885214,-0.7242328541030921
Metro,2027,890587.5786304867,895852.3906464512,904560.1042243694,917465.5618559577,929327.0521346664,937718.160289834,941485.489977349,earthquake_m6_5,932819.7935308393,-15354.231674881536,-1.6460019160575328
Metro,2028,854906.2544759193,860999.2987775932,872663.9182263563,889874.4391702642,905141.540641043,918177.9397975266,924939.1445228715,earthquake_m6_5,913001.5484531749,-23127.109282910707,-2.5330854391313036
Metro,2029,823871.295583704,830710.6086219326,845236.8115493805,863953.6190840753,882262.532567005,899629.8196640043,908301.1607786422,earthquake_m6_5,892990.4951442814,-29036.876060206094,-3.2516444708086816
Metro,2030,787041.5314042283,799723.0409241361,818794.7388833805,839182.9440286781,861907.8710794206,883621.1481007152,894862.6327516217,earthquake_m6_5,872654.0384943262,-33471.09446564806,-3.835551431515627
North,2025,369315.83638764365,369875.78401261003,370799.7143915222,371684.1942743435,372557.13200845604,373300.6248118617,373889.8977866653,earthquake_m6_5,371684.1942743435,0.0,0.0
North,2026,356899.2298355796,358270.3751834058,360473.7056721722,362075.81792023283,364053.97213759285,365264.4210991315,366557.83085927623,earthquake_m6_5,364585.955087418,-2510.1371671851957,-0.6884898148595251
North,2027,344515.63912891736,346381.05617012223,349032.0980845021,351700.9594249436,354563.072961676,357184.52436847676,358698.9194438172,earthquake_m6_5,357262.50858839543,-5561.549163451826,-1.5567122297345015
North,2028,332715.5595997221,334903.63561563543,337781.63552295766,341476.06836713257,345241.3412880429,348522.955643362,351371.7833789599,earthquake_m6_5,349858.81456734636,-8382.74620021379,-2.3960368729255346
North,2029,321567.38536481233,323760.34391768184,328064.9250275725,332093.30446253635,336569.14001263794,340168.44694312656,342905.11576929217,earthquake_m6_5,342648.0214784882,-10554.717015951872,-3.0803379428281645
North,2030,311194.7706811946,313892.9343588433,318576.2137926447,323290.7387585929,328490.24852568127,333087.82147450995,335487.7678392865,earthquake_m6_5,335487.2392543479,-12196.500495754997,-3.6354588397647767
South,2025,406099.43247189897,406564.5589904419,407369.23483218095,408416.9197502703,409298.9911669011,410023.7073548235,410544.0910122587,earthquake_m6_5,408416.9197502703,0.0,0.0
South,2026,392177.8193177779,393296.1967855777,394859.71846330015,396878.4755829492,398780.4879920864,400897.90777287737,401635.44826550386,earthquake_m6_5,400713.6340182567,-3835.1584353075013,-0.957082092977343
South,2027,377490.28925995505,378848.1760351308,381295.94853944157,384083.69932182843,386911.98234466783,390451.55068844085,391679.51211144886,earthquake_m6_5,392559.0583123528,-8475.358990524372,-2.1590022726671276
South,2028,363034.7943748391,365034.0201133992,367835.8068273439,371842.42615534295,375454.62679816585,379977.8798134743,382991.3986297027,earthquake_m6_5,384613.38038983464,-12770.954234491684,-3.3204654038679986
South,2029,349425.57568891806,351147.6244599231,355318.84835038,360314.1531432809,364723.29194038385,370078.04611729993,374248.6787158473,earthquake_m6_5,376343.3715341253,-16029.218390844413,-4.259200401352345
South,2030,335938.6741886343,338979.6536351579,343166.9881627165,350219.55161141354,354988.42179098807,361745.5343772227,365838.27268776,earthquake_m6_5,368745.11508925306,-18525.563477839518,-5.023948174433576
West,2025,477284.1280768653,477844.7923568004,478736.0964892054,479639.45611685433,480498.27838197275,481378.20701969013,481633.19504496903,earthquake_m6_5,479639.45611685433,0.0,0.0
West,2026,462187.1106071821,463075.40245827974,464759.45697063685,466723.5220608276,468593.8942730986,469762.512139863,471004.0431558872,earthquake_m6_5,470853.94806876214,-4130.426007934555,-0.8772202133752438
West,2027,445106.27496247133,447148.22179509315,449361.9615916975,452357.0484332846,455112.1989504889,457947.477775314,459411.07171969,earthquake_m6_5,461525.8786210922,-9168.830187807558,-1.986634035604116
West,2028,428995.21935213916,431219.23356075905,434235.7516524558,438332.5090034399,441760.4932613972,445718.3507675885,447978.0218700222,earthquake_m6_5,452139.1673293413,-13806.658325901371,-3.0536302367816117
West,2029,413974.1439741137,417344.18510680005,420856.8103458156,425056.2327858279,429450.0084571229,433905.8089851234,438297.6598720732,earthquake_m6_5,442412.9223881952,-17356.68960236729,-3.923187756061443
West,2030,400289.3862715714,403492.32006058603,407661.55626213585,412687.71398924035,418177.5297068657,424167.99611014494,428749.49685816217,earthquake_m6_5,432700.03338873613,-20012.319399495784,-4.624986793453004
Central Mountains,2025,386306.22083352454,386455.26514286577,387235.7503676285,387834.1744525598,388641.4128874254,389401.82423278864,389577.99373498734,earthquake_m6_8,387834.1744525598,0.0,0.0
Central Mountains,2026,372576.8576387405,373354.4269860625,374923.708037109,376253.9388392817,377835.16229501175,379268.8275462831,380212.52374011395,earthquake_m6_8,380525.12132735155,-4271.18248806987,-1.122444287822861
Central Mountains,2027,357793.40727986384,359410.30282615905,361522.9104336074,363846.32261825533,366300.53922317276,368316.6040952587,369267.40256749006,earthquake_m6_8,373320.1823510383,-9473.859732782992,-2.5377303935511812
Central Mountains,2028,343233.97919072537,345759.7303143252,348478.45838477835,351361.7277955805,354612.1823703343,357162.3797246257,358068.59596202784,earthquake_m6_8,365597.5128806174,-14235.785085036885,-3.893840790346255
Central Mountains,2029,330380.7019898551,332812.2342565291,336605.0961045666,340302.8973997896,344081.4813640311,347137.4121916699,348906.3565141675,earthquake_m6_8,358179.0886686841,-17876.19126889453,-4.990852853900138
Central Mountains,2030,319211.003248343,321233.1938565638,325648.46008749196,330283.4526684348,334357.0014019783,338527.4901428702,340311.49623724463,earthquake_m6_8,350925.69941587886,-20642.246747444035,-5.882227144322393
East,2025,555493.9960594571,556184.8064410461,557135.1655672854,558029.0101174006,559204.1018035563,559744.2971606909,560355.6027773995,earthquake_m6_8,558029.0101174006,0.0,0.0
East,2026,536805.0222163753,538033.5565239452,540341.6589042705,541867.5282013542,544474.2861321653,545933.4717155492,546891.4637453555,earthquake_m6_8,547429.4339518503,-5561.90575049608,-1.016004146935454
East,2027,517156.852413888,519213.00737062516,521948.94300801924,524055.723060569,527893.5273916717,530387.9938891821,531215.0581506813,earthquake_m6_8,536366.7567731699,-12311.033712600823,-2.2952641186536424
East,2028,498701.37316561356,500384.9539453369,503375.59781227855,507480.00511795934,512098.71878690243,514785.1942430322,516482.56551535305,earthquake_m6_8,526036.5282645572,-18556.5231465979,-3.5276111352604302
East,2029,481340.9690307619,482901.06029901607,486456.1982967016,491547.5285159426,497416.2732215882,500825.95321557944,502790.28670911904,earthquake_m6_8,514846.06591953535,-23298.537403592723,-4.525340474726289
East,2030,464599.7451978771,466421.61235159996,470536.0677686101,477203.76877668285,483155.13556102413,487688.5865499329,490446.4698437294,earthquake_m6_8,504089.95392130024,-26886.185144617397,-5.333608602089884
Metro,2025,963032.5238974612,964565.0151902843,967859.887620003,971195.6120287019,974156.3551447142,978004.8343925691,979495.3876103527,earthquake_m6_8,971195.6120287019,0.0,0.0
Metro,2026,922978.943748462,928670.1387026397,934402.088731832,942463.035450775,949706.3490123572,955643.7983666644,958794.0747014779,earthquake_m6_8,952116.7951466141,-9653.759695839137,-1.0139259957443119
Metro,2027,884589.9480809862,889869.8111327616,898524.3519409272,911359.0288488085,923180.3507239452,931558.0816619345,935285.632792227,earthquake_m6_8,932819.7935308393,-21460.76468203077,-2.300633501868469
Metro,2028,846036.5015335166,852076.1950434718,863660.4327319928,880733.457045319,895891.8691994202,908819.1955777681,915539.9297039547,earthquake_m6_8,913001.5484531749,-32268.091407855856,-3.534286602528231
Metro,2029,812865.6385226445,819639.1960143243,834021.1323026265,852538.6668195011,870678.283313801,887835.0973463759,896423.2535657905,earthquake_m6_8,892990.4951442814,-40451.828324780334,-4.5299282069339935
Metro,2030,774594.8016973245,787111.4970670068,805943.3043705064,826084.0638523842,848509.9337454883,869935.4093344801,881063.495019153,earthquake_m6_8,872654.0384943262,-46569.97464194195,-5.336590743600247
North,2025,369315.83638764365,369875.78401261003,370799.7143915222,371684.1942743435,372557.13200845604,373300.6248118617,373889.8977866653,earthquake_m6_8,371684.1942743435,0.0,0.0
North,2026,355900.9243041779,357270.817469039,359471.65134914935,361071.7630533587,363048.6362712365,364257.7574759214,365548.79172025004,earthquake_m6_8,364585.955087418,-3514.1920340593206,-0.9638857408033479
North,2027,342330.369677983,344192.1541995167,346826.95971281815,349488.38364863786,352339.5390207125,354951.92347851,356461.9368775521,earthquake_m6_8,357262.50858839543,-7774.124939757574,-2.1760259621068148
North,2028,329458.4067190229,331627.8633271032,334491.84461341106,338159.5322234632,341898.43040642375,345157.398171697,347987.6684879557,earthquake_m6_8,349858.81456734636,-11699.282343883184,-3.3440010246279277
North,2029,317517.3028998719,319694.16858622973,323950.25659966224,327940.1629788577,332377.63468569855,335938.51369720686,338639.07032586995,earthquake_m6_8,342648.0214784882,-14707.858499630529,-4.292410163691519
North,2030,306564.16091210145,309230.2129563656,313854.57404186076,318512.0732753184,323651.54800893273,328193.74463794264,330564.5055399639,earthquake_m6_8,335487.2392543479,-16975.165979029494,-5.059854442380105
South,2025,406099.43247189897,406564.5589904419,407369.23483218095,408416.9197502703,409298.9911669011,410023.7073548235,410544.0910122587,earthquake_m6_8,408416.9197502703,0.0,0.0
South,2026,390654.8576776097,391772.57134322124,393330.0023163835,395342.32790385163,397245.9928000844,399359.3643559326,400102.30155175604,earthquake_m6_8,400713.6340182567,-5371.306114405044,-1.3404350784231926
South,2027,374165.45149359386,375508.0613934144,377949.35362079524,380719.0976484385,383535.3225083185,387057.3588960165,388278.2877405231,earthquake_m6_8,392559.0583123528,-11839.960663914331,-3.016096664490536
South,2028,358094.37351630325,360074.5624811727,362849.21450214775,366811.6376669413,370391.65623777587,374880.8186684032,377858.9739171762,earthquake_m6_8,384613.38038983464,-17801.742722893367,-4.6284772268842955
South,2029,343310.2539444718,345005.2557164297,349121.4415841969,354047.45329739054,358395.382516708,363675.5658559743,367794.5262681567,earthquake_m6_8,376343.3715341253,-22295.918236734753,-5.924355235977114
South,2030,328986.3726324871,331981.7932838564,336092.9176025689,343020.0416004106,347718.72073501284,354352.9743645028,358383.75047355605,earthquake_m6_8,368745.11508925306,-25725.073488842463,-6.976383533274964
West,2025,477284.1280768653,477844.7923568004,478736.0964892054,479639.45611685433,480498.27838197275,481378.20701969013,481633.19504496903,earthquake_m6_8,479639.45611685433,0.0,0.0
West,2026,460538.5157322251,461422.56143690617,463107.7975210552,465071.3516576537,466934.7194163212,468101.3376568258,469343.84386446624,earthquake_m6_8,470853.94806876214,-5782.596411108447,-1.2281082987253562
West,2027,441497.40559298353,443539.1036717088,445734.2310515604,448714.89775053266,451460.1217960904,454278.93044204643,455744.87619020604,earthquake_m6_8,461525.8786210922,-12810.98087055952,-2.775788198233885
West,2028,423629.12893664587,425834.7907348225,428826.86728355836,432889.1064123699,436285.89945388905,440204.00760775246,442452.3633527848,earthquake_m6_8,452139.1673293413,-19250.060916971415,-4.257552167107332
West,2029,407311.76909150515,410643.4724245164,414112.2091084963,418257.9878452157,422597.4758725,427004.31055479427,431335.44205711264,earthquake_m6_8,442412.9223881952,-24154.934542979463,-5.459816682701849
West,2030,392682.96578447765,395831.34865172807,399945.25185308856,404892.47620893875,410297.067104355,416193.33959573647,420704.8318602496,earthquake_m6_8,432700.03338873613,-27807.557179797383,-6.426520691949006
Central Mountains,2025,386306.22083352454,386455.26514286577,387235.7503676285,387834.1744525598,388641.4128874254,389401.82423278864,389577.99373498734,earthquake_m7_2,387834.1744525598,0.0,0.0
Central Mountains,2026,371360.0143311703,372135.91086403513,373703.3186842569,375032.4886085376,376612.1737869085,378039.2712590014,378984.9778070919,earthquake_m7_2,380525.12132735155,-5492.632718813955,-1.4434349825983888
Central Mountains,2027,355141.05651791184,356749.8956935583,358851.42602281773,361161.5440632648,363605.43134090607,365617.97293486824,366562.05179904064,earthquake_m7_2,373320.1823510383,-12158.63828777353,-3.256892839600241
Central Mountains,2028,339296.6680405076,341812.9431208647,344506.49107584055,347363.65737647563,350582.7676149597,353117.85114723747,354013.5162891504,earthquake_m7_2,365597.5128806174,-18233.85550414177,-4.987412348753005
Central Mountains,2029,325505.8854456135,327915.25711452094,331663.01691419526,335320.15516287484,339052.4911149662,342073.14287988585,343824.2039912473,earthquake_m7_2,358179.0886686841,-22858.933505809284,-6.38198438406152
Central Mountains,2030,313648.42002131,315652.35617440275,319999.68187038077,324566.7711675677,328586.2503268983,332694.67900981737,334455.6550477259,earthquake_m7_2,350925.69941587886,-26358.92824831116,-7.511256169663834
East,2025,555493.9960594571,556184.8064410461,557135.1655672854,558029.0101174006,559204.1018035563,559744.2971606909,560355.6027773995,earthquake_m7_2,558029.0101174006,0.0,0.0
East,2026,535223.9968806558,536448.161333431,538754.5160001136,540278.412272641,542879.4216422815,544340.0519999036,545296.8419124834,earthquake_m7_2,547429.4339518503,-7151.021679209312,-1.3062910460598813
East,2027,513689.95833820215,515735.4951631424,518464.4267677575,520564.15499142744,524382.481096121,526869.9406134096,527694.3212450158,earthquake_m7_2,536366.7567731699,-15802.601781742414,-2.9462306494929464
East,2028,493548.01124521403,495214.2658778665,498183.26479056943,502259.0656767002,506840.9580709847,509507.6677660691,511196.9803947678,earthquake_m7_2,526036.5282645572,-23777.462587857037,-4.520116248637916
East,2029,474942.3396638121,476475.44387807173,479995.70876196213,485037.9622019229,490850.9576659353,494222.32417187165,496162.01077198796,earthquake_m7_2,514846.06591953535,-29808.103717612452,-5.789711855790139
East,2030,457293.8137122463,459093.6889965643,463152.32616596174,469735.4483140182,475604.83078742615,480089.46220090904,482805.8492807873,earthquake_m7_2,504089.95392130024,-34354.505607282044,-6.815153791508719
Metro,2025,963032.5238974612,964565.0151902843,967859.887620003,971195.6120287019,974156.3551447142,978004.8343925691,979495.3876103527,earthquake_m7_2,971195.6120287019,0.0,0.0
Metro,2026,920231.5721782219,925929.6486550975,931647.0640214253,939704.8183948208,946937.0045746174,952865.0322743965,956004.7524295626,earthquake_m7_2,952116.7951466141,-12411.976751793292,-1.3036191373855561
Metro,2027,878612.291212813,883906.9863240786,892508.5295708855,905272.5870775469,917053.7494903726,925418.022729501,929105.9636314185,earthquake_m7_2,932819.7935308393,-27547.206453292398,-2.953111270186794
Metro,2028,837234.1380731369,843214.6126513439,854728.1113433952,871654.9339289727,886705.0907861681,899523.9201080403,906204.2611615224,earthquake_m7_2,913001.5484531749,-41346.61452420219,-4.528646703201373
Metro,2029,801970.1685880942,808678.3278341916,822916.9991144823,841236.7610806001,859208.0375606976,876156.2808467564,884661.7503380001,earthquake_m7_2,892990.4951442814,-51753.73406368133,-5.795552622911112
Metro,2030,762305.1182371685,774658.6145757494,793252.8372261326,813148.345437581,835278.158954693,856418.761961989,867434.1523864885,earthquake_m7_2,872654.0384943262,-59505.69305674522,-6.818932868220734
North,2025,369315.83638764365,369875.78401261003,370799.7143915222,371684.1942743435,372557.13200845604,373300.6248118617,373889.8977866653,earthquake_m7_2,371684.1942743435,0.0,0.0
North,2026,354902.6187727763,356271.2597546722,358469.5970261266,360067.70818648464,362043.30040488014,363251.0938527113,364539.7525812238,earthquake_m7_2,364585.955087418,-4518.246900933387,-1.2392816667471547
North,2027,340151.9580953432,342010.09262146545,344628.7085376736,347282.6900946606,350122.8961189007,352726.22173881496,354231.85435796203,earthquake_m7_2,357262.50858839543,-9979.818493734812,-2.7934133176097213
North,2028,326222.4722561749,328373.4028395215,331223.3689260412,334864.4272431661,338577.05747024016,341813.46213285165,344625.24120780686,earthquake_m7_2,349858.81456734636,-14994.38732418028,-4.285839515783851
North,2029,313505.4548213328,315666.2669949385,319874.26171576744,323825.9386742816,328225.24763437244,331748.004211402,334412.7924609212,earthquake_m7_2,342648.0214784882,-18822.082804206642,-5.493124613120905
North,2030,301988.524164626,304622.74101895565,309188.75781088637,313789.76186794473,318869.7148573844,323357.0326352876,325698.8834043983,earthquake_m7_2,335487.2392543479,-21697.47738640319,-6.467452364098223
South,2025,406099.43247189897,406564.5589904419,407369.23483218095,408416.9197502703,409298.9911669011,410023.7073548235,410544.0910122587,earthquake_m7_2,408416.9197502703,0.0,0.0
South,2026,389131.8960374415,390248.9459008649,391800.2861694669,393806.1802247541,395711.4976080825,397820.8209389878,398569.15483800817,earthquake_m7_2,400713.6340182567,-6907.453793502587,-1.7237880638690424
South,2027,370855.108429025,372182.51734059537,374617.29521569575,377369.09135951695,380173.2485548078,383677.77243791154,384891.67996672797,earthquake_m7_2,392559.0583123528,-15189.96695283585,-3.869473046460551
South,2028,353198.7272629547,355159.98626031994,357907.6453614857,361826.17842739256,365374.15493787965,369829.3029733285,372772.3666000809,earthquake_m7_2,384613.38038983464,-22787.20196244208,-5.924703383783876
South,2029,337275.2334762295,338943.48715506465,343005.13109446806,347862.52961818734,352149.85313825076,357356.19570566184,361423.88691069244,earthquake_m7_2,376343.3715341253,-28480.841915937955,-7.567780933629497
South,2030,322148.9944878447,325099.33261271205,329135.3124619492,335938.7364735162,340567.93938521005,347081.0718743586,351050.5453052609,earthquake_m7_2,368745.11508925306,-32806.378615736845,-8.896762905671634
West,2025,477284.1280768653,477844.7923568004,478736.0964892054,479639.45611685433,480498.27838197275,481378.20701969013,481633.19504496903,earthquake_m7_2,479639.45611685433,0.0,0.0
West,2026,458889.920857268,459769.72041553265,461456.1380714736,463419.1812544799,465274.1491093135,466440.1631737886,467683.6445730452,earthquake_m7_2,470853.94806876214,-7434.766814282222,-1.5789963840754437
West,2027,437903.0183268259,439944.4012675865,442120.9937504576,445087.25072056416,447822.5480399332,450624.9204479357,452093.1603340204,earthquake_m7_2,461525.8786210922,-16438.627900528023,-3.561799817085438
West,2028,418307.7409193453,420495.1120239758,423462.85338252166,427490.717087604,430856.48738915613,434735.0915854564,436972.09861476865,earthquake_m7_2,452139.1673293413,-24648.4502417373,-5.451518475457181
West,2029,400729.81491858733,404023.9380831783,407448.680708992,411541.2913204003,415826.95733836276,420185.15555206,424456.1754777844,earthquake_m7_2,442412.9223881952,-30871.631067794864,-6.978012961544228
West,2030,385191.9630798666,388286.5122817618,392345.56921835715,397214.80475021683,402535.19829053426,408338.3766951874,412780.7046127106,earthquake_m7_2,432700.03338873613,-35485.2286385193,-8.200884192361386
Central Mountains,2025,386306.22083352454,386455.26514286577,387235.7503676285,387834.1744525598,388641.4128874254,389401.82423278864,389577.99373498734,earthquake_m7_5,387834.1744525598,0.0,0.0
Central Mountains,2026,371360.0143311703,372135.91086403513,373703.3186842569,375032.4886085376,376612.1737869085,378039.2712590014,378984.9778070919,earthquake_m7_5,380525.12132735155,-5492.632718813955,-1.4434349825983888
Central Mountains,2027,355141.05651791184,356749.8956935583,358851.42602281773,361161.5440632648,363605.43134090607,365617.97293486824,366562.05179904064,earthquake_m7_5,373320.1823510383,-12158.63828777353,-3.256892839600241
Central Mountains,2028,339296.6680405076,341812.9431208647,344506.49107584055,347363.65737647563,350582.7676149597,353117.85114723747,354013.5162891504,earthquake_m7_5,365597.5128806174,-18233.85550414177,-4.987412348753005
Central Mountains,2029,325505.8854456135,327915.25711452094,331663.01691419526,335320.15516287484,339052.4911149662,342073.14287988585,343824.2039912473,earthquake_m7_5,358179.0886686841,-22858.933505809284,-6.38198438406152
Central Mountains,2030,313648.42002131,315652.35617440275,319999.68187038077,324566.7711675677,328586.2503268983,332694.67900981737,334455.6550477259,earthquake_m7_5,350925.69941587886,-26358.92824831116,-7.511256169663834
East,2025,555493.9960594571,556184.8064410461,557135.1655672854,558029.0101174006,559204.1018035563,559744.2971606909,560355.6027773995,earthquake_m7_5,558029.0101174006,0.0,0.0
East,2026,535223.9968806558,536448.161333431,538754.5160001136,540278.412272641,542879.4216422815,544340.0519999036,545296.8419124834,earthquake_m7_5,547429.4339518503,-7151.021679209312,-1.3062910460598813
East,2027,513689.95833820215,515735.4951631424,518464.4267677575,520564.15499142744,524382.481096121,526869.9406134096,527694.3212450158,earthquake_m7_5,536366.7567731699,-15802.601781742414,-2.9462306494929464
East,2028,493548.01124521403,495214.2658778665,498183.26479056943,502259.0656767002,506840.9580709847,509507.6677660691,511196.9803947678,earthquake_m7_5,526036.5282645572,-23777.462587857037,-4.520116248637916
East,2029,474942.3396638121,476475.44387807173,479995.70876196213,485037.9622019229,490850.9576659353,494222.32417187165,496162.01077198796,earthquake_m7_5,514846.06591953535,-29808.103717612452,-5.789711855790139
East,2030,457293.8137122463,459093.6889965643,463152.32616596174,469735.4483140182,475604.83078742615,480089.46220090904,482805.8492807873,earthquake_m7_5,504089.95392130024,-34354.505607282044,-6.815153791508719
Metro,2025,963032.5238974612,964565.0151902843,967859.887620003,971195.6120287019,974156.3551447142,978004.8343925691,979495.3876103527,earthquake_m7_5,971195.6120287019,0.0,0.0
Metro,2026,920231.5721782219,925929.6486550975,931647.0640214253,939704.8183948208,946937.0045746174,952865.0322743965,956004.7524295626,earthquake_m7_5,952116.7951466141,-12411.976751793292,-1.3036191373855561
Metro,2027,878612.291212813,883906.9863240786,892508.5295708855,905272.5870775469,917053.7494903726,925418.022729501,929105.9636314185,earthquake_m7_5,932819.7935308393,-27547.206453292398,-2.953111270186794
Metro,2028,837234.1380731369,843214.6126513439,854728.1113433952,871654.9339289727,886705.0907861681,899523.9201080403,906204.2611615224,earthquake_m7_5,913001.5484531749,-41346.61452420219,-4.528646703201373
Metro,2029,801970.1685880942,808678.3278341916,822916.9991144823,841236.7610806001,859208.0375606976,876156.2808467564,884661.7503380001,earthquake_m7_5,892990.4951442814,-51753.73406368133,-5.795552622911112
Metro,2030,762305.1182371685,774658.6145757494,793252.8372261326,813148.345437581,835278.158954693,856418.761961989,867434.1523864885,earthquake_m7_5,872654.0384943262,-59505.69305674522,-6.818932868220734
North,2025,369315.83638764365,369875.78401261003,370799.7143915222,371684.1942743435,372557.13200845604,373300.6248118617,373889.8977866653,earthquake_m7_5,371684.1942743435,0.0,0.0
North,2026,354902.6187727763,356271.2597546722,358469.5970261266,360067.70818648464,362043.30040488014,363251.0938527113,364539.7525812238,earthquake_m7_5,364585.955087418,-4518.246900933387,-1.2392816667471547
North,2027,340151.9580953432,342010.09262146545,344628.7085376736,347282.6900946606,350122.8961189007,352726.22173881496,354231.85435796203,earthquake_m7_5,357262.50858839543,-9979.818493734812,-2.7934133176097213
North,2028,326222.4722561749,328373.4028395215,331223.3689260412,334864.4272431661,338577.05747024016,341813.46213285165,344625.24120780686,earthquake_m7_5,349858.81456734636,-14994.38732418028,-4.285839515783851
North,2029,313505.4548213328,315666.2669949385,319874.26171576744,323825.9386742816,328225.24763437244,331748.004211402,334412.7924609212,earthquake_m7_5,342648.0214784882,-18822.082804206642,-5.493124613120905
North,2030,301988.524164626,304622.74101895565,309188.75781088637,313789.76186794473,318869.7148573844,323357.0326352876,325698.8834043983,earthquake_m7_5,335487.2392543479,-21697.47738640319,-6.467452364098223
South,2025,406099.43247189897,406564.5589904419,407369.23483218095,408416.9197502703,409298.9911669011,410023.7073548235,410544.0910122587,earthquake_m7_5,408416.9197502703,0.0,0.0
South,2026,389131.8960374415,390248.9459008649,391800.2861694669,393806.1802247541,395711.4976080825,397820.8209389878,398569.15483800817,earthquake_m7_5,400713.6340182567,-6907.453793502587,-1.7237880638690424
South,2027,370855.108429025,372182.51734059537,374617.29521569575,377369.09135951695,380173.2485548078,383677.77243791154,384891.67996672797,earthquake_m7_5,392559.0583123528,-15189.96695283585,-3.869473046460551
South,2028,353198.7272629547,355159.98626031994,357907.6453614857,361826.17842739256,365374.15493787965,369829.3029733285,372772.3666000809,earthquake_m7_5,384613.38038983464,-22787.20196244208,-5.924703383783876
South,2029,337275.2334762295,338943.48715506465,343005.13109446806,347862.52961818734,352149.85313825076,357356.19570566184,361423.88691069244,earthquake_m7_5,376343.3715341253,-28480.841915937955,-7.567780933629497
South,2030,322148.9944878447,325099.33261271205,329135.3124619492,335938.7364735162,340567.93938521005,347081.0718743586,351050.5453052609,earthquake_m7_5,368745.11508925306,-32806.378615736845,-8.896762905671634
West,2025,477284.1280768653,477844.7923568004,478736.0964892054,479639.45611685433,480498.27838197275,481378.20701969013,481633.19504496903,earthquake_m7_5,479639.45611685433,0.0,0.0
West,2026,458889.920857268,459769.72041553265,461456.1380714736,463419.1812544799,465274.1491093135,466440.1631737886,467683.6445730452,earthquake_m7_5,470853.94806876214,-7434.766814282222,-1.5789963840754437
West,2027,437903.0183268259,439944.4012675865,442120.9937504576,445087.25072056416,447822.5480399332,450624.9204479357,452093.1603340204,earthquake_m7_5,461525.8786210922,-16438.627900528023,-3.561799817085438
West,2028,418307.7409193453,420495.1120239758,423462.85338252166,427490.717087604,430856.48738915613,434735.0915854564,436972.09861476865,earthquake_m7_5,452139.1673293413,-24648.4502417373,-5.451518475457181
West,2029,400729.81491858733,404023.9380831783,407448.680708992,411541.2913204003,415826.95733836276,420185.15555206,424456.1754777844,earthquake_m7_5,442412.9223881952,-30871.631067794864,-6.978012961544228
West,2030,385191.9630798666,388286.5122817618,392345.56921835715,397214.80475021683,402535.19829053426,408338.3766951874,412780.7046127106,earthquake_m7_5,432700.03338873613,-35485.2286385193,-8.200884192361386
