year,municipio,geoid,total_population,poverty_rate_pct,unemployment_rate_pct,per_capita_income,no_hs_diploma_pct,under_18_pct,over_65_pct,disability_pct,single_parent_pct,minority_pct,limited_english_pct,multi_unit_housing_pct,mobile_homes_pct,crowding_pct,no_vehicle_pct,group_quarters_count,R_poverty_rate_pct,R_unemployment_rate_pct,R_no_hs_diploma_pct,R_per_capita_income,SPL_Socioeconomic,R_under_18_pct,R_over_65_pct,R_disability_pct,R_single_parent_pct,SPL_Household_Comp,R_minority_pct,R_limited_english_pct,SPL_Minority_Lang,R_multi_unit_housing_pct,R_mobile_homes_pct,R_crowding_pct,R_no_vehicle_pct,R_group_quarters_count,SPL_Housing_Transp,SPL_THEMES,SVI_RPL
2024,Adjuntas Municipio,72001,17960.0,60.89,20.26,9682.0,30.24,17.07,23.22,20.72,9.34,99.64,15.03,4.81,0.0,2.27,11.42,56.0,0.9871794871794872,0.9615384615384616,0.9487179487179487,1.0,3.897435897435898,0.7371794871794872,0.41025641025641024,0.34615384615384615,0.1282051282051282,1.6217948717948718,0.4807692307692308,0.08974358974358974,0.5705128205128205,0.5448717948717948,0.14102564102564102,0.16666666666666666,0.42948717948717946,0.19230769230769232,1.4743589743589742,7.564102564102565,0.47435897435897434
2024,Aguada Municipio,72003,37758.0,46.53,5.05,13065.0,29.52,14.98,23.39,28.22,8.95,98.42,28.37,2.65,0.27,2.34,12.5,220.0,0.6410256410256411,0.08974358974358974,0.9102564102564102,0.7307692307692307,2.371794871794872,0.0641025641025641,0.46153846153846156,0.8205128205128205,0.08974358974358974,1.435897435897436,0.0641025641025641,0.6794871794871795,0.7435897435897436,0.20512820512820512,0.7371794871794872,0.1794871794871795,0.6025641025641025,0.6153846153846154,2.33974358974359,6.8910256410256405,0.32051282051282054
2024,Aguadilla Municipio,72005,54137.0,44.84,14.78,15387.0,21.83,16.34,24.7,24.73,13.28,98.99,34.01,11.49,0.05,1.55,14.91,944.0,0.5384615384615384,0.7948717948717948,0.5,0.44871794871794873,2.282051282051282,0.5,0.6282051282051282,0.6602564102564102,0.5512820512820513,2.3397435897435894,0.20512820512820512,0.8846153846153846,1.0897435897435896,0.8717948717948718,0.3333333333333333,0.08974358974358974,0.8269230769230769,0.8974358974358975,3.0192307692307687,8.73076923076923,0.8076923076923077
2024,Aguas Buenas Municipio,72007,23614.0,45.45,5.0,15546.0,22.6,15.88,23.32,28.41,13.18,99.94,16.38,2.94,0.0,2.96,13.56,148.0,0.5769230769230769,0.07692307692307693,0.6025641025641025,0.41025641025641024,1.6666666666666665,0.391025641025641,0.44871794871794873,0.8333333333333334,0.5,2.1730769230769234,0.8910256410256411,0.11538461538461539,1.0064102564102564,0.2692307692307692,0.14102564102564102,0.34615384615384615,0.7307692307692307,0.4358974358974359,1.9230769230769231,6.76923076923077,0.2692307692307692
2024,Aibonito Municipio,72009,24636.0,46.58,6.79,14094.0,21.86,15.7,25.3,36.06,11.05,99.73,32.97,5.71,0.0,1.73,15.8,59.0,0.6538461538461539,0.21794871794871795,0.5128205128205128,0.6282051282051282,2.0128205128205128,0.2948717948717949,0.6923076923076923,1.0,0.28205128205128205,2.269230769230769,0.6474358974358975,0.8076923076923077,1.4551282051282053,0.6410256410256411,0.14102564102564102,0.10256410256410256,0.8974358974358975,0.21153846153846154,1.9935897435897436,7.730769230769231,0.5128205128205128
2024,Arecibo Municipio,72013,86467.0,41.25,14.45,15244.0,18.34,15.86,24.18,20.57,12.77,99.69,27.95,5.68,0.41,1.49,12.83,1955.0,0.358974358974359,0.7692307692307693,0.22435897435897437,0.47435897435897434,1.826923076923077,0.36538461538461536,0.5705128205128205,0.3141025641025641,0.4358974358974359,1.685897435897436,0.5769230769230769,0.6666666666666666,1.2435897435897436,0.6282051282051282,0.8333333333333334,0.0641025641025641,0.6666666666666666,0.9615384615384616,3.153846153846154,7.910256410256411,0.5897435897435898
2024,Arroyo Municipio,72015,15341.0,52.14,7.31,14862.0,20.22,18.03,23.06,24.46,19.25,99.82,20.92,2.49,0.13,3.64,12.69,59.0,0.8461538461538461,0.2948717948717949,0.3717948717948718,0.5,2.0128205128205128,0.9230769230769231,0.38461538461538464,0.6025641025641025,1.0,2.91025641025641,0.7435897435897436,0.3333333333333333,1.0769230769230769,0.16666666666666666,0.4358974358974359,0.5384615384615384,0.6538461538461539,0.21153846153846154,2.0064102564102564,8.006410256410255,0.6410256410256411
2024,Añasco Municipio,72011,25094.0,42.95,6.14,14759.0,25.86,15.1,23.75,24.73,11.84,98.53,26.48,3.29,0.62,1.41,9.1,177.0,0.44871794871794873,0.16666666666666666,0.7692307692307693,0.5128205128205128,1.8974358974358974,0.1282051282051282,0.5256410256410257,0.6602564102564102,0.34615384615384615,1.6602564102564101,0.10256410256410256,0.6025641025641025,0.7051282051282051,0.32051282051282054,0.9230769230769231,0.02564102564102564,0.10256410256410256,0.48717948717948717,1.858974358974359,6.121794871794872,0.14102564102564102
2024,Barceloneta Municipio,72017,22494.0,41.95,10.88,16031.0,21.05,16.49,21.86,20.57,14.64,99.69,22.79,4.82,0.45,1.77,8.77,40.0,0.3974358974358974,0.5512820512820513,0.4358974358974359,0.358974358974359,1.7435897435897436,0.5384615384615384,0.2692307692307692,0.3141025641025641,0.7692307692307693,1.891025641025641,0.5769230769230769,0.4230769230769231,1.0,0.5641025641025641,0.8525641025641025,0.11538461538461539,0.05128205128205128,0.11538461538461539,1.6987179487179487,6.333333333333334,0.23076923076923078
2024,Barranquitas Municipio,72019,29054.0,48.51,12.72,14715.0,20.1,19.36,19.69,20.2,17.63,99.78,18.33,3.4,0.0,5.49,9.23,155.0,0.7051282051282052,0.6923076923076923,0.34615384615384615,0.5256410256410257,2.269230769230769,1.0,0.07692307692307693,0.2692307692307692,0.9871794871794872,2.333333333333333,0.7307692307692307,0.1794871794871795,0.9102564102564102,0.3525641025641026,0.14102564102564102,0.8333333333333334,0.1282051282051282,0.44871794871794873,1.903846153846154,7.416666666666667,0.41025641025641024
2024,Bayamón Municipio,72021,182469.0,34.33,7.4,19277.0,14.37,15.45,24.47,22.09,12.57,99.64,38.59,10.83,0.25,1.44,11.93,4980.0,0.14102564102564102,0.32051282051282054,0.07692307692307693,0.11538461538461539,0.653846153846154,0.20512820512820512,0.6153846153846154,0.4551282051282051,0.3974358974358974,1.673076923076923,0.4807692307692308,0.9487179487179487,1.4294871794871795,0.8076923076923077,0.6730769230769231,0.05128205128205128,0.5128205128205128,0.9871794871794872,3.032051282051282,6.788461538461538,0.2948717948717949
2024,Cabo Rojo Municipio,72023,46876.0,38.45,13.08,17031.0,23.48,14.99,25.05,22.93,10.32,99.52,29.03,6.54,2.21,2.75,10.17,179.0,0.2564102564102564,0.7307692307692307,0.6538461538461539,0.20512820512820512,1.846153846153846,0.07692307692307693,0.6666666666666666,0.5384615384615384,0.20512820512820512,1.487179487179487,0.391025641025641,0.7307692307692307,1.1217948717948718,0.7051282051282052,1.0,0.24358974358974358,0.28205128205128205,0.5,2.730769230769231,7.185897435897435,0.358974358974359
2024,Caguas Municipio,72025,125586.0,35.73,8.15,21862.0,14.19,15.88,22.56,24.66,13.44,98.75,28.48,11.29,0.14,1.97,11.83,1028.0,0.1794871794871795,0.3717948717948718,0.0641025641025641,0.08974358974358974,0.7051282051282052,0.391025641025641,0.3333333333333333,0.6410256410256411,0.5769230769230769,1.9423076923076923,0.1282051282051282,0.6923076923076923,0.8205128205128205,0.8461538461538461,0.46153846153846156,0.14102564102564102,0.48717948717948717,0.9102564102564102,2.8461538461538463,6.314102564102564,0.20512820512820512
2024,Camuy Municipio,72027,32734.0,37.79,3.03,15830.0,26.56,15.56,23.28,32.78,8.09,99.72,18.6,1.06,0.0,1.89,11.0,189.0,0.23076923076923078,0.038461538461538464,0.782051282051282,0.38461538461538464,1.435897435897436,0.24358974358974358,0.4230769230769231,0.9487179487179487,0.01282051282051282,1.6282051282051282,0.6282051282051282,0.19230769230769232,0.8205128205128205,0.02564102564102564,0.14102564102564102,0.1282051282051282,0.34615384615384615,0.5641025641025641,1.205128205128205,5.089743589743589,0.02564102564102564
2024,Canóvanas Municipio,72029,41816.0,33.22,14.52,18596.0,19.07,17.27,19.64,18.93,13.81,99.94,26.26,5.54,0.0,6.75,9.31,65.0,0.11538461538461539,0.782051282051282,0.2692307692307692,0.15384615384615385,1.3205128205128207,0.8076923076923077,0.0641025641025641,0.24358974358974358,0.6282051282051282,1.7435897435897436,0.8910256410256411,0.5897435897435898,1.4807692307692308,0.6153846153846154,0.14102564102564102,0.9358974358974359,0.14102564102564102,0.24358974358974358,2.0769230769230766,6.621794871794872,0.2564102564102564
2024,Carolina Municipio,72031,152204.0,27.87,10.36,22102.0,11.12,15.48,24.81,19.27,12.82,99.22,35.79,14.3,0.04,3.72,9.56,665.0,0.0641025641025641,0.48717948717948717,0.01282051282051282,0.07692307692307693,0.641025641025641,0.23076923076923078,0.6538461538461539,0.2564102564102564,0.46153846153846156,1.6025641025641026,0.2564102564102564,0.9102564102564102,1.1666666666666665,0.9358974358974359,0.3076923076923077,0.5512820512820513,0.17307692307692307,0.8717948717948718,2.83974358974359,6.25,0.1858974358974359
2024,Cataño Municipio,72033,22467.0,42.24,9.79,16629.0,21.15,16.71,24.77,17.17,15.43,99.4,33.22,14.92,0.26,2.99,20.71,5.0,0.41025641025641024,0.47435897435897434,0.44871794871794873,0.2564102564102564,1.5897435897435896,0.6410256410256411,0.6410256410256411,0.21794871794871795,0.8974358974358975,2.3974358974358974,0.3333333333333333,0.8205128205128205,1.1538461538461537,0.9743589743589743,0.7051282051282052,0.3717948717948718,0.9871794871794872,0.038461538461538464,3.0769230769230766,8.217948717948717,0.7051282051282052
2024,Cayey Municipio,72035,40917.0,37.31,4.97,18854.0,19.85,15.37,24.13,32.8,15.29,99.95,19.46,5.74,0.11,1.42,14.76,147.0,0.21794871794871795,0.0641025641025641,0.3333333333333333,0.14102564102564102,0.7564102564102564,0.16666666666666666,0.5512820512820513,0.9615384615384616,0.8846153846153846,2.564102564102564,0.9166666666666666,0.23076923076923078,1.1474358974358974,0.6538461538461539,0.3974358974358974,0.038461538461538464,0.7948717948717948,0.4230769230769231,2.3076923076923075,6.775641025641025,0.28205128205128205
2024,Ceiba Municipio,72037,10995.0,40.34,9.53,16091.0,21.22,14.79,27.39,12.28,11.07,99.04,29.85,10.87,0.0,5.01,9.67,63.0,0.3076923076923077,0.46153846153846156,0.46153846153846156,0.34615384615384615,1.576923076923077,0.05128205128205128,0.8717948717948718,0.07692307692307693,0.2948717948717949,1.294871794871795,0.23076923076923078,0.7435897435897436,0.9743589743589745,0.8205128205128205,0.14102564102564102,0.7564102564102564,0.21794871794871795,0.23076923076923078,2.1666666666666665,6.012820512820513,0.1282051282051282
2024,Ciales Municipio,72039,16805.0,54.3,11.55,10672.0,30.19,16.69,25.15,24.64,14.41,99.87,19.88,2.84,0.32,3.34,13.44,22.0,0.9230769230769231,0.6282051282051282,0.9358974358974359,0.9615384615384616,3.448717948717949,0.6089743589743589,0.6794871794871795,0.6282051282051282,0.7564102564102564,2.673076923076923,0.8333333333333334,0.2564102564102564,1.0897435897435899,0.21794871794871795,0.7948717948717948,0.47435897435897434,0.717948717948718,0.08974358974358974,2.294871794871795,9.506410256410257,0.9358974358974359
2024,Cidra Municipio,72041,39643.0,34.72,6.27,17010.0,19.03,16.87,21.28,35.76,12.7,99.86,19.21,2.18,0.0,2.78,9.37,206.0,0.16666666666666666,0.1794871794871795,0.2564102564102564,0.21794871794871795,0.8205128205128205,0.6923076923076923,0.1858974358974359,0.9871794871794872,0.41025641025641024,2.2756410256410255,0.8076923076923077,0.21794871794871795,1.0256410256410255,0.1282051282051282,0.14102564102564102,0.27564102564102566,0.15384615384615385,0.5897435897435898,1.2884615384615385,5.41025641025641,0.0641025641025641
2024,Coamo Municipio,72043,33998.0,50.24,7.06,14023.0,17.68,16.38,21.59,30.39,13.84,99.95,33.91,5.4,0.03,3.22,11.01,209.0,0.7948717948717948,0.2564102564102564,0.16666666666666666,0.6410256410256411,1.858974358974359,0.5128205128205128,0.23717948717948717,0.8974358974358975,0.6474358974358975,2.2948717948717947,0.9166666666666666,0.8717948717948718,1.7884615384615383,0.6025641025641025,0.28846153846153844,0.44871794871794873,0.358974358974359,0.6025641025641025,2.301282051282051,8.243589743589743,0.717948717948718
2024,Comerío Municipio,72045,18711.0,52.81,15.26,11382.0,28.22,16.87,22.15,27.06,15.2,100.0,14.04,3.4,0.19,3.08,18.52,79.0,0.8846153846153846,0.8461538461538461,0.8717948717948718,0.8846153846153846,3.4871794871794872,0.6923076923076923,0.28205128205128205,0.7564102564102564,0.8717948717948718,2.6025641025641026,0.9743589743589743,0.038461538461538464,1.0128205128205128,0.3525641025641026,0.5833333333333334,0.41025641025641024,0.9487179487179487,0.28205128205128205,2.5769230769230766,9.679487179487179,0.9615384615384616
2024,Corozal Municipio,72047,34444.0,43.14,6.6,12915.0,22.59,17.95,21.28,22.61,12.76,99.7,20.24,2.36,0.51,5.13,11.78,272.0,0.46153846153846156,0.20512820512820512,0.5897435897435898,0.7692307692307693,2.0256410256410255,0.9102564102564102,0.1858974358974359,0.5128205128205128,0.4230769230769231,2.032051282051282,0.6025641025641025,0.2948717948717949,0.8974358974358974,0.15384615384615385,0.8974358974358975,0.7948717948717948,0.47435897435897434,0.6666666666666666,2.9871794871794872,7.942307692307692,0.6282051282051282
2024,Culebra Municipio,72049,1387.0,25.74,0.0,16635.0,22.78,15.28,31.65,6.56,10.11,96.61,17.18,8.12,0.97,29.39,18.89,0.0,0.02564102564102564,0.019230769230769232,0.6282051282051282,0.24358974358974358,0.9166666666666666,0.14102564102564102,1.0,0.01282051282051282,0.19230769230769232,1.346153846153846,0.02564102564102564,0.14102564102564102,0.16666666666666666,0.7564102564102564,0.9743589743589743,1.0,0.9615384615384616,0.019230769230769232,3.7115384615384617,6.1410256410256405,0.15384615384615385
2024,Dorado Municipio,72051,35810.0,27.46,11.03,28640.0,14.5,17.82,19.74,15.23,11.26,97.43,38.72,3.54,0.17,3.41,9.71,101.0,0.038461538461538464,0.5769230769230769,0.10256410256410256,0.02564102564102564,0.7435897435897435,0.8782051282051282,0.08974358974358974,0.15384615384615385,0.3076923076923077,1.4294871794871795,0.038461538461538464,0.9615384615384616,1.0,0.4230769230769231,0.5128205128205128,0.48717948717948717,0.23076923076923078,0.34615384615384615,2.0,5.173076923076923,0.038461538461538464
2024,Fajardo Municipio,72053,31489.0,40.35,15.06,15319.0,14.61,16.69,24.21,20.87,14.86,99.16,33.27,10.89,0.08,3.09,12.54,238.0,0.32051282051282054,0.8205128205128205,0.11538461538461539,0.46153846153846156,1.717948717948718,0.6089743589743589,0.5897435897435898,0.38461538461538464,0.8076923076923077,2.391025641025641,0.24358974358974358,0.8525641025641025,1.096153846153846,0.8333333333333334,0.358974358974359,0.4230769230769231,0.6217948717948718,0.6410256410256411,2.878205128205128,8.083333333333334,0.6538461538461539
2024,Florida Municipio,72054,11532.0,48.99,18.17,12320.0,23.47,17.17,22.44,20.24,13.86,99.66,25.86,4.81,0.38,3.56,12.17,41.0,0.7307692307692307,0.9358974358974359,0.6410256410256411,0.8333333333333334,3.141025641025641,0.7884615384615384,0.3076923076923077,0.28205128205128205,0.6666666666666666,2.0448717948717947,0.5128205128205128,0.5769230769230769,1.0897435897435896,0.5448717948717948,0.8076923076923077,0.5128205128205128,0.5384615384615384,0.1282051282051282,2.532051282051282,8.807692307692307,0.8333333333333334
2024,Guayama Municipio,72057,35298.0,49.01,4.47,13751.0,19.36,16.7,21.38,22.94,15.74,99.92,25.46,7.15,0.4,2.81,14.92,1785.0,0.7435897435897436,0.05128205128205128,0.28205128205128205,0.6666666666666666,1.7435897435897436,0.6282051282051282,0.21794871794871795,0.5512820512820513,0.9102564102564102,2.3076923076923075,0.8717948717948718,0.5641025641025641,1.435897435897436,0.7307692307692307,0.8205128205128205,0.2948717948717949,0.8461538461538461,0.9358974358974359,3.6282051282051277,9.115384615384615,0.8717948717948718
2024,Guayanilla Municipio,72059,17141.0,46.36,17.32,13081.0,20.65,17.09,24.45,16.99,14.98,99.83,21.61,2.0,0.0,3.27,13.6,71.0,0.6282051282051282,0.8974358974358975,0.3974358974358974,0.717948717948718,2.641025641025641,0.7564102564102564,0.6025641025641025,0.20512820512820512,0.8205128205128205,2.3846153846153846,0.7564102564102564,0.358974358974359,1.1153846153846154,0.10256410256410256,0.14102564102564102,0.46153846153846156,0.7564102564102564,0.2692307692307692,1.7307692307692308,7.871794871794871,0.5512820512820513
2024,Guaynabo Municipio,72061,89378.0,24.29,6.06,34713.0,13.14,13.83,26.03,20.73,8.28,98.52,46.05,14.39,0.26,1.51,9.61,1800.0,0.01282051282051282,0.14743589743589744,0.038461538461538464,0.01282051282051282,0.21153846153846156,0.038461538461538464,0.7692307692307693,0.358974358974359,0.038461538461538464,1.2051282051282053,0.08974358974358974,1.0,1.0897435897435896,0.9487179487179487,0.7051282051282052,0.07692307692307693,0.19230769230769232,0.9487179487179487,2.8717948717948714,5.378205128205128,0.05128205128205128
2024,Gurabo Municipio,72063,40228.0,29.05,10.41,25845.0,15.91,16.61,18.13,22.36,11.9,99.0,33.23,3.36,0.0,2.82,9.84,357.0,0.07692307692307693,0.5,0.14102564102564102,0.038461538461538464,0.7564102564102563,0.5897435897435898,0.02564102564102564,0.5,0.358974358974359,1.4743589743589745,0.21794871794871795,0.8333333333333334,1.0512820512820513,0.3333333333333333,0.14102564102564102,0.3141025641025641,0.24358974358974358,0.7692307692307693,1.801282051282051,5.083333333333333,0.01282051282051282
2024,Guánica Municipio,72055,12855.0,63.65,22.93,10594.0,28.44,17.07,27.82,27.72,15.95,99.74,19.51,5.85,0.19,4.5,10.76,55.0,1.0,1.0,0.8846153846153846,0.9743589743589743,3.858974358974359,0.7371794871794872,0.9038461538461539,0.8076923076923077,0.9230769230769231,3.3717948717948723,0.6858974358974359,0.24358974358974358,0.9294871794871795,0.6794871794871795,0.5833333333333334,0.6794871794871795,0.3076923076923077,0.1794871794871795,2.4294871794871793,10.58974358974359,0.9871794871794872
2024,Hatillo Municipio,72065,38157.0,37.17,6.98,16420.0,22.69,15.03,23.73,27.36,8.85,99.74,23.38,3.79,0.58,2.82,7.42,270.0,0.20512820512820512,0.24358974358974358,0.6153846153846154,0.2948717948717949,1.358974358974359,0.09615384615384616,0.5064102564102564,0.782051282051282,0.0641025641025641,1.4487179487179487,0.6858974358974359,0.47435897435897434,1.1602564102564101,0.44871794871794873,0.9102564102564102,0.3141025641025641,0.038461538461538464,0.6538461538461539,2.3653846153846154,6.333333333333333,0.21794871794871795
2024,Hormigueros Municipio,72067,15441.0,36.98,10.73,16601.0,19.38,13.54,31.09,28.92,8.26,98.69,27.7,3.14,0.0,4.35,11.1,187.0,0.19230769230769232,0.5384615384615384,0.2948717948717949,0.2692307692307692,1.2948717948717947,0.01282051282051282,0.9871794871794872,0.8589743589743589,0.02564102564102564,1.8846153846153846,0.11538461538461539,0.6410256410256411,0.7564102564102565,0.3076923076923077,0.14102564102564102,0.6282051282051282,0.3717948717948718,0.5384615384615384,1.9871794871794872,5.923076923076923,0.11538461538461539
2024,Humacao Municipio,72069,50100.0,38.23,5.24,17542.0,18.32,15.62,26.34,8.75,9.5,99.38,22.87,11.59,0.0,2.78,13.58,452.0,0.24358974358974358,0.10256410256410256,0.20512820512820512,0.19230769230769232,0.7435897435897436,0.2692307692307692,0.8076923076923077,0.0641025641025641,0.15384615384615385,1.2948717948717947,0.32051282051282054,0.44871794871794873,0.7692307692307693,0.8846153846153846,0.14102564102564102,0.27564102564102566,0.7435897435897436,0.8205128205128205,2.865384615384615,5.6730769230769225,0.08974358974358974
2024,Isabela Municipio,72071,42890.0,43.59,9.43,14167.0,23.78,15.41,22.75,23.39,9.26,99.25,22.0,4.42,0.14,1.21,10.85,437.0,0.48717948717948717,0.44871794871794873,0.6794871794871795,0.6025641025641025,2.217948717948718,0.1858974358974359,0.358974358974359,0.5769230769230769,0.11538461538461539,1.2371794871794872,0.28205128205128205,0.38461538461538464,0.6666666666666667,0.5,0.46153846153846156,0.01282051282051282,0.32051282051282054,0.7948717948717948,2.08974358974359,6.211538461538462,0.16666666666666666
2024,Jayuya Municipio,72073,14566.0,46.85,14.34,11628.0,17.91,18.63,21.19,24.61,16.19,98.44,22.72,3.97,0.7,5.39,14.68,50.0,0.6666666666666666,0.7564102564102564,0.1794871794871795,0.8717948717948718,2.4743589743589745,0.967948717948718,0.16666666666666666,0.6153846153846154,0.9551282051282052,2.7051282051282053,0.07692307692307693,0.41025641025641024,0.48717948717948717,0.46794871794871795,0.9487179487179487,0.8205128205128205,0.782051282051282,0.16666666666666666,3.1858974358974357,8.852564102564102,0.8461538461538461
2024,Juana Díaz Municipio,72075,46156.0,44.06,16.12,13613.0,22.28,17.87,21.09,26.91,12.32,99.89,33.27,2.11,0.19,4.81,12.63,615.0,0.5128205128205128,0.8717948717948718,0.5512820512820513,0.6794871794871795,2.6153846153846154,0.8974358974358975,0.15384615384615385,0.7435897435897436,0.38461538461538464,2.1794871794871797,0.8461538461538461,0.8525641025641025,1.6987179487179487,0.11538461538461539,0.5833333333333334,0.7115384615384616,0.6410256410256411,0.8461538461538461,2.897435897435898,9.391025641025642,0.9230769230769231
2024,Juncos Municipio,72077,36829.0,34.62,8.86,16242.0,20.9,17.74,18.56,30.44,15.02,100.0,23.58,6.21,0.31,2.35,10.0,186.0,0.15384615384615385,0.4358974358974359,0.41025641025641024,0.32051282051282054,1.3205128205128205,0.8461538461538461,0.038461538461538464,0.9102564102564102,0.8333333333333334,2.628205128205128,0.9743589743589743,0.5,1.4743589743589745,0.6923076923076923,0.7756410256410257,0.19230769230769232,0.2692307692307692,0.5256410256410257,2.4551282051282053,7.878205128205129,0.5769230769230769
2024,Lajas Municipio,72079,23035.0,52.65,16.54,11343.0,25.84,15.03,27.95,27.22,10.96,98.81,22.16,3.97,1.56,3.04,12.23,84.0,0.8717948717948718,0.8846153846153846,0.7564102564102564,0.8974358974358975,3.41025641025641,0.09615384615384616,0.9230769230769231,0.7692307692307693,0.2564102564102564,2.044871794871795,0.15384615384615385,0.3974358974358974,0.5512820512820513,0.46794871794871795,0.9871794871794872,0.3974358974358974,0.5512820512820513,0.30128205128205127,2.7051282051282053,8.711538461538462,0.7948717948717948
2024,Lares Municipio,72081,27855.0,55.36,13.02,11029.0,31.31,15.86,24.18,25.63,11.82,99.68,20.1,1.75,0.22,3.57,12.27,348.0,0.9487179487179487,0.7051282051282052,0.9615384615384616,0.9358974358974359,3.551282051282051,0.36538461538461536,0.5705128205128205,0.6923076923076923,0.3333333333333333,1.9615384615384615,0.5384615384615384,0.2692307692307692,0.8076923076923077,0.08974358974358974,0.6410256410256411,0.5256410256410257,0.5641025641025641,0.7564102564102564,2.5769230769230766,8.897435897435898,0.8589743589743589
2024,Las Marías Municipio,72083,8744.0,57.82,6.01,10495.0,34.7,17.82,25.53,8.04,13.19,99.97,10.69,3.5,0.0,7.86,11.76,84.0,0.9615384615384616,0.1282051282051282,0.9871794871794872,0.9871794871794872,3.0641025641025643,0.8782051282051282,0.7564102564102564,0.038461538461538464,0.5192307692307693,2.1923076923076925,0.9358974358974359,0.02564102564102564,0.9615384615384616,0.3974358974358974,0.14102564102564102,0.9487179487179487,0.46153846153846156,0.30128205128205127,2.25,8.467948717948719,0.75
2024,Las Piedras Municipio,72085,34951.0,38.68,6.46,16474.0,17.27,16.51,21.69,13.58,13.97,100.0,28.62,3.07,0.0,3.91,8.87,171.0,0.2692307692307692,0.19230769230769232,0.15384615384615385,0.28205128205128205,0.8974358974358975,0.5512820512820513,0.2564102564102564,0.1282051282051282,0.6794871794871795,1.6153846153846154,0.9743589743589743,0.717948717948718,1.6923076923076923,0.2948717948717949,0.14102564102564102,0.5641025641025641,0.08974358974358974,0.47435897435897434,1.5641025641025639,5.769230769230769,0.10256410256410256
2024,Loíza Municipio,72087,22768.0,42.84,20.16,13835.0,22.56,16.8,23.62,21.56,16.21,99.84,14.67,11.73,0.21,6.23,19.03,87.0,0.4358974358974359,0.9487179487179487,0.5769230769230769,0.6538461538461539,2.6153846153846154,0.6538461538461539,0.48717948717948717,0.41025641025641024,0.9743589743589743,2.5256410256410255,0.7692307692307693,0.07692307692307693,0.8461538461538463,0.9102564102564102,0.6217948717948718,0.8846153846153846,0.9743589743589743,0.32051282051282054,3.7115384615384617,9.698717948717949,0.9743589743589743
2024,Luquillo Municipio,72089,17532.0,44.8,17.59,16377.0,20.41,15.77,25.5,25.92,10.95,98.77,28.57,11.72,0.0,5.0,13.03,66.0,0.5256410256410257,0.9102564102564102,0.38461538461538464,0.3076923076923077,2.128205128205128,0.3333333333333333,0.7307692307692307,0.717948717948718,0.24358974358974358,2.0256410256410255,0.14102564102564102,0.7051282051282052,0.8461538461538463,0.8974358974358975,0.14102564102564102,0.7435897435897436,0.6794871794871795,0.2564102564102564,2.717948717948718,7.717948717948718,0.5
2024,Manatí Municipio,72091,38943.0,42.27,13.2,15901.0,25.02,16.48,25.43,20.48,13.19,99.34,27.16,8.41,0.11,4.3,15.67,303.0,0.4230769230769231,0.7435897435897436,0.717948717948718,0.3717948717948718,2.2564102564102564,0.5256410256410257,0.717948717948718,0.2948717948717949,0.5192307692307693,2.057692307692308,0.3076923076923077,0.6282051282051282,0.9358974358974359,0.782051282051282,0.3974358974358974,0.6025641025641025,0.8717948717948718,0.6923076923076923,3.346153846153846,8.596153846153847,0.782051282051282
2024,Maricao Municipio,72093,4988.0,52.89,0.0,10934.0,45.78,16.14,29.43,7.66,9.23,99.9,8.62,3.51,0.0,12.18,8.84,8.0,0.8974358974358975,0.019230769230769232,1.0,0.9487179487179487,2.8653846153846154,0.4230769230769231,0.9743589743589743,0.02564102564102564,0.10256410256410256,1.5256410256410255,0.8589743589743589,0.01282051282051282,0.8717948717948717,0.41025641025641024,0.14102564102564102,0.9743589743589743,0.0641025641025641,0.05128205128205128,1.641025641025641,6.903846153846153,0.3333333333333333
2024,Maunabo Municipio,72095,10399.0,54.64,12.09,11302.0,28.03,15.69,28.02,16.49,14.33,99.68,17.81,4.13,0.0,10.8,17.06,16.0,0.9358974358974359,0.6666666666666666,0.8589743589743589,0.9102564102564102,3.371794871794872,0.28205128205128205,0.9358974358974359,0.1794871794871795,0.7435897435897436,2.1410256410256414,0.5384615384615384,0.15384615384615385,0.6923076923076923,0.48717948717948717,0.14102564102564102,0.9615384615384616,0.9102564102564102,0.07692307692307693,2.576923076923077,8.782051282051283,0.8205128205128205
2024,Mayagüez Municipio,72097,70828.0,53.26,20.33,14431.0,24.29,15.46,26.91,24.02,11.03,99.42,25.4,19.55,0.03,2.44,17.68,1680.0,0.9102564102564102,0.9743589743589743,0.6923076923076923,0.5641025641025641,3.1410256410256405,0.21794871794871795,0.8589743589743589,0.5897435897435898,0.2692307692307692,1.9358974358974357,0.34615384615384615,0.5512820512820513,0.8974358974358975,0.9871794871794872,0.28846153846153844,0.21794871794871795,0.9230769230769231,0.9230769230769231,3.3397435897435903,9.314102564102566,0.9102564102564102
2024,Moca Municipio,72099,37424.0,45.9,17.74,14548.0,26.72,16.82,21.3,22.09,14.21,99.55,26.65,1.62,0.0,3.01,9.94,338.0,0.5897435897435898,0.9230769230769231,0.8076923076923077,0.5512820512820513,2.8717948717948714,0.6666666666666666,0.20512820512820512,0.4551282051282051,0.717948717948718,2.0448717948717947,0.4230769230769231,0.6153846153846154,1.0384615384615385,0.0641025641025641,0.14102564102564102,0.38461538461538464,0.2564102564102564,0.717948717948718,1.564102564102564,7.519230769230768,0.4358974358974359
2024,Morovis Municipio,72101,28397.0,44.91,10.45,15456.0,22.13,17.17,19.98,20.76,15.04,100.0,20.87,2.86,0.31,2.77,11.99,89.0,0.5512820512820513,0.5128205128205128,0.5256410256410257,0.4358974358974359,2.0256410256410255,0.7884615384615384,0.10256410256410256,0.3717948717948718,0.8461538461538461,2.108974358974359,0.9743589743589743,0.32051282051282054,1.294871794871795,0.23076923076923078,0.7756410256410257,0.2564102564102564,0.5256410256410257,0.3333333333333333,2.121794871794872,7.551282051282051,0.46153846153846156
2024,Naguabo Municipio,72103,23054.0,46.33,6.89,13083.0,22.41,18.63,20.85,8.35,16.01,99.65,20.78,8.25,0.0,6.64,10.86,103.0,0.6153846153846154,0.23076923076923078,0.5641025641025641,0.7051282051282052,2.1153846153846154,0.967948717948718,0.11538461538461539,0.05128205128205128,0.9358974358974359,2.0705128205128203,0.5,0.3076923076923077,0.8076923076923077,0.7692307692307693,0.14102564102564102,0.9102564102564102,0.3333333333333333,0.3717948717948718,2.525641025641026,7.51923076923077,0.44871794871794873
2024,Naranjito Municipio,72105,29310.0,51.09,11.67,12849.0,27.68,16.93,23.73,25.28,14.67,99.86,14.44,1.69,0.17,6.03,14.5,102.0,0.8333333333333334,0.6410256410256411,0.8461538461538461,0.7948717948717948,3.1153846153846154,0.717948717948718,0.5064102564102564,0.6794871794871795,0.782051282051282,2.685897435897436,0.8076923076923077,0.05128205128205128,0.858974358974359,0.07692307692307693,0.5128205128205128,0.8717948717948718,0.7692307692307693,0.358974358974359,2.58974358974359,9.25,0.8974358974358975
2024,Orocovis Municipio,72107,21309.0,50.39,10.7,11696.0,26.97,18.13,20.95,22.07,13.6,99.46,14.53,1.55,0.1,6.33,14.91,140.0,0.8205128205128205,0.5256410256410257,0.8205128205128205,0.8589743589743589,3.025641025641026,0.9358974358974359,0.14102564102564102,0.4358974358974359,0.6153846153846154,2.128205128205128,0.3717948717948718,0.0641025641025641,0.4358974358974359,0.05128205128205128,0.3717948717948718,0.8974358974358975,0.8269230769230769,0.41025641025641024,2.5576923076923075,8.147435897435898,0.6666666666666666
2024,Patillas Municipio,72109,15563.0,48.91,8.34,12868.0,21.0,15.09,27.77,16.05,13.07,99.86,20.11,1.25,0.18,5.67,12.54,46.0,0.717948717948718,0.41025641025641024,0.4230769230769231,0.782051282051282,2.3333333333333335,0.11538461538461539,0.8846153846153846,0.16666666666666666,0.48717948717948717,1.653846153846154,0.8076923076923077,0.28205128205128205,1.0897435897435899,0.038461538461538464,0.5448717948717948,0.8589743589743589,0.6217948717948718,0.15384615384615385,2.2179487179487176,7.294871794871794,0.38461538461538464
2024,Peñuelas Municipio,72111,19853.0,52.32,11.23,12056.0,27.32,19.04,20.88,16.94,14.08,99.85,21.0,0.67,0.19,5.57,9.56,13.0,0.8589743589743589,0.5897435897435898,0.8333333333333334,0.8461538461538461,3.128205128205128,0.9871794871794872,0.1282051282051282,0.19230769230769232,0.6923076923076923,2.0,0.782051282051282,0.34615384615384615,1.1282051282051282,0.01282051282051282,0.5833333333333334,0.8461538461538461,0.17307692307692307,0.0641025641025641,1.6794871794871795,7.935897435897435,0.6153846153846154
2024,Ponce Municipio,72113,132760.0,49.68,15.1,14625.0,18.67,17.12,25.33,25.76,14.27,99.74,30.28,13.48,0.26,3.16,15.58,3768.0,0.7692307692307693,0.8333333333333334,0.24358974358974358,0.5384615384615384,2.3846153846153846,0.7692307692307693,0.7051282051282052,0.7051282051282052,0.7307692307692307,2.9102564102564106,0.6858974358974359,0.7564102564102564,1.4423076923076923,0.9230769230769231,0.7051282051282052,0.4358974358974359,0.8589743589743589,0.9743589743589743,3.8974358974358974,10.634615384615385,1.0
2024,Quebradillas Municipio,72115,23409.0,45.05,8.1,13202.0,26.6,16.21,23.83,30.92,10.56,99.24,18.05,8.11,0.48,4.38,8.85,451.0,0.5641025641025641,0.358974358974359,0.7948717948717948,0.6923076923076923,2.4102564102564106,0.46153846153846156,0.5384615384615384,0.9230769230769231,0.23076923076923078,2.1538461538461537,0.2692307692307692,0.16666666666666666,0.4358974358974359,0.7435897435897436,0.8846153846153846,0.6474358974358975,0.07692307692307693,0.8076923076923077,3.1602564102564106,8.16025641025641,0.6794871794871795
2024,Rincón Municipio,72117,15378.0,46.11,7.8,15582.0,29.18,13.75,29.17,33.35,10.02,96.15,35.7,11.46,0.16,5.09,10.24,42.0,0.6025641025641025,0.3333333333333333,0.8974358974358975,0.3974358974358974,2.230769230769231,0.02564102564102564,0.9615384615384616,0.9743589743589743,0.1794871794871795,2.141025641025641,0.01282051282051282,0.8974358974358975,0.9102564102564102,0.8589743589743589,0.48717948717948717,0.782051282051282,0.2948717948717949,0.14102564102564102,2.564102564102564,7.846153846153847,0.5384615384615384
2024,Río Grande Municipio,72119,46051.0,33.82,15.03,16144.0,19.8,15.61,23.09,23.13,12.25,99.69,25.19,7.14,0.21,4.38,11.86,629.0,0.1282051282051282,0.8076923076923077,0.32051282051282054,0.3333333333333333,1.5897435897435896,0.2564102564102564,0.3974358974358974,0.5641025641025641,0.3717948717948718,1.5897435897435896,0.5769230769230769,0.5384615384615384,1.1153846153846154,0.717948717948718,0.6217948717948718,0.6474358974358975,0.5,0.8589743589743589,3.3461538461538463,7.6410256410256405,0.48717948717948717
2024,Sabana Grande Municipio,72121,22407.0,43.95,11.53,15462.0,18.34,16.52,26.46,26.6,8.91,99.61,16.47,3.06,0.28,4.69,11.21,180.0,0.5,0.6153846153846154,0.22435897435897437,0.4230769230769231,1.762820512820513,0.5705128205128205,0.8333333333333334,0.7307692307692307,0.07692307692307693,2.2115384615384617,0.44871794871794873,0.1282051282051282,0.5769230769230769,0.28205128205128205,0.7564102564102564,0.6923076923076923,0.38461538461538464,0.5128205128205128,2.628205128205128,7.179487179487179,0.34615384615384615
2024,Salinas Municipio,72123,25079.0,47.94,7.22,14275.0,19.62,17.39,23.29,31.28,15.14,99.53,37.24,3.64,0.63,4.47,13.32,202.0,0.6923076923076923,0.2692307692307692,0.3076923076923077,0.5897435897435898,1.858974358974359,0.8205128205128205,0.4358974358974359,0.9358974358974359,0.8589743589743589,3.0512820512820515,0.41025641025641024,0.9358974358974359,1.3461538461538463,0.4358974358974359,0.9358974358974359,0.6666666666666666,0.7051282051282052,0.5769230769230769,3.3205128205128203,9.576923076923077,0.9487179487179487
2024,San Germán Municipio,72125,31305.0,49.57,8.16,12961.0,24.77,16.3,28.47,14.58,10.41,99.26,21.62,5.84,0.17,4.33,15.79,345.0,0.7564102564102564,0.38461538461538464,0.7051282051282052,0.7435897435897436,2.58974358974359,0.48717948717948717,0.9487179487179487,0.14102564102564102,0.21794871794871795,1.7948717948717947,0.2948717948717949,0.3717948717948718,0.6666666666666667,0.6666666666666666,0.5128205128205128,0.6153846153846154,0.8846153846153846,0.7371794871794872,3.4166666666666665,8.467948717948719,0.75
2024,San Juan Municipio,72127,336160.0,38.84,12.28,25758.0,13.98,15.29,25.52,20.95,11.57,98.91,32.48,23.72,0.12,2.14,20.78,5838.0,0.28205128205128205,0.6794871794871795,0.05128205128205128,0.05128205128205128,1.064102564102564,0.15384615384615385,0.7435897435897436,0.3974358974358974,0.32051282051282054,1.6153846153846154,0.1794871794871795,0.7948717948717948,0.9743589743589743,1.0,0.4230769230769231,0.15384615384615385,1.0,1.0,3.576923076923077,7.230769230769232,0.3717948717948718
2024,San Lorenzo Municipio,72129,37431.0,43.41,7.35,14903.0,25.54,15.73,22.74,13.08,13.84,100.0,24.56,2.28,0.11,5.18,13.13,126.0,0.47435897435897434,0.3076923076923077,0.7435897435897436,0.48717948717948717,2.0128205128205128,0.32051282051282054,0.34615384615384615,0.10256410256410256,0.6474358974358975,1.4166666666666667,0.9743589743589743,0.5256410256410257,1.5,0.14102564102564102,0.3974358974358974,0.8076923076923077,0.6923076923076923,0.38461538461538464,2.423076923076923,7.352564102564102,0.3974358974358974
2024,San Sebastián Municipio,72131,39088.0,49.69,13.03,12443.0,29.77,16.17,26.71,30.09,8.68,98.98,24.51,2.56,0.05,2.98,9.63,292.0,0.782051282051282,0.717948717948718,0.9230769230769231,0.8205128205128205,3.2435897435897436,0.4423076923076923,0.8461538461538461,0.8717948717948718,0.05128205128205128,2.2115384615384612,0.19230769230769232,0.5128205128205128,0.7051282051282051,0.1858974358974359,0.3333333333333333,0.358974358974359,0.20512820512820512,0.6794871794871795,1.7628205128205128,7.9230769230769225,0.6025641025641025
2024,Santa Isabel Municipio,72133,19903.0,41.76,5.9,17827.0,18.24,17.76,19.02,28.76,14.2,99.74,40.06,3.47,0.0,3.92,11.41,32.0,0.3717948717948718,0.11538461538461539,0.19230769230769232,0.1794871794871795,0.858974358974359,0.8589743589743589,0.05128205128205128,0.8461538461538461,0.7051282051282052,2.4615384615384617,0.6858974358974359,0.9871794871794872,1.6730769230769231,0.3717948717948718,0.14102564102564102,0.5769230769230769,0.41025641025641024,0.10256410256410256,1.6025641025641026,6.596153846153847,0.24358974358974358
2024,Toa Alta Municipio,72135,66320.0,32.75,7.27,19840.0,14.41,16.52,17.57,17.78,14.77,99.71,36.38,4.94,0.24,3.52,5.53,426.0,0.10256410256410256,0.28205128205128205,0.08974358974358974,0.10256410256410256,0.5769230769230769,0.5705128205128205,0.01282051282051282,0.23076923076923078,0.7948717948717948,1.608974358974359,0.6153846153846154,0.9230769230769231,1.5384615384615385,0.5769230769230769,0.6538461538461539,0.5,0.01282051282051282,0.782051282051282,2.5256410256410255,6.25,0.1858974358974359
2024,Toa Baja Municipio,72137,73039.0,32.4,8.2,18984.0,15.77,16.1,22.55,30.34,13.37,99.75,31.45,5.26,0.25,2.71,9.15,463.0,0.08974358974358974,0.3974358974358974,0.1282051282051282,0.1282051282051282,0.7435897435897436,0.41025641025641024,0.32051282051282054,0.8846153846153846,0.5641025641025641,2.1794871794871797,0.717948717948718,0.7692307692307693,1.4871794871794872,0.5897435897435898,0.6730769230769231,0.23076923076923078,0.11538461538461539,0.8333333333333334,2.4423076923076925,6.852564102564103,0.3076923076923077
2024,Trujillo Alto Municipio,72139,67088.0,27.7,7.89,23034.0,11.43,15.84,22.38,22.22,9.75,99.44,39.71,14.83,0.05,2.38,7.16,854.0,0.05128205128205128,0.34615384615384615,0.02564102564102564,0.0641025641025641,0.48717948717948717,0.34615384615384615,0.2948717948717949,0.47435897435897434,0.16666666666666666,1.2820512820512822,0.358974358974359,0.9743589743589743,1.3333333333333333,0.9615384615384616,0.3333333333333333,0.20512820512820512,0.02564102564102564,0.8846153846153846,2.41025641025641,5.512820512820513,0.07692307692307693
2024,Utuado Municipio,72141,27621.0,50.31,21.21,12937.0,23.61,16.29,26.19,20.68,12.8,98.82,18.94,2.91,0.47,4.2,12.38,188.0,0.8076923076923077,0.9871794871794872,0.6666666666666666,0.7564102564102564,3.217948717948718,0.47435897435897434,0.7948717948717948,0.3333333333333333,0.44871794871794873,2.051282051282051,0.16666666666666666,0.20512820512820512,0.3717948717948718,0.2564102564102564,0.8717948717948718,0.5897435897435898,0.5769230769230769,0.5512820512820513,2.846153846153846,8.487179487179485,0.7692307692307693
2024,Vega Alta Municipio,72143,34921.0,40.8,15.49,18289.0,20.18,17.56,21.59,22.32,13.27,99.68,31.93,8.51,0.18,5.07,11.22,226.0,0.3333333333333333,0.8589743589743589,0.358974358974359,0.16666666666666666,1.717948717948718,0.8333333333333334,0.23717948717948717,0.48717948717948717,0.5384615384615384,2.0961538461538463,0.5384615384615384,0.782051282051282,1.3205128205128205,0.7948717948717948,0.5448717948717948,0.7692307692307693,0.3974358974358974,0.6282051282051282,3.1346153846153846,8.26923076923077,0.7307692307692307
2024,Vega Baja Municipio,72145,53892.0,41.06,11.02,16650.0,21.67,16.17,23.57,21.86,13.58,99.52,27.81,4.76,0.45,4.87,11.48,332.0,0.34615384615384615,0.5641025641025641,0.48717948717948717,0.23076923076923078,1.6282051282051282,0.4423076923076923,0.47435897435897434,0.4230769230769231,0.6025641025641025,1.942307692307692,0.391025641025641,0.6538461538461539,1.044871794871795,0.5256410256410257,0.8525641025641025,0.7307692307692307,0.44871794871794873,0.7051282051282052,3.262820512820513,7.878205128205128,0.5641025641025641
2024,Vieques Municipio,72147,8078.0,59.1,6.06,11056.0,32.82,16.87,27.82,13.57,16.19,97.86,16.16,3.49,0.71,12.38,17.89,0.0,0.9743589743589743,0.14743589743589744,0.9743589743589743,0.9230769230769231,3.019230769230769,0.6923076923076923,0.9038461538461539,0.11538461538461539,0.9551282051282052,2.666666666666667,0.05128205128205128,0.10256410256410256,0.15384615384615385,0.38461538461538464,0.9615384615384616,0.9871794871794872,0.9358974358974359,0.019230769230769232,3.2884615384615383,9.128205128205128,0.8846153846153846
2024,Villalba Municipio,72149,21556.0,38.87,11.36,14365.0,22.16,18.27,22.8,22.75,13.02,99.62,23.43,2.88,0.27,6.67,12.47,131.0,0.2948717948717949,0.6025641025641025,0.5384615384615384,0.5769230769230769,2.0128205128205128,0.9487179487179487,0.3717948717948718,0.5256410256410257,0.47435897435897434,2.3205128205128207,0.46153846153846156,0.48717948717948717,0.9487179487179487,0.24358974358974358,0.7371794871794872,0.9230769230769231,0.5897435897435898,0.3974358974358974,2.891025641025641,8.173076923076923,0.6923076923076923
2024,Yabucoa Municipio,72151,29400.0,47.75,8.75,12580.0,25.34,15.41,26.15,12.75,13.54,99.6,22.82,2.56,0.0,4.81,14.82,160.0,0.6794871794871795,0.4230769230769231,0.7307692307692307,0.8076923076923077,2.6410256410256414,0.1858974358974359,0.782051282051282,0.08974358974358974,0.5897435897435898,1.6474358974358974,0.4358974358974359,0.4358974358974359,0.8717948717948718,0.1858974358974359,0.14102564102564102,0.7115384615384616,0.8076923076923077,0.46153846153846156,2.307692307692308,7.467948717948719,0.4230769230769231
2024,Yauco Municipio,72153,32993.0,41.87,11.86,14145.0,21.23,15.72,26.38,27.38,9.36,99.73,23.07,4.54,0.14,2.89,11.42,345.0,0.38461538461538464,0.6538461538461539,0.47435897435897434,0.6153846153846154,2.128205128205128,0.3076923076923077,0.8205128205128205,0.7948717948717948,0.14102564102564102,2.064102564102564,0.6474358974358975,0.46153846153846156,1.108974358974359,0.5128205128205128,0.46153846153846156,0.3333333333333333,0.42948717948717946,0.7371794871794872,2.4743589743589745,7.7756410256410255,0.5256410256410257
