scenario,municipio,region,p50,baseline_p50,abs_impact_vs_baseline,pct_impact_vs_baseline
earthquake_m6_0,San Juan,Metro,308110.153092338,309872.0121047741,-1761.8590124361217,-0.5685763617271768
earthquake_m6_0,Ponce,South,120546.42614300406,121505.66019451046,-959.2340515063988,-0.789456268926751
earthquake_m6_0,Bayamón,Metro,167229.9417680601,168063.60415505752,-833.6623869974283,-0.4960398125392344
earthquake_m6_0,Carolina,Metro,138802.7498148731,139558.14449020842,-755.394675335323,-0.5412759521092103
earthquake_m6_0,Caguas,East,112191.95589593319,112886.93674952965,-694.9808535964548,-0.615643291958979
earthquake_m6_0,Guaynabo,Metro,81680.3301755456,82106.00676613805,-425.67659059244033,-0.5184475623140362
earthquake_m6_0,Mayagüez,West,66321.50713236112,66714.18801079149,-392.6808784303721,-0.5886017504505237
earthquake_m6_0,Trujillo Alto,Metro,61322.796446077286,61689.74417618965,-366.9477301123625,-0.5948277708274126
earthquake_m6_0,Juana Díaz,South,42033.94810256376,42400.00791388366,-366.0598113199012,-0.8633484504611068
earthquake_m6_0,Arecibo,North,80275.85082432162,80613.46736062085,-337.6165362992324,-0.4188090989671979
earthquake_m6_0,Toa Alta,Metro,60902.34946870353,61237.793324372935,-335.44385566940764,-0.5477726048889149
earthquake_m6_0,Toa Baja,Metro,67691.75560607735,68004.46401358768,-312.7084075103339,-0.4598351182473153
earthquake_m6_0,Isabela,West,39456.91908153563,39732.63219319399,-275.7131116583623,-0.693921083098015
earthquake_m6_0,San Sebastián,West,36125.28319777679,36400.003665518205,-274.720467741412,-0.7547264837274048
earthquake_m6_0,Coamo,South,30836.06746410651,31107.907002258602,-271.83953815209316,-0.8738599422081214
earthquake_m6_0,Humacao,East,44796.06735820965,45064.33021830673,-268.2628600970784,-0.5952886879656774
earthquake_m6_0,Guayama,South,31746.90382248162,32013.530089397987,-266.62626691636615,-0.8328549403074593
earthquake_m6_0,Vega Baja,North,49624.94814341098,49885.26592075094,-260.3177773399657,-0.5218329952445546
earthquake_m6_0,Gurabo,East,35520.51655022513,35780.004366873814,-259.4878166486815,-0.7252313722156025
earthquake_m6_0,Cabo Rojo,West,43456.504773692046,43713.014085487615,-256.5093117955694,-0.5868030772115723
earthquake_m6_0,Río Grande,East,41056.12277368376,41308.94515148988,-252.82237780612195,-0.6120281621304083
earthquake_m6_0,Yauco,South,30147.64396978489,30387.66431078514,-240.02034100025048,-0.7898611046425928
earthquake_m6_0,Canóvanas,East,37141.45105244262,37369.04736800298,-227.59631556036038,-0.6090503547469029
earthquake_m6_0,Moca,West,34393.508548627,34620.348555556455,-226.8400069294512,-0.6552216150147457
earthquake_m6_0,Aguadilla,West,50130.23780054618,50353.559995488686,-223.32219494250603,-0.44350825435682023
earthquake_m6_0,Aguada,West,34816.042866370706,35027.66433438162,-211.62146801091149,-0.6041552356752292
earthquake_m6_0,Juncos,East,32709.84607359585,32918.6609916224,-208.81491802654637,-0.6343360019403235
earthquake_m6_0,San Lorenzo,East,33296.94739574166,33496.94457585037,-199.99718010870856,-0.597060963742038
earthquake_m6_0,Las Piedras,East,31005.38212004653,31198.371167160032,-192.98904711350042,-0.6185869322455019
earthquake_m6_0,Cayey,Central Mountains,37901.17428998789,38090.46173021385,-189.2874402259622,-0.4969418369528898
earthquake_m6_0,Salinas,South,22708.78157694389,22894.06764114357,-185.28606419968128,-0.8093191087926136
earthquake_m6_0,Fajardo,East,27954.73428582937,28138.509392496737,-183.77510666736634,-0.6531088911069711
earthquake_m6_0,Naranjito,Central Mountains,26903.343784603956,27085.49973741303,-182.15595280907291,-0.6725220305145858
earthquake_m6_0,Cidra,Central Mountains,36628.67272874014,36806.26881161335,-177.59608287321316,-0.48251585560657784
earthquake_m6_0,Corozal,Central Mountains,31889.35319121797,32063.87806465641,-174.52487343843677,-0.5443036961608623
earthquake_m6_0,Villalba,South,19582.758687895963,19750.83868037527,-168.07999247930638,-0.8510017989581029
earthquake_m6_0,San Germán,West,29248.122244864535,29415.147182065637,-167.02493720110215,-0.5678194848636928
earthquake_m6_0,Dorado,North,33154.39391810683,33318.49198903461,-164.0980709277792,-0.4925134996559425
earthquake_m6_0,Hatillo,North,35471.646526114695,35633.853799640674,-162.20727352597896,-0.45520553134113895
earthquake_m6_0,Yabucoa,East,26200.498585393405,26358.465341298423,-157.96675590501764,-0.5993017949247427
earthquake_m6_0,Lares,Central Mountains,25852.08628664857,26009.43141476871,-157.34512812014145,-0.6049541245672811
earthquake_m6_0,Manatí,North,36212.521732707086,36366.04527654721,-153.52354384012142,-0.42216177940890964
earthquake_m6_0,Santa Isabel,South,18012.80231926698,18165.33097350825,-152.5286542412723,-0.8396690072078252
earthquake_m6_0,Peñuelas,South,18085.809852410024,18238.229503599166,-152.41965118914231,-0.8357151726765119
earthquake_m6_0,Barranquitas,Central Mountains,26926.201703387866,27064.374415862494,-138.1727124746285,-0.5105335536359014
earthquake_m6_0,Morovis,Central Mountains,26433.22002375355,26564.542813439253,-131.32278968570245,-0.49435366009485776
earthquake_m6_0,Sabana Grande,West,21006.078419379228,21137.31049099842,-131.23207161919345,-0.6208551067794562
earthquake_m6_0,Lajas,West,21514.23011456416,21645.391562267323,-131.16144770316168,-0.6059555325014537
earthquake_m6_0,Aibonito,Central Mountains,22705.152008591656,22836.25584072363,-131.103832131972,-0.57410388570869
earthquake_m6_0,Utuado,Central Mountains,25818.28184818238,25947.139012428008,-128.85716424562634,-0.4966141515020484
earthquake_m6_0,Añasco,West,23305.096122119197,23431.57115298224,-126.47503086304278,-0.5397633391175553
earthquake_m6_0,Naguabo,East,20602.3685413443,20726.763292884396,-124.39475154009415,-0.6001648679164465
earthquake_m6_0,Aguas Buenas,Central Mountains,21942.66740871748,22065.92335107903,-123.25594236154939,-0.558580488115047
earthquake_m6_0,Vega Alta,North,32441.526926988845,32563.298626085714,-121.77169909686927,-0.3739538198974742
earthquake_m6_0,Arroyo,South,13676.597965093035,13795.982790661492,-119.38482556845702,-0.8653593395989786
earthquake_m6_0,Loíza,East,20291.36448033621,20409.75482053809,-118.39034020188046,-0.5800674297309328
earthquake_m6_0,Guayanilla,South,15697.002469397132,15814.800062158916,-117.79759276178447,-0.7448566677971877
earthquake_m6_0,Patillas,South,13894.873456266148,14005.914380625578,-111.04092435942948,-0.7928145306459442
earthquake_m6_0,Orocovis,Central Mountains,19592.7776815065,19695.71791124165,-102.94022973514802,-0.5226528436234011
earthquake_m6_0,Barceloneta,North,20806.566215002793,20906.053004419417,-99.48678941662365,-0.47587552464156063
earthquake_m6_0,Cataño,Metro,20740.217868523134,20838.772652308602,-98.55478378546832,-0.47293948367227867
earthquake_m6_0,Luquillo,East,15611.921575074979,15710.201098535366,-98.27952346038728,-0.6255777557777392
earthquake_m6_0,Guánica,West,11182.42074805294,11278.016233257078,-95.59548520413773,-0.8476267743102004
earthquake_m6_0,Camuy,North,30353.067991610405,30445.606141029875,-92.53814941946985,-0.30394582716079105
earthquake_m6_0,Comerío,Central Mountains,17348.909267737894,17439.786168247112,-90.8769005092181,-0.5210895341978394
earthquake_m6_0,Rincón,West,14147.45318938349,14236.207086822731,-88.75389743924097,-0.6234378082445362
earthquake_m6_0,Quebradillas,North,21693.99836218331,21776.837298446742,-82.83893626343342,-0.3803992982458569
earthquake_m6_0,Ciales,Central Mountains,15570.439257989881,15653.090050125733,-82.65079213585159,-0.5280158222509408
earthquake_m6_0,Adjuntas,Central Mountains,16673.645536055403,16752.12993968087,-78.48440362546899,-0.4685040284911025
earthquake_m6_0,Hormigueros,West,14340.941972072373,14413.154947967112,-72.21297589473943,-0.5010212972484878
earthquake_m6_0,Jayuya,Central Mountains,13578.204752376232,13641.716627164551,-63.51187478831889,-0.4655709873187706
earthquake_m6_0,Maunabo,East,9222.704169082084,9276.123239167518,-53.419070085434214,-0.5758771062880821
earthquake_m6_0,Ceiba,East,9866.43519153666,9919.600237075274,-53.16504553861341,-0.5359595575223378
earthquake_m6_0,Florida,North,10674.682024261085,10724.827001171994,-50.14497691090946,-0.4675597742082897
earthquake_m6_0,Vieques,East,7192.22459504039,7234.907579841597,-42.68298480120666,-0.5899589501341104
earthquake_m6_0,Las Marías,West,8074.996512661306,8116.669604851807,-41.67309219050094,-0.5134260012947983
earthquake_m6_0,Maricao,West,4700.40405501148,4736.591058029554,-36.18700301807439,-0.7639883320036577
earthquake_m6_0,Culebra,East,1166.053877359896,1173.6159986412554,-7.562121281359396,-0.6443437453233751
earthquake_m6_5,San Juan,Metro,307010.6209010286,309872.0121047741,-2861.391203745501,-0.9234106637478462
earthquake_m6_5,Ponce,South,119893.58211432777,121505.66019451046,-1612.0780801826913,-1.3267514267253238
earthquake_m6_5,Bayamón,Metro,166680.42857135166,168063.60415505752,-1383.175583705859,-0.8230072124537592
earthquake_m6_5,Carolina,Metro,138318.88307317154,139558.14449020842,-1239.261417036876,-0.8879893191212672
earthquake_m6_5,Caguas,East,111752.34889141485,112886.93674952965,-1134.587858114799,-1.005065679682841
earthquake_m6_5,Guaynabo,Metro,81371.9086532164,82106.00676613805,-734.0981129216525,-0.8940857579550531
earthquake_m6_5,Arecibo,North,79960.8293000875,80613.46736062085,-652.6380605333543,-0.8095893675107736
earthquake_m6_5,Mayagüez,West,66065.7276559131,66714.18801079149,-648.4603548783925,-0.9719976727791388
earthquake_m6_5,Juana Díaz,South,41788.62049708245,42400.00791388366,-611.3874168012117,-1.4419511855822462
earthquake_m6_5,Toa Alta,Metro,60675.798525596896,61237.793324372935,-561.9947987760388,-0.9177254245579783
earthquake_m6_5,Trujillo Alto,Metro,61129.146294836784,61689.74417618965,-560.5978813528636,-0.9087375686820196
earthquake_m6_5,Toa Baja,Metro,67448.01087860242,68004.46401358768,-556.4531349852623,-0.8182597172945584
earthquake_m6_5,Humacao,East,44594.97451603548,45064.33021830673,-469.35570227124845,-1.041523750597273
earthquake_m6_5,Coamo,South,30642.208859009326,31107.907002258602,-465.69814324927574,-1.4970410680971353
earthquake_m6_5,San Sebastián,West,35948.04337856786,36400.003665518205,-451.9602869503433,-1.2416490149381116
earthquake_m6_5,Isabela,West,39284.43032088595,39732.63219319399,-448.20187230804004,-1.1280447520534893
earthquake_m6_5,Guayama,South,31570.068931664504,32013.530089397987,-443.46115773348356,-1.3852304213097257
earthquake_m6_5,Cabo Rojo,West,43278.987634863704,43713.014085487615,-434.02645062391093,-0.9928998484870079
earthquake_m6_5,Vega Baja,North,49451.28874643597,49885.26592075094,-433.97717431497585,-0.8699506082705933
earthquake_m6_5,Gurabo,East,35349.56661893485,35780.004366873814,-430.4377479389659,-1.2030120050445772
earthquake_m6_5,Aguadilla,West,49925.03688986348,50353.559995488686,-428.5231056252087,-0.8510284191695706
earthquake_m6_5,Río Grande,East,40891.88940705618,41308.94515148988,-417.0557444337028,-1.009601535222598
earthquake_m6_5,Yauco,South,29984.913188802093,30387.66431078514,-402.7511219830485,-1.3253770275463546
earthquake_m6_5,Canóvanas,East,36978.817123970366,37369.04736800298,-390.2302440326166,-1.044260615449215
earthquake_m6_5,Aguada,West,34672.11459156542,35027.66433438162,-355.549742816198,-1.0150540995883814
earthquake_m6_5,Juncos,East,32563.926007316582,32918.6609916224,-354.7349843058146,-1.077610612400342
earthquake_m6_5,Cidra,Central Mountains,36452.67791046185,36806.26881161335,-353.5909011515032,-0.9606811898301844
earthquake_m6_5,San Lorenzo,East,33145.84730015135,33496.94457585037,-351.09727569902316,-1.04814716728566
earthquake_m6_5,Moca,West,34287.30982456162,34620.348555556455,-333.0387309948346,-0.961973939864863
earthquake_m6_5,Las Piedras,East,30870.96050724724,31198.371167160032,-327.41065991279174,-1.049447928414385
earthquake_m6_5,Cayey,Central Mountains,37764.447302891786,38090.46173021385,-326.0144273220649,-0.8558951835006662
earthquake_m6_5,Salinas,South,22579.66134037383,22894.06764114357,-314.4063007697405,-1.3733090410055053
earthquake_m6_5,Corozal,Central Mountains,31755.023468852363,32063.87806465641,-308.85459580404495,-0.9632477867500728
earthquake_m6_5,San Germán,West,29123.39353256127,29415.147182065637,-291.7536495043678,-0.9918483415994922
earthquake_m6_5,Fajardo,East,27847.227413788118,28138.509392496737,-291.28197870861914,-1.0351720293552253
earthquake_m6_5,Naranjito,Central Mountains,26795.21870107206,27085.49973741303,-290.2810363409699,-1.071721176109616
earthquake_m6_5,Hatillo,North,35353.95566364951,35633.853799640674,-279.89813599116314,-0.7854837637403833
earthquake_m6_5,Manatí,North,36087.53202420466,36366.04527654721,-278.5132523425491,-0.7658607094188623
earthquake_m6_5,Lares,Central Mountains,25735.900761322184,26009.43141476871,-273.53065344652714,-1.0516594887622595
earthquake_m6_5,Villalba,South,19477.83692786855,19750.83868037527,-273.00175250671964,-1.3822286583606107
earthquake_m6_5,Yabucoa,East,26085.516929547037,26358.465341298423,-272.9484117513857,-1.0355246719304647
earthquake_m6_5,Dorado,North,33046.282626836735,33318.49198903461,-272.2093621978711,-0.8169918443111335
earthquake_m6_5,Peñuelas,South,17974.644342492204,18238.229503599166,-263.5851611069629,-1.4452343691307674
earthquake_m6_5,Santa Isabel,South,17908.630557181103,18165.33097350825,-256.70041632714856,-1.4131337144449083
earthquake_m6_5,Barranquitas,Central Mountains,26813.092143219517,27064.374415862494,-251.28227264297675,-0.9284614112332839
earthquake_m6_5,Utuado,Central Mountains,25720.641829267155,25947.139012428008,-226.49718316085273,-0.8729177542555518
earthquake_m6_5,Morovis,Central Mountains,26338.72862059455,26564.542813439253,-225.81419284470394,-0.85005864558099
earthquake_m6_5,Lajas,West,21428.311187159085,21645.391562267323,-217.0803751082385,-1.0028941933610356
earthquake_m6_5,Añasco,West,23217.567758428006,23431.57115298224,-214.00339455423455,-0.913312185329055
earthquake_m6_5,Vega Alta,North,32351.40271098855,32563.298626085714,-211.8959150971641,-0.650720056129139
earthquake_m6_5,Naguabo,East,20516.7065852159,20726.763292884396,-210.05670766849653,-1.0134563930713198
earthquake_m6_5,Aibonito,Central Mountains,22628.788857236905,22836.25584072363,-207.46698348672362,-0.9084982447812228
earthquake_m6_5,Loíza,East,20207.926703598285,20409.75482053809,-201.82811693980693,-0.9888806539543028
earthquake_m6_5,Camuy,North,30247.28614715897,30445.606141029875,-198.319993870904,-0.6513911825313901
earthquake_m6_5,Guayanilla,South,15616.873627945004,15814.800062158916,-197.92643421391222,-1.2515266297137924
earthquake_m6_5,Arroyo,South,13604.123668326236,13795.982790661492,-191.85912233525596,-1.3906883275117268
earthquake_m6_5,Aguas Buenas,Central Mountains,21877.356808665172,22065.92335107903,-188.56654241385695,-0.8545599448238634
earthquake_m6_5,Patillas,South,13820.220596975403,14005.914380625578,-185.69378365017474,-1.3258240669173695
earthquake_m6_5,Sabana Grande,West,20956.491599985777,21137.31049099842,-180.8188910126446,-0.855448904389461
earthquake_m6_5,Cataño,Metro,20666.478293327404,20838.772652308602,-172.29435898119846,-0.8267970568895813
earthquake_m6_5,Orocovis,Central Mountains,19525.3210809888,19695.71791124165,-170.3968302528483,-0.8651465817125232
earthquake_m6_5,Barceloneta,North,20740.932571685276,20906.053004419417,-165.1204327341402,-0.7898211714054045
earthquake_m6_5,Luquillo,East,15547.51529997986,15710.201098535366,-162.68579855550706,-1.0355424321759572
earthquake_m6_5,Guánica,West,11115.688302091823,11278.016233257078,-162.327931165255,-1.4393305330291661
earthquake_m6_5,Quebradillas,North,21621.794205138518,21776.837298446742,-155.04309330822434,-0.7119633176452256
earthquake_m6_5,Ciales,Central Mountains,15501.41028618778,15653.090050125733,-151.67976393795288,-0.9690084414785215
earthquake_m6_5,Comerío,Central Mountains,17288.99709099863,17439.786168247112,-150.7890772484825,-0.8646268698123518
earthquake_m6_5,Rincón,West,14093.4807486948,14236.207086822731,-142.72633812793174,-1.002558738134974
earthquake_m6_5,Hormigueros,West,14284.015785355145,14413.154947967112,-129.13916261196755,-0.8959812274146255
earthquake_m6_5,Jayuya,Central Mountains,13515.350466639095,13641.716627164551,-126.36616052545651,-0.9263215472004851
earthquake_m6_5,Adjuntas,Central Mountains,16630.545653428788,16752.12993968087,-121.58428625208398,-0.7257840447147353
earthquake_m6_5,Ceiba,East,9821.944279064799,9919.600237075274,-97.65595801047493,-0.9844747336236215
earthquake_m6_5,Maunabo,East,9183.89450531646,9276.123239167518,-92.22873385105777,-0.9942594710431509
earthquake_m6_5,Florida,North,10637.126589227502,10724.827001171994,-87.70041194449186,-0.8177326490665825
earthquake_m6_5,Vieques,East,7160.704606194295,7234.907579841597,-74.20297364730231,-1.0256243473524362
earthquake_m6_5,Las Marías,West,8042.591875753904,8116.669604851807,-74.0777290979031,-0.9126616297603456
earthquake_m6_5,Maricao,West,4678.597968825502,4736.591058029554,-57.99308920405201,-1.224363439730375
earthquake_m6_5,Culebra,East,1160.929642207518,1173.6159986412554,-12.686356433737274,-1.0809631470962224
earthquake_m6_8,San Juan,Metro,305551.64585961495,309872.0121047741,-4320.366245159181,-1.3942421633414173
earthquake_m6_8,Ponce,South,119156.53028500603,121505.66019451046,-2349.129909504438,-1.933350187755755
earthquake_m6_8,Bayamón,Metro,166020.53744785942,168063.60415505752,-2043.0667071981006,-1.2156508944751312
earthquake_m6_8,Carolina,Metro,137731.2901432161,139558.14449020842,-1826.8543469923316,-1.309027397623867
earthquake_m6_8,Caguas,East,111271.35993305626,112886.93674952965,-1615.576816473389,-1.4311459438907315
earthquake_m6_8,Guaynabo,Metro,81051.73802058463,82106.00676613805,-1054.2687455534178,-1.2840336378266257
earthquake_m6_8,Arecibo,North,79720.1177053753,80613.46736062085,-893.3496552455472,-1.108189096059082
earthquake_m6_8,Mayagüez,West,65849.21877060438,66714.18801079149,-864.9692401871143,-1.296529667793003
earthquake_m6_8,Juana Díaz,South,41543.723059884214,42400.00791388366,-856.2848539994447,-2.0195393730553026
earthquake_m6_8,Toa Alta,Metro,60400.5942433981,61237.793324372935,-837.1990809748313,-1.3671281010082088
earthquake_m6_8,Trujillo Alto,Metro,60876.163511098435,61689.74417618965,-813.5806650912127,-1.3188264531744158
earthquake_m6_8,Toa Baja,Metro,67206.69111771951,68004.46401358768,-797.7728958681691,-1.1731184230917098
earthquake_m6_8,Aguadilla,West,49686.536501766655,50353.559995488686,-667.0234937220303,-1.3246799109770804
earthquake_m6_8,Humacao,East,44401.85234895615,45064.33021830673,-662.4778693505796,-1.4700714870082716
earthquake_m6_8,Coamo,South,30451.48144876998,31107.907002258602,-656.4255534886215,-2.1101566024386065
earthquake_m6_8,Vega Baja,North,49249.97563972481,49885.26592075094,-635.2902810261294,-1.2735028455804334
earthquake_m6_8,Cabo Rojo,West,43087.57964795874,43713.014085487615,-625.4344375288783,-1.4307739940003765
earthquake_m6_8,Guayama,South,31388.900458093336,32013.530089397987,-624.6296313046514,-1.9511426248850694
earthquake_m6_8,San Sebastián,West,35777.74692989503,36400.003665518205,-622.2567356231739,-1.7094963542892136
earthquake_m6_8,Gurabo,East,35180.654425156055,35780.004366873814,-599.3499417177591,-1.6750974526784992
earthquake_m6_8,Río Grande,East,40709.755121983566,41308.94515148988,-599.1900295063169,-1.4505091507636962
earthquake_m6_8,Isabela,West,39140.33552501154,39732.63219319399,-592.2966681824473,-1.490705839226793
earthquake_m6_8,Canóvanas,East,36801.41494053307,37369.04736800298,-567.6324274699145,-1.5189908960749863
earthquake_m6_8,Yauco,South,29828.98021718845,30387.66431078514,-558.6840935966902,-1.8385226580195009
earthquake_m6_8,San Lorenzo,East,32993.915949393864,33496.94457585037,-503.0286264565075,-1.5017149558744114
earthquake_m6_8,Cidra,Central Mountains,36304.84786332327,36806.26881161335,-501.4209482900769,-1.3623248551938667
earthquake_m6_8,Aguada,West,34534.349710622264,35027.66433438162,-493.3146237593537,-1.408357174632217
earthquake_m6_8,Juncos,East,32431.132747679854,32918.6609916224,-487.52824394254276,-1.4810087326049373
earthquake_m6_8,Cayey,Central Mountains,37606.47072652389,38090.46173021385,-483.99100368996005,-1.270635696458497
earthquake_m6_8,Las Piedras,East,30727.143460628715,31198.371167160032,-471.2277065313174,-1.5104240667132653
earthquake_m6_8,Moca,West,34175.36741512995,34620.348555556455,-444.9811404265056,-1.285316754429636
earthquake_m6_8,Salinas,South,22455.05142326418,22894.06764114357,-439.01621787939075,-1.9175981514548441
earthquake_m6_8,Corozal,Central Mountains,31629.438440156984,32063.87806465641,-434.4396244994241,-1.3549191511500325
earthquake_m6_8,San Germán,West,28995.907732548272,29415.147182065637,-419.23944951736485,-1.4252502186117715
earthquake_m6_8,Manatí,North,35958.913444102014,36366.04527654721,-407.13183244519314,-1.1195383752870047
earthquake_m6_8,Fajardo,East,27734.841584239322,28138.509392496737,-403.66780825741444,-1.4345742435278193
earthquake_m6_8,Naranjito,Central Mountains,26685.931794523996,27085.49973741303,-399.56794288903257,-1.4752097866487281
earthquake_m6_8,Hatillo,North,35244.77762393563,35633.853799640674,-389.07617570504226,-1.0918722905827425
earthquake_m6_8,Yabucoa,East,25971.865421393435,26358.465341298423,-386.5999199049875,-1.4667011713282982
earthquake_m6_8,Dorado,North,32936.24506138182,33318.49198903461,-382.2469276527845,-1.1472515856317422
earthquake_m6_8,Villalba,South,19372.864448036307,19750.83868037527,-377.9742323389619,-1.9137123159966
earthquake_m6_8,Peñuelas,South,17865.532200671958,18238.229503599166,-372.6973029272085,-2.043494972215695
earthquake_m6_8,Lares,Central Mountains,25637.280926674146,26009.43141476871,-372.15048809456493,-1.4308290026026864
earthquake_m6_8,Barranquitas,Central Mountains,26703.677562722543,27064.374415862494,-360.6968531399507,-1.3327367098814056
earthquake_m6_8,Santa Isabel,South,17806.358889527088,18165.33097350825,-358.97208398116345,-1.9761384172117595
earthquake_m6_8,Añasco,West,23090.53272414297,23431.57115298224,-341.03842883927064,-1.4554654769527273
earthquake_m6_8,Morovis,Central Mountains,26229.700800366485,26564.542813439253,-334.84201307276817,-1.2604847575369091
earthquake_m6_8,Aibonito,Central Mountains,22510.01936908714,22836.25584072363,-326.23647163649,-1.4285900189238392
earthquake_m6_8,Utuado,Central Mountains,25621.991746745767,25947.139012428008,-325.1472656822407,-1.25311413149058
earthquake_m6_8,Vega Alta,North,32238.67415142512,32563.298626085714,-324.6244746605953,-0.9969029194129186
earthquake_m6_8,Camuy,North,30127.26090133543,30445.606141029875,-318.3452396944449,-1.0456196477738324
earthquake_m6_8,Lajas,West,21327.300665297138,21645.391562267323,-318.090896970185,-1.4695548290504818
earthquake_m6_8,Naguabo,East,20421.53514689866,20726.763292884396,-305.2281459857368,-1.4726281266044234
earthquake_m6_8,Loíza,East,20115.30857242037,20409.75482053809,-294.44624811772155,-1.4426741070962
earthquake_m6_8,Sabana Grande,West,20858.403168642042,21137.31049099842,-278.90732235637915,-1.319502414818362
earthquake_m6_8,Guayanilla,South,15538.99759499441,15814.800062158916,-275.8024671645071,-1.7439516533910366
earthquake_m6_8,Aguas Buenas,Central Mountains,21793.323973789724,22065.92335107903,-272.59937728930527,-1.2353862240529132
earthquake_m6_8,Arroyo,South,13533.441642063346,13795.982790661492,-262.5411485981458,-1.9030260662245828
earthquake_m6_8,Patillas,South,13745.397868887725,14005.914380625578,-260.51651173785285,-1.8600464393686862
earthquake_m6_8,Orocovis,Central Mountains,19443.555334462362,19695.71791124165,-252.1625767792866,-1.2802913705184655
earthquake_m6_8,Cataño,Metro,20601.040741099205,20838.772652308602,-237.73191120939737,-1.1408153214007086
earthquake_m6_8,Guánica,West,11044.89892819203,11278.016233257078,-233.11730506504864,-2.067006291209466
earthquake_m6_8,Barceloneta,North,20673.224006080174,20906.053004419417,-232.8289983392424,-1.1136918015563422
earthquake_m6_8,Luquillo,East,15478.80168655825,15710.201098535366,-231.39941197711596,-1.47292457000241
earthquake_m6_8,Quebradillas,North,21545.920057232528,21776.837298446742,-230.9172412142143,-1.0603800636866803
earthquake_m6_8,Comerío,Central Mountains,17213.30978607289,17439.786168247112,-226.47638217422355,-1.2986190311586079
earthquake_m6_8,Ciales,Central Mountains,15437.323763765642,15653.090050125733,-215.76628636009082,-1.3784261488890985
earthquake_m6_8,Rincón,West,14032.668159423032,14236.207086822731,-203.53892739969888,-1.429727217076646
earthquake_m6_8,Adjuntas,Central Mountains,16566.201957678797,16752.12993968087,-185.9279820020747,-1.109876670438581
earthquake_m6_8,Hormigueros,West,14228.646406574922,14413.154947967112,-184.50854139218973,-1.2801398587490627
earthquake_m6_8,Jayuya,Central Mountains,13463.241347458228,13641.716627164551,-178.4752797063229,-1.3083051391855456
earthquake_m6_8,Ceiba,East,9781.361306825056,9919.600237075274,-138.2389302502179,-1.3935937633206144
earthquake_m6_8,Maunabo,East,9142.246057451553,9276.123239167518,-133.87718171596498,-1.4432449662880904
earthquake_m6_8,Florida,North,10606.977907594719,10724.827001171994,-117.8490935772752,-1.0988437721596518
earthquake_m6_8,Las Marías,West,8007.475920846709,8116.669604851807,-109.19368400509757,-1.3453015746732642
earthquake_m6_8,Vieques,East,7129.042356723674,7234.907579841597,-105.86522311792305,-1.4632560533722934
earthquake_m6_8,Maricao,West,4660.836541442841,4736.591058029554,-75.75451658671318,-1.5993467803874004
earthquake_m6_8,Culebra,East,1155.597881966864,1173.6159986412554,-18.018116674391422,-1.5352650863018018
earthquake_m7_2,San Juan,Metro,304498.82302096457,309872.0121047741,-5373.189083809557,-1.7340027088321777
earthquake_m7_2,Ponce,South,118474.06195717343,121505.66019451046,-3031.5982373370352,-2.4950263489651
earthquake_m7_2,Bayamón,Metro,165355.01075852386,168063.60415505752,-2708.593396533659,-1.611647810453165
earthquake_m7_2,Carolina,Metro,137211.78585005918,139558.14449020842,-2346.3586401492357,-1.681276752940678
earthquake_m7_2,Caguas,East,110765.24041988679,112886.93674952965,-2121.6963296428585,-1.8794879112987346
earthquake_m7_2,Guaynabo,Metro,80742.56943164009,82106.00676613805,-1363.437334497954,-1.6605817140534223
earthquake_m7_2,Arecibo,North,79431.22070005316,80613.46736062085,-1182.246660567689,-1.4665622249927048
earthquake_m7_2,Mayagüez,West,65567.52556333599,66714.18801079149,-1146.6624474554992,-1.718768498344038
earthquake_m7_2,Juana Díaz,South,41286.08821656364,42400.00791388366,-1113.919697320016,-2.6271686070965776
earthquake_m7_2,Toa Alta,Metro,60126.12243936668,61237.793324372935,-1111.6708850062569,-1.8153346563580477
earthquake_m7_2,Toa Baja,Metro,66970.63954268553,68004.46401358768,-1033.8244709021528,-1.5202303053158228
earthquake_m7_2,Trujillo Alto,Metro,60657.89866845745,61689.74417618965,-1031.8455077321996,-1.6726370347479256
earthquake_m7_2,Aguadilla,West,49439.73440755163,50353.559995488686,-913.8255879370554,-1.8148182333462173
earthquake_m7_2,Humacao,East,44199.0328073528,45064.33021830673,-865.2974109539282,-1.9201381819326668
earthquake_m7_2,Vega Baja,North,49049.845388890775,49885.26592075094,-835.4205318601671,-1.674683930095388
earthquake_m7_2,Coamo,South,30273.957669988707,31107.907002258602,-833.9493322698945,-2.680827521470169
earthquake_m7_2,Cabo Rojo,West,42881.96207077404,43713.014085487615,-831.0520147135758,-1.9011546837935356
earthquake_m7_2,Guayama,South,31199.65176434805,32013.530089397987,-813.8783250499364,-2.5422948446396756
earthquake_m7_2,Río Grande,East,40520.68368683271,41308.94515148988,-788.2614646571747,-1.9082101025974627
earthquake_m7_2,San Sebastián,West,35617.55024816587,36400.003665518205,-782.4534173523352,-2.149597083951821
earthquake_m7_2,Isabela,West,38950.6343129399,39732.63219319399,-781.9978802540863,-1.9681502007008709
earthquake_m7_2,Gurabo,East,35006.14095744984,35780.004366873814,-773.8634094239751,-2.1628376606360638
earthquake_m7_2,Canóvanas,East,36639.40545091318,37369.04736800298,-729.6419170898007,-1.9525301512356779
earthquake_m7_2,Yauco,South,29673.124693831312,30387.66431078514,-714.539616953829,-2.3514134210710815
earthquake_m7_2,Cidra,Central Mountains,36138.62605486359,36806.26881161335,-667.6427567497594,-1.8139376206998208
earthquake_m7_2,Cayey,Central Mountains,37434.470069950956,38090.46173021385,-655.9916602628946,-1.722194036158279
earthquake_m7_2,San Lorenzo,East,32854.05446938382,33496.94457585037,-642.8901064665552,-1.9192499931174227
earthquake_m7_2,Aguada,West,34389.82170684283,35027.66433438162,-637.8426275387901,-1.820968196594004
earthquake_m7_2,Juncos,East,32285.763299072292,32918.6609916224,-632.8976925501047,-1.9226106818596704
earthquake_m7_2,Las Piedras,East,30584.799089757562,31198.371167160032,-613.5720774024703,-1.9666798440052131
earthquake_m7_2,Moca,West,34006.85047482745,34620.348555556455,-613.4980807290049,-1.7720736685955185
earthquake_m7_2,Corozal,Central Mountains,31491.14386462164,32063.87806465641,-572.7342000347671,-1.786228724048463
earthquake_m7_2,Salinas,South,22331.49848221297,22894.06764114357,-562.5691589306007,-2.457270449920362
earthquake_m7_2,San Germán,West,28856.54394982938,29415.147182065637,-558.6032322362553,-1.8990325928976983
earthquake_m7_2,Manatí,North,35830.94026661746,36366.04527654721,-535.1050099297499,-1.4714413015232206
earthquake_m7_2,Fajardo,East,27611.607855581413,28138.509392496737,-526.901536915324,-1.8725282479100498
earthquake_m7_2,Naranjito,Central Mountains,26579.13612446572,27085.49973741303,-506.36361294730887,-1.8695007212581425
earthquake_m7_2,Yabucoa,East,25853.562357375715,26358.465341298423,-504.9029839227078,-1.9155249646937
earthquake_m7_2,Dorado,North,32817.87800488984,33318.49198903461,-500.6139841447657,-1.5025109308954376
earthquake_m7_2,Hatillo,North,35134.780698316026,35633.853799640674,-499.0731013246477,-1.4005588733983083
earthquake_m7_2,Lares,Central Mountains,25522.22310025158,26009.43141476871,-487.20831451713093,-1.873198636093535
earthquake_m7_2,Villalba,South,19263.859286531362,19750.83868037527,-486.979393843907,-2.465613747976065
earthquake_m7_2,Barranquitas,Central Mountains,26580.61904064039,27064.374415862494,-483.7553752221029,-1.7874249291296114
earthquake_m7_2,Peñuelas,South,17767.979997016806,18238.229503599166,-470.2495065823605,-2.578372568946786
earthquake_m7_2,Añasco,West,22983.242880657024,23431.57115298224,-448.32827232521595,-1.9133513045204193
earthquake_m7_2,Santa Isabel,South,17719.908136612154,18165.33097350825,-445.4228368960976,-2.4520491123761428
earthquake_m7_2,Aibonito,Central Mountains,22392.394227858123,22836.25584072363,-443.86161286550487,-1.9436706961128525
earthquake_m7_2,Morovis,Central Mountains,26123.549984862653,26564.542813439253,-440.9928285766,-1.660080625793784
earthquake_m7_2,Utuado,Central Mountains,25511.296316790496,25947.139012428008,-435.8426956375115,-1.679733150652001
earthquake_m7_2,Vega Alta,North,32127.87516713554,32563.298626085714,-435.4234589501757,-1.3371601690295833
earthquake_m7_2,Camuy,North,30025.154931171757,30445.606141029875,-420.4512098581181,-1.380991424215723
earthquake_m7_2,Lajas,West,21227.611404683754,21645.391562267323,-417.78015758356923,-1.9301113420921057
earthquake_m7_2,Naguabo,East,20330.10919643951,20726.763292884396,-396.6540964448868,-1.91372907983689
earthquake_m7_2,Sabana Grande,West,20749.771001138313,21137.31049099842,-387.539489860108,-1.8334380337798717
earthquake_m7_2,Loíza,East,20029.309652170607,20409.75482053809,-380.44516836748517,-1.8640359559079454
earthquake_m7_2,Guayanilla,South,15453.723753275284,15814.800062158916,-361.076308883632,-2.2831544342290004
earthquake_m7_2,Aguas Buenas,Central Mountains,21721.28175132286,22065.92335107903,-344.64159975617076,-1.5618725501433308
earthquake_m7_2,Orocovis,Central Mountains,19355.275569285906,19695.71791124165,-340.44234195574245,-1.728509432811431
earthquake_m7_2,Patillas,South,13670.727671254792,14005.914380625578,-335.18670937078605,-2.3931797686443863
earthquake_m7_2,Arroyo,South,13461.738729049623,13795.982790661492,-334.24406161186926,-2.422763689137966
earthquake_m7_2,Barceloneta,North,20595.95207974575,20906.053004419417,-310.10092467366485,-1.483306890153351
earthquake_m7_2,Comerío,Central Mountains,17132.75869827751,17439.786168247112,-307.02746996960195,-1.7605001976951506
earthquake_m7_2,Cataño,Metro,20533.541593207778,20838.772652308602,-305.2310591008245,-1.4647266621386639
earthquake_m7_2,Guánica,West,10975.87065908996,11278.016233257078,-302.14557416711796,-2.6790666719927096
earthquake_m7_2,Quebradillas,North,21476.96433354322,21776.837298446742,-299.8729649035231,-1.3770271632828512
earthquake_m7_2,Luquillo,East,15411.5964879566,15710.201098535366,-298.60461057876637,-1.9007052087105667
earthquake_m7_2,Ciales,Central Mountains,15375.518574750826,15653.090050125733,-277.5714753749071,-1.7732695236917615
earthquake_m7_2,Rincón,West,13966.518906626385,14236.207086822731,-269.68818019634637,-1.8943822504940533
earthquake_m7_2,Adjuntas,Central Mountains,16501.77417752632,16752.12993968087,-250.35576215455148,-1.4944712287691386
earthquake_m7_2,Hormigueros,West,14169.147395177924,14413.154947967112,-244.00755278918768,-1.6929503198298959
earthquake_m7_2,Jayuya,Central Mountains,13410.70006069577,13641.716627164551,-231.0165664687811,-1.6934567165012149
earthquake_m7_2,Maunabo,East,9099.549315220282,9276.123239167518,-176.57392394723684,-1.9035314580736789
earthquake_m7_2,Ceiba,East,9748.437238712973,9919.600237075274,-171.16299836230064,-1.7255029867288973
earthquake_m7_2,Florida,North,10574.589405888146,10724.827001171994,-150.23759528384835,-1.4008393353797743
earthquake_m7_2,Las Marías,West,7969.34302078527,8116.669604851807,-147.32658406653718,-1.815111261624737
earthquake_m7_2,Vieques,East,7096.474652322877,7234.907579841597,-138.43292751872013,-1.9134028457313206
earthquake_m7_2,Maricao,West,4638.913712632529,4736.591058029554,-97.67734539702542,-2.0621865852539885
earthquake_m7_2,Culebra,East,1150.2995905595285,1173.6159986412554,-23.316408081726877,-1.9867152551363703
earthquake_m7_5,San Juan,Metro,304498.82302096457,309872.0121047741,-5373.189083809557,-1.7340027088321777
earthquake_m7_5,Ponce,South,118474.06195717343,121505.66019451046,-3031.5982373370352,-2.4950263489651
earthquake_m7_5,Bayamón,Metro,165355.01075852386,168063.60415505752,-2708.593396533659,-1.611647810453165
earthquake_m7_5,Carolina,Metro,137211.78585005918,139558.14449020842,-2346.3586401492357,-1.681276752940678
earthquake_m7_5,Caguas,East,110765.24041988677,112886.93674952965,-2121.696329642873,-1.8794879112987475
earthquake_m7_5,Guaynabo,Metro,80742.56943164009,82106.00676613805,-1363.437334497954,-1.6605817140534223
earthquake_m7_5,Arecibo,North,79431.22070005316,80613.46736062085,-1182.246660567689,-1.4665622249927048
earthquake_m7_5,Mayagüez,West,65567.52556333599,66714.18801079149,-1146.6624474554992,-1.718768498344038
earthquake_m7_5,Juana Díaz,South,41286.08821656364,42400.00791388366,-1113.919697320016,-2.6271686070965776
earthquake_m7_5,Toa Alta,Metro,60126.12243936668,61237.793324372935,-1111.6708850062569,-1.8153346563580477
earthquake_m7_5,Toa Baja,Metro,66970.63954268553,68004.46401358768,-1033.8244709021528,-1.5202303053158228
earthquake_m7_5,Trujillo Alto,Metro,60657.89866845745,61689.74417618965,-1031.8455077321996,-1.6726370347479256
earthquake_m7_5,Aguadilla,West,49439.73440755163,50353.559995488686,-913.8255879370554,-1.8148182333462173
earthquake_m7_5,Humacao,East,44199.03280735279,45064.33021830673,-865.2974109539355,-1.920138181932683
earthquake_m7_5,Vega Baja,North,49049.845388890775,49885.26592075094,-835.4205318601671,-1.674683930095388
earthquake_m7_5,Coamo,South,30273.957669988707,31107.907002258602,-833.9493322698945,-2.680827521470169
earthquake_m7_5,Cabo Rojo,West,42881.96207077404,43713.014085487615,-831.0520147135758,-1.9011546837935356
earthquake_m7_5,Guayama,South,31199.65176434805,32013.530089397987,-813.8783250499364,-2.5422948446396756
earthquake_m7_5,Río Grande,East,40520.68368683271,41308.94515148988,-788.2614646571747,-1.9082101025974627
earthquake_m7_5,San Sebastián,West,35617.55024816588,36400.003665518205,-782.453417352328,-2.149597083951801
earthquake_m7_5,Isabela,West,38950.6343129399,39732.63219319399,-781.9978802540863,-1.9681502007008709
earthquake_m7_5,Gurabo,East,35006.14095744984,35780.004366873814,-773.8634094239751,-2.1628376606360638
earthquake_m7_5,Canóvanas,East,36639.40545091318,37369.04736800298,-729.6419170898007,-1.9525301512356779
earthquake_m7_5,Yauco,South,29673.124693831312,30387.66431078514,-714.539616953829,-2.3514134210710815
earthquake_m7_5,Cidra,Central Mountains,36138.62605486359,36806.26881161335,-667.6427567497594,-1.8139376206998208
earthquake_m7_5,Cayey,Central Mountains,37434.470069950956,38090.46173021385,-655.9916602628946,-1.722194036158279
earthquake_m7_5,San Lorenzo,East,32854.05446938382,33496.94457585037,-642.8901064665552,-1.9192499931174227
earthquake_m7_5,Aguada,West,34389.82170684283,35027.66433438162,-637.8426275387901,-1.820968196594004
earthquake_m7_5,Juncos,East,32285.763299072292,32918.6609916224,-632.8976925501047,-1.9226106818596704
earthquake_m7_5,Las Piedras,East,30584.799089757562,31198.371167160032,-613.5720774024703,-1.9666798440052131
earthquake_m7_5,Moca,West,34006.85047482744,34620.348555556455,-613.4980807290121,-1.7720736685955396
earthquake_m7_5,Corozal,Central Mountains,31491.14386462164,32063.87806465641,-572.7342000347671,-1.786228724048463
earthquake_m7_5,Salinas,South,22331.49848221297,22894.06764114357,-562.5691589306007,-2.457270449920362
earthquake_m7_5,San Germán,West,28856.54394982938,29415.147182065637,-558.6032322362553,-1.8990325928976983
earthquake_m7_5,Manatí,North,35830.940266617465,36366.04527654721,-535.1050099297427,-1.4714413015232006
earthquake_m7_5,Fajardo,East,27611.607855581413,28138.509392496737,-526.901536915324,-1.8725282479100498
earthquake_m7_5,Naranjito,Central Mountains,26579.13612446572,27085.49973741303,-506.36361294730887,-1.8695007212581425
earthquake_m7_5,Yabucoa,East,25853.562357375715,26358.465341298423,-504.9029839227078,-1.9155249646937
earthquake_m7_5,Dorado,North,32817.87800488984,33318.49198903461,-500.6139841447657,-1.5025109308954376
earthquake_m7_5,Hatillo,North,35134.780698316026,35633.853799640674,-499.0731013246477,-1.4005588733983083
earthquake_m7_5,Lares,Central Mountains,25522.22310025158,26009.43141476871,-487.20831451713093,-1.873198636093535
earthquake_m7_5,Villalba,South,19263.859286531362,19750.83868037527,-486.979393843907,-2.465613747976065
earthquake_m7_5,Barranquitas,Central Mountains,26580.61904064039,27064.374415862494,-483.7553752221029,-1.7874249291296114
earthquake_m7_5,Peñuelas,South,17767.979997016806,18238.229503599166,-470.2495065823605,-2.578372568946786
earthquake_m7_5,Añasco,West,22983.242880657024,23431.57115298224,-448.32827232521595,-1.9133513045204193
earthquake_m7_5,Santa Isabel,South,17719.908136612154,18165.33097350825,-445.4228368960976,-2.4520491123761428
earthquake_m7_5,Aibonito,Central Mountains,22392.394227858127,22836.25584072363,-443.86161286550123,-1.9436706961128365
earthquake_m7_5,Morovis,Central Mountains,26123.549984862657,26564.542813439253,-440.99282857659637,-1.6600806257937701
earthquake_m7_5,Utuado,Central Mountains,25511.296316790496,25947.139012428008,-435.8426956375115,-1.679733150652001
earthquake_m7_5,Vega Alta,North,32127.87516713554,32563.298626085714,-435.4234589501757,-1.3371601690295833
earthquake_m7_5,Camuy,North,30025.15493117176,30445.606141029875,-420.45120985811445,-1.380991424215711
earthquake_m7_5,Lajas,West,21227.611404683754,21645.391562267323,-417.78015758356923,-1.9301113420921057
earthquake_m7_5,Naguabo,East,20330.10919643951,20726.763292884396,-396.6540964448868,-1.91372907983689
earthquake_m7_5,Sabana Grande,West,20749.771001138313,21137.31049099842,-387.539489860108,-1.8334380337798717
earthquake_m7_5,Loíza,East,20029.309652170607,20409.75482053809,-380.44516836748517,-1.8640359559079454
earthquake_m7_5,Guayanilla,South,15453.723753275284,15814.800062158916,-361.076308883632,-2.2831544342290004
earthquake_m7_5,Aguas Buenas,Central Mountains,21721.28175132286,22065.92335107903,-344.64159975617076,-1.5618725501433308
earthquake_m7_5,Orocovis,Central Mountains,19355.27556928591,19695.71791124165,-340.4423419557388,-1.7285094328114126
earthquake_m7_5,Patillas,South,13670.727671254792,14005.914380625578,-335.18670937078605,-2.3931797686443863
earthquake_m7_5,Arroyo,South,13461.738729049623,13795.982790661492,-334.24406161186926,-2.422763689137966
earthquake_m7_5,Barceloneta,North,20595.95207974575,20906.053004419417,-310.10092467366485,-1.483306890153351
earthquake_m7_5,Comerío,Central Mountains,17132.75869827751,17439.786168247112,-307.02746996960195,-1.7605001976951506
earthquake_m7_5,Cataño,Metro,20533.541593207778,20838.772652308602,-305.2310591008245,-1.4647266621386639
earthquake_m7_5,Guánica,West,10975.87065908996,11278.016233257078,-302.14557416711796,-2.6790666719927096
earthquake_m7_5,Quebradillas,North,21476.96433354322,21776.837298446742,-299.8729649035231,-1.3770271632828512
earthquake_m7_5,Luquillo,East,15411.5964879566,15710.201098535366,-298.60461057876637,-1.9007052087105667
earthquake_m7_5,Ciales,Central Mountains,15375.518574750824,15653.090050125733,-277.5714753749089,-1.773269523691773
earthquake_m7_5,Rincón,West,13966.518906626385,14236.207086822731,-269.68818019634637,-1.8943822504940533
earthquake_m7_5,Adjuntas,Central Mountains,16501.77417752632,16752.12993968087,-250.35576215455148,-1.4944712287691386
earthquake_m7_5,Hormigueros,West,14169.147395177924,14413.154947967112,-244.00755278918768,-1.6929503198298959
earthquake_m7_5,Jayuya,Central Mountains,13410.70006069577,13641.716627164551,-231.0165664687811,-1.6934567165012149
earthquake_m7_5,Maunabo,East,9099.549315220282,9276.123239167518,-176.57392394723684,-1.9035314580736789
earthquake_m7_5,Ceiba,East,9748.437238712973,9919.600237075274,-171.16299836230064,-1.7255029867288973
earthquake_m7_5,Florida,North,10574.589405888146,10724.827001171994,-150.23759528384835,-1.4008393353797743
earthquake_m7_5,Las Marías,West,7969.343020785271,8116.669604851807,-147.32658406653627,-1.8151112616247256
earthquake_m7_5,Vieques,East,7096.474652322877,7234.907579841597,-138.43292751872013,-1.9134028457313206
earthquake_m7_5,Maricao,West,4638.913712632529,4736.591058029554,-97.67734539702542,-2.0621865852539885
earthquake_m7_5,Culebra,East,1150.2995905595285,1173.6159986412554,-23.316408081726877,-1.9867152551363703
hurricane_cat1,San Juan,Metro,308391.3380634604,309872.0121047741,-1480.6740413137013,-0.47783406809036205
hurricane_cat1,Caguas,East,112236.74094301127,112886.93674952965,-650.1958065183717,-0.5759708122481947
hurricane_cat1,Carolina,Metro,138911.63764767884,139558.14449020842,-646.5068425295758,-0.4632526785815324
hurricane_cat1,Bayamón,Metro,167468.87207278068,168063.60415505752,-594.7320822768379,-0.35387321679007366
hurricane_cat1,Ponce,South,120913.17933014396,121505.66019451046,-592.4808643665019,-0.4876158554408396
hurricane_cat1,Guaynabo,Metro,81802.72749290694,82106.00676613805,-303.27927323110634,-0.3693752566665854
hurricane_cat1,Humacao,East,44779.459360152454,45064.33021830673,-284.8708581542742,-0.6321426653281302
hurricane_cat1,Toa Alta,Metro,60954.361176258775,61237.793324372935,-283.43214811415965,-0.4628386046062053
hurricane_cat1,Río Grande,East,41030.00474153162,41308.94515148988,-278.9404099582607,-0.6752542553079456
hurricane_cat1,Gurabo,East,35504.84909052664,35780.004366873814,-275.1552763471773,-0.7690196835244776
hurricane_cat1,Trujillo Alto,Metro,61416.937329554996,61689.74417618965,-272.8068466346522,-0.44222398759751586
hurricane_cat1,Juana Díaz,South,42140.228880255396,42400.00791388366,-259.7790336282633,-0.6126862857098666
hurricane_cat1,Canóvanas,East,37111.73351257424,37369.04736800298,-257.3138554287434,-0.6885748327881294
hurricane_cat1,Mayagüez,West,66457.07941255422,66714.18801079149,-257.10859823727515,-0.3853881848875775
hurricane_cat1,Arecibo,North,80377.84349954454,80613.46736062085,-235.62386107631028,-0.2922884584808356
hurricane_cat1,Toa Baja,Metro,67789.16150832866,68004.46401358768,-215.30250525902375,-0.31660054730525494
hurricane_cat1,Juncos,East,32707.745992273376,32918.6609916224,-210.91499934902095,-0.6407156093095572
hurricane_cat1,Las Piedras,East,30992.62888967787,31198.371167160032,-205.74227748216072,-0.6594648046841906
hurricane_cat1,San Lorenzo,East,33296.163754394394,33496.94457585037,-200.78082145597728,-0.5994004050170303
hurricane_cat1,Fajardo,East,27938.08891533714,28138.509392496737,-200.4204771595978,-0.7122640164195793
hurricane_cat1,Coamo,South,30914.526734801624,31107.907002258602,-193.3802674569779,-0.6216434536818483
hurricane_cat1,Guayama,South,31822.953345428035,32013.530089397987,-190.57674396995208,-0.5953006226984818
hurricane_cat1,Yabucoa,East,26183.358418931966,26358.465341298423,-175.10692236645627,-0.6643289740093438
hurricane_cat1,Vega Baja,North,49712.36320130249,49885.26592075094,-172.90271944845153,-0.34660077731795474
hurricane_cat1,Cabo Rojo,West,43540.56306907581,43713.014085487615,-172.45101641180372,-0.394507265215226
hurricane_cat1,Yauco,South,30237.22711306389,30387.66431078514,-150.4371977212504,-0.49506008814194213
hurricane_cat1,San Sebastián,West,36254.6040857248,36400.003665518205,-145.39957979340397,-0.39944935481185484
hurricane_cat1,Naguabo,East,20586.643779892554,20726.763292884396,-140.11951299184148,-0.6760318097517195
hurricane_cat1,Loíza,East,20277.361796594356,20409.75482053809,-132.3930239437359,-0.6486752296039852
hurricane_cat1,Salinas,South,22764.494237779814,22894.06764114357,-129.57340336375637,-0.5659693392837557
hurricane_cat1,Aguadilla,West,50224.077388819234,50353.559995488686,-129.48260666945134,-0.2571468763699171
hurricane_cat1,Hatillo,North,35504.406652291465,35633.853799640674,-129.44714734920854,-0.3632701309183512
hurricane_cat1,Corozal,Central Mountains,31934.794244297445,32063.87806465641,-129.08382035896284,-0.4025833060450983
hurricane_cat1,Isabela,West,39607.870039641726,39732.63219319399,-124.76215355226304,-0.3140042495690336
hurricane_cat1,Dorado,North,33194.39250872476,33318.49198903461,-124.09948030984378,-0.37246427704677015
hurricane_cat1,Aguada,West,34904.46158205281,35027.66433438162,-123.20275232880522,-0.35172985316030564
hurricane_cat1,Naranjito,Central Mountains,26962.310678328082,27085.49973741303,-123.18905908494708,-0.4548155296347987
hurricane_cat1,Villalba,South,19630.151132808132,19750.83868037527,-120.68754756713679,-0.611050242069233
hurricane_cat1,Cayey,Central Mountains,37972.56490641089,38090.46173021385,-117.8968238029629,-0.309517969716407
hurricane_cat1,Moca,West,34502.708190688005,34620.348555556455,-117.64036486844998,-0.33980121453620976
hurricane_cat1,Manatí,North,36252.301076984004,36366.04527654721,-113.74419956320344,-0.31277582893116535
hurricane_cat1,Morovis,Central Mountains,26456.724778780896,26564.542813439253,-107.81803465835765,-0.4058719753453144
hurricane_cat1,Cidra,Central Mountains,36701.96706682893,36806.26881161335,-104.30174478441768,-0.28338038098419727
hurricane_cat1,Luquillo,East,15608.359819934773,15710.201098535366,-101.8412786005938,-0.6482493633393928
hurricane_cat1,Santa Isabel,South,18064.657235622253,18165.33097350825,-100.67373788599798,-0.5542081123257121
hurricane_cat1,Peñuelas,South,18139.802929265632,18238.229503599166,-98.42657433353452,-0.5396717609793803
hurricane_cat1,San Germán,West,29321.096315654228,29415.147182065637,-94.05086641140952,-0.31973617479892186
hurricane_cat1,Barranquitas,Central Mountains,26970.45198934166,27064.374415862494,-93.92242652083587,-0.34703342880812243
hurricane_cat1,Lares,Central Mountains,25916.458579006423,26009.43141476871,-92.97283576228801,-0.3574581630780904
hurricane_cat1,Utuado,Central Mountains,25854.643384338575,25947.139012428008,-92.49562808943301,-0.356477174786515
hurricane_cat1,Arroyo,South,13709.267195954017,13795.982790661492,-86.71559470747525,-0.6285568489268708
hurricane_cat1,Aguas Buenas,Central Mountains,21979.837029099428,22065.92335107903,-86.08632197960105,-0.39013242550482896
hurricane_cat1,Lajas,West,21559.34848604753,21645.391562267323,-86.04307621979387,-0.39751221858137176
hurricane_cat1,Patillas,South,13923.740520987205,14005.914380625578,-82.17385963837296,-0.5867082819815341
hurricane_cat1,Orocovis,Central Mountains,19614.13183671557,19695.71791124165,-81.58607452607976,-0.41423254990625746
hurricane_cat1,Cataño,Metro,20759.22182152752,20838.772652308602,-79.55083078108146,-0.38174431915148566
hurricane_cat1,Vega Alta,North,32486.83956420164,32563.298626085714,-76.45906188407389,-0.23480134111113757
hurricane_cat1,Sabana Grande,West,21061.073740820902,21137.31049099842,-76.23675017751884,-0.3606738435809285
hurricane_cat1,Aibonito,Central Mountains,22760.384003082723,22836.25584072363,-75.87183764090514,-0.3322428955520974
hurricane_cat1,Añasco,West,23358.124801841732,23431.57115298224,-73.44635114050834,-0.31345038990763746
hurricane_cat1,Guayanilla,South,15744.282911206239,15814.800062158916,-70.51715095267718,-0.4458934079186248
hurricane_cat1,Guánica,West,11213.670009619726,11278.016233257078,-64.34622363735252,-0.5705455844938911
hurricane_cat1,Barceloneta,North,20843.336485368513,20906.053004419417,-62.716519050904026,-0.29999215556205716
hurricane_cat1,Ceiba,East,9858.081838043341,9919.600237075274,-61.51839903193286,-0.6201701435709382
hurricane_cat1,Comerío,Central Mountains,17380.398993081944,17439.786168247112,-59.38717516516772,-0.3405269685777161
hurricane_cat1,Ciales,Central Mountains,15593.942722051588,15653.090050125733,-59.14732807414475,-0.37786359041401957
hurricane_cat1,Maunabo,East,9219.336051991424,9276.123239167518,-56.78718717609445,-0.612186639956616
hurricane_cat1,Quebradillas,North,21721.85343622203,21776.837298446742,-54.98386222471163,-0.2524878221349131
hurricane_cat1,Rincón,West,14186.546172563514,14236.207086822731,-49.66091425921695,-0.348835289879872
hurricane_cat1,Adjuntas,Central Mountains,16703.82433401548,16752.12993968087,-48.30560566539134,-0.2883550082247724
hurricane_cat1,Hormigueros,West,14365.337874335752,14413.154947967112,-47.81707363136047,-0.3317599360028026
hurricane_cat1,Jayuya,Central Mountains,13594.497488385241,13641.716627164551,-47.219138779310015,-0.34613780706515507
hurricane_cat1,Camuy,North,30398.617882283615,30445.606141029875,-46.98825874625982,-0.15433510677567466
hurricane_cat1,Vieques,East,7189.294920432629,7234.907579841597,-45.612659408968284,-0.630452551129436
hurricane_cat1,Florida,North,10688.417402548595,10724.827001171994,-36.40959862339878,-0.33948891314908847
hurricane_cat1,Maricao,West,4714.252575890327,4736.591058029554,-22.33848213922738,-0.47161517356155935
hurricane_cat1,Las Marías,West,8097.400969531704,8116.669604851807,-19.268635320103385,-0.23739583176559753
hurricane_cat1,Culebra,East,1167.7739247641885,1173.6159986412554,-5.842073877066923,-0.49778410347426566
hurricane_cat2,San Juan,Metro,307544.34061429184,309872.0121047741,-2327.6714904822875,-0.7511719030937372
hurricane_cat2,Caguas,East,111596.17033401215,112886.93674952965,-1290.7664155175007,-1.143415219407908
hurricane_cat2,Ponce,South,120285.83438971994,121505.66019451046,-1219.8258047905256,-1.0039250869776652
hurricane_cat2,Bayamón,Metro,166945.1986008221,168063.60415505752,-1118.405554235418,-0.6654656490667448
hurricane_cat2,Carolina,Metro,138499.40985502122,139558.14449020842,-1058.7346351871965,-0.7586333560500145
hurricane_cat2,Guaynabo,Metro,81476.75607534524,82106.00676613805,-629.2506907928037,-0.7663881311206547
hurricane_cat2,Humacao,East,44508.14365750683,45064.33021830673,-556.1865607998989,-1.2342057634176402
hurricane_cat2,Gurabo,East,35246.81829505414,35780.004366873814,-533.1860718196767,-1.4901788897301425
hurricane_cat2,Río Grande,East,40791.17229924387,41308.94515148988,-517.7728522460093,-1.2534158167128477
hurricane_cat2,Arecibo,North,80096.22596593606,80613.46736062085,-517.2413946847955,-0.6416314936199662
hurricane_cat2,Toa Alta,Metro,60722.02554172944,61237.793324372935,-515.7677826434956,-0.8422377010084352
hurricane_cat2,Mayagüez,West,66226.396924034,66714.18801079149,-487.7910867574974,-0.7311654406684733
hurricane_cat2,Canóvanas,East,36887.50788066053,37369.04736800298,-481.53948734245205,-1.2886051993789043
hurricane_cat2,Trujillo Alto,Metro,61216.43212092412,61689.74417618965,-473.31205526553094,-0.7672459362349162
hurricane_cat2,Juana Díaz,South,41929.40714168937,42400.00791388366,-470.60077219428786,-1.109907274428107
hurricane_cat2,Toa Baja,Metro,67547.52947969793,68004.46401358768,-456.9345338897547,-0.6719184402342419
hurricane_cat2,San Lorenzo,East,33084.43483566591,33496.94457585037,-412.5097401844614,-1.231484678402162
hurricane_cat2,Las Piedras,East,30793.834837507657,31198.371167160032,-404.53632965237557,-1.29665849375559
hurricane_cat2,Juncos,East,32525.33500534007,32918.6609916224,-393.3259862823252,-1.1948419967094783
hurricane_cat2,Coamo,South,30729.345273726423,31107.907002258602,-378.5617285321787,-1.216930886750732
hurricane_cat2,Guayama,South,31656.528368609455,32013.530089397987,-357.0017207885321,-1.1151588712385123
hurricane_cat2,Cabo Rojo,West,43359.20425715427,43713.014085487615,-353.80982833334565,-0.8093924332040233
hurricane_cat2,Vega Baja,North,49535.01068229943,49885.26592075094,-350.25523845151474,-0.7021216224605067
hurricane_cat2,Yabucoa,East,26019.925298843373,26358.465341298423,-338.54004245504984,-1.2843693214742118
hurricane_cat2,Fajardo,East,27808.12898327542,28138.509392496737,-330.3804092213177,-1.174121928823334
hurricane_cat2,San Sebastián,West,36084.51913138133,36400.003665518205,-315.4845341368782,-0.8667156658441145
hurricane_cat2,Yauco,South,30081.960900890615,30387.66431078514,-305.703409894526,-1.006011540630407
hurricane_cat2,Isabela,West,39445.40204361228,39732.63219319399,-287.23014958170825,-0.7229074282949455
hurricane_cat2,Aguadilla,West,50075.75915983959,50353.559995488686,-277.8008356490973,-0.5517004868652509
hurricane_cat2,Naguabo,East,20449.944962696532,20726.763292884396,-276.81833018786347,-1.3355598569647227
hurricane_cat2,Cidra,Central Mountains,36535.70671462025,36806.26881161335,-270.56209699309693,-0.7350978670995508
hurricane_cat2,Cayey,Central Mountains,37835.592165812566,38090.46173021385,-254.86956440128415,-0.6691165001003868
hurricane_cat2,Loíza,East,20155.90731444182,20409.75482053809,-253.84750609627008,-1.2437557840764768
hurricane_cat2,Aguada,West,34776.29086287964,35027.66433438162,-251.37347150197456,-0.7176426869411255
hurricane_cat2,Salinas,South,22645.10008547276,22894.06764114357,-248.96755567080982,-1.0874762823858493
hurricane_cat2,Hatillo,North,35399.84579916473,35633.853799640674,-234.00800047594385,-0.6567013542562818
hurricane_cat2,Manatí,North,36135.18579211195,36366.04527654721,-230.85948443525558,-0.6348215283781186
hurricane_cat2,Corozal,Central Mountains,31833.791134896597,32063.87806465641,-230.08692975981103,-0.7175892114355089
hurricane_cat2,Dorado,North,33090.17350924383,33318.49198903461,-228.3184797907743,-0.6852605450028044
hurricane_cat2,Naranjito,Central Mountains,26857.295298440058,27085.49973741303,-228.20443897297082,-0.8425336109185886
hurricane_cat2,Villalba,South,19531.491738380144,19750.83868037527,-219.34694199512523,-1.1105702676467692
hurricane_cat2,San Germán,West,29197.27051822885,29415.147182065637,-217.8766638367888,-0.7406954739618906
hurricane_cat2,Lares,Central Mountains,25801.996941521684,26009.43141476871,-207.4344732470272,-0.7975355936817653
hurricane_cat2,Peñuelas,South,18034.44348409282,18238.229503599166,-203.78601950634766,-1.1173563720433068
hurricane_cat2,Moca,West,34422.00421057793,34620.348555556455,-198.34434497852635,-0.5729126171570353
hurricane_cat2,Utuado,Central Mountains,25753.02773968173,25947.139012428008,-194.1112727462787,-0.7481027972035932
hurricane_cat2,Morovis,Central Mountains,26370.954740462766,26564.542813439253,-193.58807297648673,-0.7287461121994115
hurricane_cat2,Barranquitas,Central Mountains,26871.99009459089,27064.374415862494,-192.3843212716056,-0.7108397124407526
hurricane_cat2,Luquillo,East,15520.309643766323,15710.201098535366,-189.89145476904378,-1.2087143479452152
hurricane_cat2,Santa Isabel,South,17976.047706847727,18165.33097350825,-189.28326666052453,-1.0420028511265185
hurricane_cat2,Lajas,West,21467.73300332194,21645.391562267323,-177.65855894538254,-0.8207685152486707
hurricane_cat2,Vega Alta,North,32387.34248792337,32563.298626085714,-175.95613816234254,-0.5403510872248922
hurricane_cat2,Aibonito,Central Mountains,22662.903156737353,22836.25584072363,-173.35268398627522,-0.7591116739773839
hurricane_cat2,Camuy,North,30279.129685248314,30445.606141029875,-166.47645578156153,-0.5467996104607368
hurricane_cat2,Cataño,Metro,20676.856265724207,20838.772652308602,-161.9163865843948,-0.7769957918632845
hurricane_cat2,Arroyo,South,13636.287132531574,13795.982790661492,-159.69565812991823,-1.1575518797980546
hurricane_cat2,Añasco,West,23272.329448155666,23431.57115298224,-159.24170482657428,-0.6796031891626135
hurricane_cat2,Patillas,South,13854.447727364008,14005.914380625578,-151.46665326157017,-1.081447802301965
hurricane_cat2,Guayanilla,South,15667.778526058712,15814.800062158916,-147.02153610020468,-0.9296452406754893
hurricane_cat2,Sabana Grande,West,21001.094346003018,21137.31049099842,-136.21614499540374,-0.6444346126883693
hurricane_cat2,Guánica,West,11143.701085743058,11278.016233257078,-134.31514751402028,-1.1909465701773532
hurricane_cat2,Aguas Buenas,Central Mountains,21932.166476144608,22065.92335107903,-133.75687493442092,-0.6061693988793819
hurricane_cat2,Barceloneta,North,20774.122441573345,20906.053004419417,-131.93056284607155,-0.6310639450602283
hurricane_cat2,Orocovis,Central Mountains,19567.50059658993,19695.71791124165,-128.2173146517198,-0.6509908155139533
hurricane_cat2,Ciales,Central Mountains,15529.409863129797,15653.090050125733,-123.68018699593631,-0.7901327252310981
hurricane_cat2,Ceiba,East,9798.322313290751,9919.600237075274,-121.2779237845225,-1.222608985100396
hurricane_cat2,Quebradillas,North,21655.82232112428,21776.837298446742,-121.01497732246207,-0.5557050165916132
hurricane_cat2,Comerío,Central Mountains,17322.48249649845,17439.786168247112,-117.30367174866115,-0.6726210437272319
hurricane_cat2,Maunabo,East,9165.327013013391,9276.123239167518,-110.796226154127,-1.1944238266078746
hurricane_cat2,Jayuya,Central Mountains,13533.57662580928,13641.716627164551,-108.14000135527021,-0.7927154940305138
hurricane_cat2,Adjuntas,Central Mountains,16652.446305250185,16752.12993968087,-99.68363443068665,-0.5950505087389838
hurricane_cat2,Hormigueros,West,14314.89300553266,14413.154947967112,-98.26194243445207,-0.6817517940325155
hurricane_cat2,Rincón,West,14143.362313631565,14236.207086822731,-92.84477319116559,-0.6521735222375645
hurricane_cat2,Vieques,East,7146.151287739515,7234.907579841597,-88.75629210208172,-1.2267785195954772
hurricane_cat2,Florida,North,10655.12722473398,10724.827001171994,-69.69977643801394,-0.6498918484223312
hurricane_cat2,Las Marías,West,8066.001058563514,8116.669604851807,-50.66854628829333,-0.6242529110462471
hurricane_cat2,Maricao,West,4690.3745780761255,4736.591058029554,-46.21647995342846,-0.9757329561960274
hurricane_cat2,Culebra,East,1162.149461174266,1173.6159986412554,-11.466537466989394,-0.9770263425400375
hurricane_cat3,San Juan,Metro,305476.5009974465,309872.0121047741,-4395.511107327649,-1.4184924535364092
hurricane_cat3,Bayamón,Metro,165787.0879957137,168063.60415505752,-2276.5161593438243,-1.3545563126466589
hurricane_cat3,Ponce,South,119259.51764003935,121505.66019451046,-2246.142554471109,-1.8485908811782155
hurricane_cat3,Caguas,East,110640.86140721338,112886.93674952965,-2246.075342316268,-1.9896680758552219
hurricane_cat3,Carolina,Metro,137542.0837827929,139558.14449020842,-2016.0607074155123,-1.4446026885639496
hurricane_cat3,Guaynabo,Metro,81005.07994935346,82106.00676613805,-1100.9268167845876,-1.3408602611990978
hurricane_cat3,Humacao,East,44069.76674517222,45064.33021830673,-994.5634731345053,-2.2069860315608962
hurricane_cat3,Toa Alta,Metro,60298.224060017965,61237.793324372935,-939.5692643549701,-1.534296409699363
hurricane_cat3,Río Grande,East,40383.67638087443,41308.94515148988,-925.2687706154538,-2.2398750857042455
hurricane_cat3,Arecibo,North,79693.26733498144,80613.46736062085,-920.2000256394094,-1.1414966453718391
hurricane_cat3,Trujillo Alto,Metro,60813.806698456436,61689.74417618965,-875.9374777332123,-1.4199077811564298
hurricane_cat3,Gurabo,East,34906.49936602166,35780.004366873814,-873.5050008521575,-2.441321672003132
hurricane_cat3,Toa Baja,Metro,67149.30798283248,68004.46401358768,-855.156030755199,-1.2574998467517278
hurricane_cat3,Mayagüez,West,65866.0288171054,66714.18801079149,-848.1591936860932,-1.271332559048605
hurricane_cat3,Juana Díaz,South,41581.71235121797,42400.00791388366,-818.2955626656913,-1.9299420045573734
hurricane_cat3,Canóvanas,East,36550.85222491157,37369.04736800298,-818.1951430914123,-2.1894996011912973
hurricane_cat3,San Lorenzo,East,32779.3387182637,33496.94457585037,-717.60585758667,-2.1423024298879727
hurricane_cat3,Las Piedras,East,30503.31505550973,31198.371167160032,-695.0561116503013,-2.2278602556723537
hurricane_cat3,Vega Baja,North,49190.6360023491,49885.26592075094,-694.6299184018426,-1.3924550778286922
hurricane_cat3,Juncos,East,32232.75593400221,32918.6609916224,-685.905057620188,-2.0836359589314606
hurricane_cat3,Coamo,South,30474.505781588225,31107.907002258602,-633.4012206703774,-2.0361421956944548
hurricane_cat3,Guayama,South,31382.90181192765,32013.530089397987,-630.6282774703359,-1.9698804715047118
hurricane_cat3,Cabo Rojo,West,43094.386004988,43713.014085487615,-618.6280804996131,-1.4152034432807343
hurricane_cat3,Fajardo,East,27546.800565030167,28138.509392496737,-591.7088274665693,-2.1028435416140105
hurricane_cat3,Aguadilla,West,49771.90232377719,50353.559995488686,-581.6576717114949,-1.155147067582922
hurricane_cat3,Yabucoa,East,25778.7662998995,26358.465341298423,-579.6990413989224,-2.199289806492074
hurricane_cat3,Yauco,South,29839.07661308785,30387.66431078514,-548.5876976972904,-1.8052973472613574
hurricane_cat3,San Sebastián,West,35857.443091465626,36400.003665518205,-542.5605740525789,-1.4905508775169372
hurricane_cat3,Isabela,West,39237.55578430109,39732.63219319399,-495.07640889289905,-1.2460196608310872
hurricane_cat3,Cidra,Central Mountains,36312.19456520684,36806.26881161335,-494.0742464065115,-1.342364391607709
hurricane_cat3,Cayey,Central Mountains,37603.477401782875,38090.46173021385,-486.98432843097544,-1.2784941591944345
hurricane_cat3,Naguabo,East,20263.847824273853,20726.763292884396,-462.91546861054303,-2.2334189958615696
hurricane_cat3,Aguada,West,34573.883997085555,35027.66433438162,-453.7803372960625,-1.2954912807322172
hurricane_cat3,Loíza,East,19978.04469930126,20409.75482053809,-431.7101212368325,-2.115214636495328
hurricane_cat3,Salinas,South,22463.36582610214,22894.06764114357,-430.70181504142965,-1.8812813074222046
hurricane_cat3,Manatí,North,35942.24541700781,36366.04527654721,-423.7998595393947,-1.1653724135153818
hurricane_cat3,Corozal,Central Mountains,31646.763465562748,32063.87806465641,-417.1145990936602,-1.3008863065551641
hurricane_cat3,Hatillo,North,35218.34131774241,35633.853799640674,-415.51248189826583,-1.1660610279050305
hurricane_cat3,Dorado,North,32908.59423023141,33318.49198903461,-409.8977588031994,-1.2302410293301995
hurricane_cat3,Lares,Central Mountains,25602.00970250002,26009.43141476871,-407.4217122686896,-1.5664383652667888
hurricane_cat3,San Germán,West,29012.651174507126,29415.147182065637,-402.49600755851134,-1.3683290621231787
hurricane_cat3,Naranjito,Central Mountains,26688.17285752105,27085.49973741303,-397.326879891978,-1.4669357543481205
hurricane_cat3,Moca,West,34228.92101065226,34620.348555556455,-391.4275449041961,-1.1306285500738358
hurricane_cat3,Aibonito,Central Mountains,22463.953465920924,22836.25584072363,-372.30237480270443,-1.630312680850168
hurricane_cat3,Barranquitas,Central Mountains,26696.57075870976,27064.374415862494,-367.80365715273365,-1.358995598794122
hurricane_cat3,Villalba,South,19386.665990700538,19750.83868037527,-364.1726896747314,-1.8438340546853782
hurricane_cat3,Camuy,North,30095.10531245468,30445.606141029875,-350.50082857519374,-1.151236165086045
hurricane_cat3,Vega Alta,North,32215.72619006399,32563.298626085714,-347.57243602172457,-1.067374776777965
hurricane_cat3,Peñuelas,South,17892.32763758639,18238.229503599166,-345.90186601277674,-1.8965759036232974
hurricane_cat3,Utuado,Central Mountains,25602.603081337762,25947.139012428008,-344.53593109024587,-1.3278378434139582
hurricane_cat3,Morovis,Central Mountains,26229.315361251476,26564.542813439253,-335.2274521877771,-1.2619357108535756
hurricane_cat3,Santa Isabel,South,17833.034545855007,18165.33097350825,-332.2964276532439,-1.829289145008448
hurricane_cat3,Luquillo,East,15383.580146026185,15710.201098535366,-326.62095250918173,-2.079037374891605
hurricane_cat3,Añasco,West,23119.27563147522,23431.57115298224,-312.2955215070215,-1.3327980418729806
hurricane_cat3,Lajas,West,21353.807321906927,21645.391562267323,-291.5842403603965,-1.347096168353415
hurricane_cat3,Cataño,Metro,20566.70804353658,20838.772652308602,-272.06460877202335,-1.3055692545399642
hurricane_cat3,Arroyo,South,13533.105976640978,13795.982790661492,-262.87681402051385,-1.9054591326284873
hurricane_cat3,Sabana Grande,West,20874.681782829393,21137.31049099842,-262.62870816902796,-1.242488765450418
hurricane_cat3,Orocovis,Central Mountains,19433.725330018555,19695.71791124165,-261.992581223094,-1.3302007187742952
hurricane_cat3,Guayanilla,South,15555.748153615874,15814.800062158916,-259.0519085430424,-1.638034673374673
hurricane_cat3,Aguas Buenas,Central Mountains,21807.41229567244,22065.92335107903,-258.51105540659046,-1.1715397143983517
hurricane_cat3,Patillas,South,13751.293151618325,14005.914380625578,-254.62122900725262,-1.8179550587534
hurricane_cat3,Barceloneta,North,20652.065510171593,20906.053004419417,-253.98749424782363,-1.2148993126255452
hurricane_cat3,Guánica,West,11037.204621635263,11278.016233257078,-240.81161162181525,-2.1352302270296444
hurricane_cat3,Quebradillas,North,21550.391537555588,21776.837298446742,-226.44576089115435,-1.0398468693491403
hurricane_cat3,Comerío,Central Mountains,17215.102712296604,17439.786168247112,-224.68345595050778,-1.2883383648338098
hurricane_cat3,Ciales,Central Mountains,15437.315291407791,15653.090050125733,-215.77475871794195,-1.3784802746740012
hurricane_cat3,Ceiba,East,9717.356906822726,9919.600237075274,-202.24333025254782,-2.038825410490311
hurricane_cat3,Maunabo,East,9077.453845021377,9276.123239167518,-198.6693941461417,-2.1417287052340974
hurricane_cat3,Adjuntas,Central Mountains,16555.137961376484,16752.12993968087,-196.99197830438789,-1.1759219813462156
hurricane_cat3,Jayuya,Central Mountains,13447.555407381122,13641.716627164551,-194.16121978342926,-1.4232902287150493
hurricane_cat3,Hormigueros,West,14238.241371746772,14413.154947967112,-174.91357622034047,-1.213568971205787
hurricane_cat3,Rincón,West,14061.867953608873,14236.207086822731,-174.33913321385808,-1.2246178504612317
hurricane_cat3,Vieques,East,7081.771152712681,7234.907579841597,-153.13642712891578,-2.1166328033767168
hurricane_cat3,Florida,North,10601.733414146427,10724.827001171994,-123.0935870255671,-1.1477442667570825
hurricane_cat3,Las Marías,West,8014.46155953044,8116.669604851807,-102.20804532136663,-1.259236242168474
hurricane_cat3,Maricao,West,4658.535199410489,4736.591058029554,-78.05585861906457,-1.647933242764179
hurricane_cat3,Culebra,East,1152.3608467640909,1173.6159986412554,-21.255151877164508,-1.8110823217962682
hurricane_cat4,San Juan,Metro,302709.68065152585,309872.0121047741,-7162.331453248276,-2.311383788616103
hurricane_cat4,Caguas,East,109023.99914574054,112886.93674952965,-3862.937603789105,-3.421952721031028
hurricane_cat4,Bayamón,Metro,164207.2984518638,168063.60415505752,-3856.305703193706,-2.2945513530911974
hurricane_cat4,Ponce,South,117771.35483895088,121505.66019451046,-3734.3053555595834,-3.0733591748578446
hurricane_cat4,Carolina,Metro,136353.94004166906,139558.14449020842,-3204.2044485393562,-2.2959637792863945
hurricane_cat4,Guaynabo,Metro,80266.32773438677,82106.00676613805,-1839.6790317512787,-2.240614425435673
hurricane_cat4,Arecibo,North,78964.3471792973,80613.46736062085,-1649.120181323553,-2.0457129997228445
hurricane_cat4,Humacao,East,43441.26273925291,45064.33021830673,-1623.0674790538178,-3.601667818407895
hurricane_cat4,Toa Alta,Metro,59702.20576712207,61237.793324372935,-1535.5875572508667,-2.507581468713203
hurricane_cat4,Río Grande,East,39850.38701442057,41308.94515148988,-1458.5581370693108,-3.530853019171576
hurricane_cat4,Toa Baja,Metro,66571.99743159165,68004.46401358768,-1432.4665819960355,-2.106430221565779
hurricane_cat4,Trujillo Alto,Metro,60268.8327716984,61689.74417618965,-1420.9114044912494,-2.3033186852470005
hurricane_cat4,Gurabo,East,34386.706225318725,35780.004366873814,-1393.2981415550894,-3.8940692328283952
hurricane_cat4,Juana Díaz,South,41026.45169270421,42400.00791388366,-1373.5562211794459,-3.239518784923816
hurricane_cat4,Mayagüez,West,65349.17274595902,66714.18801079149,-1365.015264832473,-2.0460644212767334
hurricane_cat4,Canóvanas,East,36033.41559435536,37369.04736800298,-1335.6317736476194,-3.574165968146263
hurricane_cat4,San Lorenzo,East,32317.723004170184,33496.94457585037,-1179.2215716801875,-3.520385475785596
hurricane_cat4,Juncos,East,31784.56780734953,32918.6609916224,-1134.0931842728678,-3.445137651745579
hurricane_cat4,Las Piedras,East,30094.917713269268,31198.371167160032,-1103.4534538907646,-3.5368944358617016
hurricane_cat4,Vega Baja,North,48831.905315936005,49885.26592075094,-1053.3606048149377,-2.111566582582389
hurricane_cat4,Coamo,South,30062.242126123663,31107.907002258602,-1045.6648761349388,-3.361411862453549
hurricane_cat4,Guayama,South,30974.89607288981,32013.530089397987,-1038.6340165081783,-3.2443595367576963
hurricane_cat4,Aguadilla,West,49332.6027187929,50353.559995488686,-1020.9572766957863,-2.0275771500312127
hurricane_cat4,Cabo Rojo,West,42710.57344284422,43713.014085487615,-1002.4406426433925,-2.2932315778613743
hurricane_cat4,Fajardo,East,27152.693920708633,28138.509392496737,-985.8154717881043,-3.5034388568250763
hurricane_cat4,Yabucoa,East,25424.258472089256,26358.465341298423,-934.206869209167,-3.544238471825795
hurricane_cat4,Cayey,Central Mountains,37209.34036838946,38090.46173021385,-881.1213618243928,-2.313233607051489
hurricane_cat4,Yauco,South,29508.16406173954,30387.66431078514,-879.5002490456027,-2.894267358131411
hurricane_cat4,Isabela,West,38875.16160435126,39732.63219319399,-857.470588842727,-2.1581016446969947
hurricane_cat4,San Sebastián,West,35548.60039856102,36400.003665518205,-851.4032669571825,-2.3390197286263423
hurricane_cat4,Cidra,Central Mountains,35968.40400720009,36806.26881161335,-837.8648044132569,-2.276418750027953
hurricane_cat4,Manatí,North,35565.60815290816,36366.04527654721,-800.4371236390507,-2.2010562808028507
hurricane_cat4,Aguada,West,34278.811949360505,35027.66433438162,-748.8523850211132,-2.137888435473194
hurricane_cat4,Corozal,Central Mountains,31331.32105481594,32063.87806465641,-732.5570098404678,-2.284680001474793
hurricane_cat4,Hatillo,North,34902.19083107263,35633.853799640674,-731.6629685680455,-2.0532804918659218
hurricane_cat4,Naguabo,East,20002.845256220593,20726.763292884396,-723.9180366638029,-3.492672861817878
hurricane_cat4,Loíza,East,19691.41802054415,20409.75482053809,-718.3367999939401,-3.519575841602401
hurricane_cat4,Salinas,South,22201.18902838066,22894.06764114357,-692.87861276291,-3.026454816258682
hurricane_cat4,Lares,Central Mountains,25318.99243146828,26009.43141476871,-690.4389833004316,-2.6545716140045474
hurricane_cat4,Dorado,North,32628.28009941044,33318.49198903461,-690.2118896241664,-2.0715580100423536
hurricane_cat4,San Germán,West,28745.639082358965,29415.147182065637,-669.5080997066725,-2.276065781900525
hurricane_cat4,Moca,West,33967.35443852804,34620.348555556455,-652.9941170284146,-1.8861569691608757
hurricane_cat4,Barranquitas,Central Mountains,26431.817558664487,27064.374415862494,-632.5568571980075,-2.3372306615270015
hurricane_cat4,Camuy,North,29839.73683748653,30445.606141029875,-605.8693035433462,-1.9900057195013414
hurricane_cat4,Vega Alta,North,31963.779298017318,32563.298626085714,-599.5193280683961,-1.8410890584289115
hurricane_cat4,Villalba,South,19151.343313069927,19750.83868037527,-599.4953673053424,-3.0352906881924464
hurricane_cat4,Naranjito,Central Mountains,26487.655233553127,27085.49973741303,-597.844503859902,-2.2072493018620705
hurricane_cat4,Morovis,Central Mountains,25966.8658137106,26564.542813439253,-597.6769997286538,-2.249905085610144
hurricane_cat4,Aibonito,Central Mountains,22262.52336780373,22836.25584072363,-573.732472919899,-2.5123753951677514
hurricane_cat4,Peñuelas,South,17668.490599950106,18238.229503599166,-569.7389036490604,-3.123871774596471
hurricane_cat4,Utuado,Central Mountains,25398.080691044655,25947.139012428008,-549.0583213833524,-2.116064977801089
hurricane_cat4,Santa Isabel,South,17619.701998828263,18165.33097350825,-545.6289746799885,-3.0036830899239693
hurricane_cat4,Luquillo,East,15172.485684292904,15710.201098535366,-537.7154142424624,-3.4227150299978826
hurricane_cat4,Añasco,West,22902.718930506708,23431.57115298224,-528.8522224755325,-2.2570070910854096
hurricane_cat4,Lajas,West,21149.530921108813,21645.391562267323,-495.8606411585097,-2.2908370113428846
hurricane_cat4,Aguas Buenas,Central Mountains,21601.274972051622,22065.92335107903,-464.6483790274069,-2.105728238218889
hurricane_cat4,Guayanilla,South,15362.124900420495,15814.800062158916,-452.6751617384216,-2.862351467987043
hurricane_cat4,Cataño,Metro,20389.928592794175,20838.772652308602,-448.8440595144275,-2.153889132547846
hurricane_cat4,Barceloneta,North,20464.13327685833,20906.053004419417,-441.9197275610859,-2.1138362533935346
hurricane_cat4,Sabana Grande,West,20699.264827629064,21137.31049099842,-438.0456633693575,-2.072381268922101
hurricane_cat4,Patillas,South,13585.316639434423,14005.914380625578,-420.59774119115536,-3.003000944893462
hurricane_cat4,Orocovis,Central Mountains,19277.615723846036,19695.71791124165,-418.1021873956124,-2.1228075527877754
hurricane_cat4,Arroyo,South,13377.949639852115,13795.982790661492,-418.0331508093768,-3.0301078013256415
hurricane_cat4,Quebradillas,North,21362.44420402791,21776.837298446742,-414.39309441883233,-1.9029076111451197
hurricane_cat4,Comerío,Central Mountains,17035.209695975234,17439.786168247112,-404.5764722718777,-2.319847665383056
hurricane_cat4,Ciales,Central Mountains,15285.069624844338,15653.090050125733,-368.02042528139464,-2.351103993543042
hurricane_cat4,Guánica,West,10922.38654387676,11278.016233257078,-355.62968938031736,-3.1533000310074204
hurricane_cat4,Adjuntas,Central Mountains,16414.010577501766,16752.12993968087,-338.11936217910625,-2.018366401147599
hurricane_cat4,Ceiba,East,9586.70988539545,9919.600237075274,-332.89035167982365,-3.355884750633601
hurricane_cat4,Rincón,West,13910.160376053736,14236.207086822731,-326.04671076899467,-2.2902638938905917
hurricane_cat4,Maunabo,East,8951.477097090668,9276.123239167518,-324.6461420768501,-3.4998041068068573
hurricane_cat4,Jayuya,Central Mountains,13322.13841829852,13641.716627164551,-319.57820886603076,-2.3426539166607476
hurricane_cat4,Hormigueros,West,14109.237631703701,14413.154947967112,-303.9173162634106,-2.1086106224527636
hurricane_cat4,Vieques,East,6981.026780426506,7234.907579841597,-253.88079941509113,-3.509109088310561
hurricane_cat4,Florida,North,10520.872821569124,10724.827001171994,-203.95417960286977,-1.9017013475423141
hurricane_cat4,Las Marías,West,7952.60222558139,8116.669604851807,-164.0673792704174,-2.021363283930453
hurricane_cat4,Maricao,West,4619.077243336904,4736.591058029554,-117.51381469265016,-2.4809786881102736
hurricane_cat4,Culebra,East,1138.403784172419,1173.6159986412554,-35.212214468836464,-3.0003182054098723
hurricane_cat5_maria_like,San Juan,Metro,298597.3356736589,309872.0121047741,-11274.676431115251,-3.6384946012171793
hurricane_cat5_maria_like,Bayamón,Metro,162060.63541949057,168063.60415505752,-6002.968735566945,-3.571843389737455
hurricane_cat5_maria_like,Caguas,East,106967.08413596539,112886.93674952965,-5919.8526135642605,-5.244054612535959
hurricane_cat5_maria_like,Ponce,South,115620.14387884503,121505.66019451046,-5885.516315665431,-4.843820696289945
hurricane_cat5_maria_like,Carolina,Metro,134547.86660033165,139558.14449020842,-5010.277889876772,-3.590100676803065
hurricane_cat5_maria_like,Guaynabo,Metro,79353.73727576855,82106.00676613805,-2752.2694903694937,-3.3520927381217835
hurricane_cat5_maria_like,Arecibo,North,77967.17875461967,80613.46736062085,-2646.2886060011806,-3.282687983340455
hurricane_cat5_maria_like,Humacao,East,42583.37565109897,45064.33021830673,-2480.9545672077584,-5.505362123855347
hurricane_cat5_maria_like,Toa Alta,Metro,58891.47087467922,61237.793324372935,-2346.322449693718,-3.8314941187795393
hurricane_cat5_maria_like,Toa Baja,Metro,65693.50101733964,68004.46401358768,-2310.9629962480394,-3.3982519085604377
hurricane_cat5_maria_like,Trujillo Alto,Metro,59429.060538135345,61689.74417618965,-2260.6836380543027,-3.664602063509379
hurricane_cat5_maria_like,Río Grande,East,39091.336078035565,41308.94515148988,-2217.6090734543177,-5.368350765970444
hurricane_cat5_maria_like,Mayagüez,West,64548.87463402661,66714.18801079149,-2165.3133767648833,-3.2456564957586362
hurricane_cat5_maria_like,Juana Díaz,South,40247.337854460355,42400.00791388366,-2152.6700594233043,-5.077051079319313
hurricane_cat5_maria_like,Gurabo,East,33696.50872177825,35780.004366873814,-2083.495645095565,-5.823072640607409
hurricane_cat5_maria_like,Canóvanas,East,35337.54883629203,37369.04736800298,-2031.498531710953,-5.436313405865442
hurricane_cat5_maria_like,San Lorenzo,East,31684.514777526565,33496.94457585037,-1812.4297983238066,-5.410731698885988
hurricane_cat5_maria_like,Juncos,East,31153.754252998002,32918.6609916224,-1764.906738624395,-5.361417158108447
hurricane_cat5_maria_like,Las Piedras,East,29496.578098355272,31198.371167160032,-1701.79306880476,-5.454749735768572
hurricane_cat5_maria_like,Vega Baja,North,48244.6738557295,49885.26592075094,-1640.5920650214393,-3.288730719863712
hurricane_cat5_maria_like,Aguadilla,West,48729.2901498008,50353.559995488686,-1624.2698456878861,-3.225729910324928
hurricane_cat5_maria_like,Coamo,South,29514.876536199707,31107.907002258602,-1593.0304660588954,-5.120982475430548
hurricane_cat5_maria_like,Guayama,South,30427.68762224667,32013.530089397987,-1585.8424671513167,-4.9536632252764425
hurricane_cat5_maria_like,Fajardo,East,26597.22543552846,28138.509392496737,-1541.2839569682765,-5.4774897115881584
hurricane_cat5_maria_like,Cabo Rojo,West,42172.327485451955,43713.014085487615,-1540.6866000356604,-3.524548998205906
hurricane_cat5_maria_like,Yauco,South,28933.599342136113,30387.66431078514,-1454.0649686490287,-4.785050123556072
hurricane_cat5_maria_like,Yabucoa,East,24920.734102231276,26358.465341298423,-1437.7312390671468,-5.454533184883531
hurricane_cat5_maria_like,Cayey,Central Mountains,36741.09743350319,38090.46173021385,-1349.364296710657,-3.5425254392238665
hurricane_cat5_maria_like,San Sebastián,West,35078.55040239258,36400.003665518205,-1321.4532631256225,-3.630365741906333
hurricane_cat5_maria_like,Cidra,Central Mountains,35487.64626079176,36806.26881161335,-1318.622550821594,-3.5826031635283107
hurricane_cat5_maria_like,Isabela,West,38418.65002322644,39732.63219319399,-1313.9821699675522,-3.3070604624896487
hurricane_cat5_maria_like,Manatí,North,35111.84976592251,36366.04527654721,-1254.195510624697,-3.448809187491
hurricane_cat5_maria_like,Aguada,West,33827.78633183881,35027.66433438162,-1199.878002542806,-3.425515304384878
hurricane_cat5_maria_like,Hatillo,North,34469.38384408443,35633.853799640674,-1164.4699555562474,-3.2678754369475183
hurricane_cat5_maria_like,Corozal,Central Mountains,30925.5268465042,32063.87806465641,-1138.3512181522092,-3.5502605637931204
hurricane_cat5_maria_like,Naguabo,East,19597.92950141084,20726.763292884396,-1128.8337914735566,-5.4462617994054625
hurricane_cat5_maria_like,Loíza,East,19291.927219706304,20409.75482053809,-1117.827600831788,-5.476928119229201
hurricane_cat5_maria_like,Moca,West,33534.46384813727,34620.348555556455,-1085.8847074191872,-3.136550476020283
hurricane_cat5_maria_like,Salinas,South,21822.794384564833,22894.06764114357,-1071.2732565787373,-4.679261341280927
hurricane_cat5_maria_like,Dorado,North,32251.77793015042,33318.49198903461,-1066.7140588841867,-3.2015676436834273
hurricane_cat5_maria_like,San Germán,West,28367.257372963853,29415.147182065637,-1047.8898091017836,-3.5624156582180224
hurricane_cat5_maria_like,Lares,Central Mountains,25019.701047510083,26009.43141476871,-989.7303672586277,-3.805274907688438
hurricane_cat5_maria_like,Vega Alta,North,31578.692934724015,32563.298626085714,-984.6056913616994,-3.0236669284264535
hurricane_cat5_maria_like,Camuy,North,29483.03616972707,30445.606141029875,-962.5699713028043,-3.1616055428293857
hurricane_cat5_maria_like,Villalba,South,18812.66057019477,19750.83868037527,-938.1781101804991,-4.750067201514268
hurricane_cat5_maria_like,Naranjito,Central Mountains,26150.478409186202,27085.49973741303,-935.0213282268269,-3.452110307329083
hurricane_cat5_maria_like,Barranquitas,Central Mountains,26143.11784161604,27064.374415862494,-921.256574246454,-3.403945570995734
hurricane_cat5_maria_like,Peñuelas,South,17336.38405537448,18238.229503599166,-901.8454482246852,-4.94480809141432
hurricane_cat5_maria_like,Morovis,Central Mountains,25666.612893852885,26564.542813439253,-897.9299195863678,-3.38018209420151
hurricane_cat5_maria_like,Utuado,Central Mountains,25067.543785989154,25947.139012428008,-879.5952264388543,-3.3899507225731167
hurricane_cat5_maria_like,Santa Isabel,South,17304.622968377535,18165.33097350825,-860.7080051307166,-4.738190602670253
hurricane_cat5_maria_like,Aibonito,Central Mountains,21975.949831114405,22836.25584072363,-860.3060096092231,-3.76728135999882
hurricane_cat5_maria_like,Luquillo,East,14878.71644539271,15710.201098535366,-831.4846531426556,-5.292641691392311
hurricane_cat5_maria_like,Añasco,West,22611.293432109742,23431.57115298224,-820.2777208724983,-3.5007371700215586
hurricane_cat5_maria_like,Lajas,West,20850.739812125765,21645.391562267323,-794.6517501415583,-3.6712283437127144
hurricane_cat5_maria_like,Aguas Buenas,Central Mountains,21297.91830213813,22065.92335107903,-768.0050489409005,-3.4805026588807797
hurricane_cat5_maria_like,Guayanilla,South,15069.873150599304,15814.800062158916,-744.9269115596126,-4.710315075952473
hurricane_cat5_maria_like,Sabana Grande,West,20424.62154199293,21137.31049099842,-712.6889490054928,-3.371710650269342
hurricane_cat5_maria_like,Cataño,Metro,20127.99923231858,20838.772652308602,-710.7734199900224,-3.410821893636236
hurricane_cat5_maria_like,Orocovis,Central Mountains,19013.028268427526,19695.71791124165,-682.6896428141226,-3.466183085534884
hurricane_cat5_maria_like,Barceloneta,North,20226.70091227856,20906.053004419417,-679.3520921408563,-3.249547353569061
hurricane_cat5_maria_like,Patillas,South,13342.442096456034,14005.914380625578,-663.4722841695439,-4.737086534580898
hurricane_cat5_maria_like,Arroyo,South,13136.38416126417,13795.982790661492,-659.5986293973219,-4.781091999069502
hurricane_cat5_maria_like,Quebradillas,North,21121.19364694104,21776.837298446742,-655.643651505703,-3.0107386234293423
hurricane_cat5_maria_like,Comerío,Central Mountains,16802.59077728314,17439.786168247112,-637.1953909639706,-3.6536880946632366
hurricane_cat5_maria_like,Ciales,Central Mountains,15081.394475932299,15653.090050125733,-571.6955741934344,-3.6522857299274416
hurricane_cat5_maria_like,Adjuntas,Central Mountains,16199.437078583684,16752.12993968087,-552.6928610971881,-3.2992393390408297
hurricane_cat5_maria_like,Guánica,West,10737.669132214825,11278.016233257078,-540.3471010422527,-4.791153779765407
hurricane_cat5_maria_like,Ceiba,East,9394.569835778468,9919.600237075274,-525.0304012968063,-5.292858469582923
hurricane_cat5_maria_like,Maunabo,East,8770.68236297461,9276.123239167518,-505.44087619290804,-5.448837441688287
hurricane_cat5_maria_like,Rincón,West,13737.186245050336,14236.207086822731,-499.0208417723952,-3.505293500782924
hurricane_cat5_maria_like,Jayuya,Central Mountains,13147.229760442142,13641.716627164551,-494.4868667224091,-3.624814092221683
hurricane_cat5_maria_like,Hormigueros,West,13935.46412072636,14413.154947967112,-477.6908272407527,-3.314269699904448
hurricane_cat5_maria_like,Vieques,East,6843.174052268372,7234.907579841597,-391.7335275732248,-5.414492490058893
hurricane_cat5_maria_like,Florida,North,10400.673530886543,10724.827001171994,-324.1534702854515,-3.0224587329010384
hurricane_cat5_maria_like,Las Marías,West,7847.826937916608,8116.669604851807,-268.8426669351993,-3.312228783767376
hurricane_cat5_maria_like,Maricao,West,4565.548849340683,4736.591058029554,-171.04220868887114,-3.611082455575668
hurricane_cat5_maria_like,Culebra,East,1117.1868581615574,1173.6159986412554,-56.429140479697935,-4.8081434255351265
