region,year,p05,p10,p25,p50,p75,p90,p95,scenario
Central Mountains,2025,387771.50992851966,388067.6475096882,388992.5144442739,389944.0322938565,390939.624537022,391957.8105352953,392201.31771717215,baseline
Central Mountains,2026,381713.6591344823,382343.18757627986,383599.44692983374,384827.07243126736,386028.3975776088,387135.4362872661,387891.67021352256,baseline
Central Mountains,2027,377440.0514458493,378547.3705722587,379968.012478854,380984.0124892368,382391.5867958272,383594.5791522546,384283.16568998515,baseline
Central Mountains,2028,373104.2658037052,373990.43455618416,375429.2195472246,376899.74138230656,378479.2093886019,379569.71477158065,380367.24174388405,baseline
Central Mountains,2029,368458.1657074567,368948.6037974659,370543.50069075276,372572.62751974736,374313.5451886122,375957.13324148336,376756.23116716236,baseline
Central Mountains,2030,363717.9699577565,364397.654499257,366381.1782297534,368299.85835839866,370378.37017800775,371673.93420642207,373334.09973550297,baseline
East,2025,553608.3159753478,554681.8135373432,556112.6613271851,557530.0369874483,558985.7780922705,559816.8864792581,560544.0266877547,baseline
East,2026,541153.2077991673,542453.1008608666,544217.4975005278,545972.7836893369,547872.318613975,549553.9896611891,550299.810968616,baseline
East,2027,531906.8981161481,532858.9046220545,534405.3645332104,536444.5391970802,538440.6328424192,540411.4051821379,540917.3663996456,baseline
East,2028,522111.5140758632,523457.93908273213,525115.8256322896,527519.9633383751,529903.7496942682,532439.3229118238,532953.6398846498,baseline
East,2029,512344.30290672724,514045.7998312396,515595.9153784524,518239.1875401356,520533.8954513438,522960.9788174519,523904.6281336958,baseline
East,2030,502485.45525705337,503767.8985340736,506618.1751823184,509146.07241677435,511596.32184893,513795.26273811166,515889.88617208326,baseline
Metro,2025,965480.6657102269,967297.2209041178,971770.4190575199,976183.8687322019,980096.2491323976,985054.8503597481,986821.0949007473,baseline
Metro,2026,943996.6744536184,947781.5004675435,953354.7835677469,961072.2304616894,968073.7041586798,971382.9833515103,973536.58204402,baseline
Metro,2027,932110.1748338451,936300.6463993177,941733.9188557863,948386.2688912477,955641.7701369283,961485.8980507217,965311.6988326994,baseline
Metro,2028,921527.0234548167,924240.4597905339,930088.9557368688,938602.0354775928,945887.893810787,954119.3759978564,956869.341982374,baseline
Metro,2029,907196.7820754517,911701.0725501684,918959.4938432991,927545.118122735,934196.7379064029,942889.9643378181,946627.0102186699,baseline
Metro,2030,892927.5413029101,898674.362689258,905881.735708655,914050.0061197367,923326.335464997,931955.9542304626,937242.5700824677,baseline
North,2025,370688.42803660233,371378.5586307954,372625.1001859171,373804.7160855526,374895.03378929064,376002.4373027896,376785.4890975778,baseline
North,2026,364767.9107027525,365518.0729842175,367434.11429088324,368867.6904732189,370509.99376047024,371911.6552127725,372456.490404316,baseline
North,2027,361378.4020196246,362337.35676887195,363632.00304582756,365452.50833096,367124.46122542175,368867.07457029494,369958.00987142546,baseline
North,2028,357168.58559392224,357801.24871204107,359329.8254445231,361169.88264978764,363255.9843760447,364879.1816393332,365754.4093040935,baseline
North,2029,351908.02591486933,353002.28805746074,354634.2117064829,357005.0660540939,358948.54025168356,360635.36099520966,361567.61351395864,baseline
North,2030,347903.45857286616,348754.7364620214,351062.18913475634,352760.8671887701,355157.7202260775,356963.6917244116,358632.953844579,baseline
South,2025,407180.2778493389,407814.72061039344,408891.0607511015,410432.2815603692,411632.44093143195,412620.41924607294,413396.187861889,baseline
South,2026,400272.3520215259,400986.5254716096,402602.2447444985,404559.0284569571,406161.9446716681,408378.31426272844,409780.09558887687,baseline
South,2027,394064.13886471547,395049.3792942272,396496.8692425871,398654.5222478826,400485.9527592788,403219.60055905115,404173.5066625836,baseline
South,2028,387361.2278918389,388265.22091249254,390249.84108360286,392702.7813487814,395143.84056031826,397619.65892466187,399274.69413932157,baseline
South,2029,380550.65421048435,381422.48839937535,383609.5322591692,386775.9483195113,389250.42387107824,391749.60691077134,393664.55932031973,baseline
South,2030,373916.9352073288,375382.92584353406,377491.84490558703,380131.98752100463,383485.53350447956,386122.0993842327,387616.9828127629,baseline
West,2025,479670.95527690393,480432.24040856573,481528.15788254916,482834.44453077833,484051.83403533814,485153.8037919139,485494.16148835944,baseline
West,2026,473144.4416000232,473856.92223073036,475912.33026114944,477270.3666839553,478821.4189172962,480266.86403701344,481038.07749937975,baseline
West,2027,468181.30096346873,469460.6293938617,471051.55087606417,472860.97228669154,474705.68511866,476482.0217715706,476987.1958609595,baseline
West,2028,463240.6190997668,464067.28032572503,465766.11479718133,467582.1174361268,469349.20001082926,471312.8397618837,472596.0296876225,baseline
West,2029,457478.4863059994,458006.0024258641,459580.38179025037,461326.21838902356,463969.9506721052,465711.1116168301,466877.98946332553,baseline
West,2030,450288.82771867333,451680.0973814722,453350.35626835335,455520.22752818116,457885.77068243665,460480.27216281457,462495.34196667257,baseline
Central Mountains,2025,387771.50992851966,388067.6475096882,388992.5144442739,389944.0322938565,390939.624537022,391957.8105352953,392201.31771717215,hurricane_cat1
Central Mountains,2026,380286.2300823193,380909.31376218464,382166.40951143415,383392.13182138506,384592.83828685305,385697.97692991234,386450.52617369965,hurricane_cat1
Central Mountains,2027,375797.0297781101,376801.6369125663,378171.04182767874,379089.70929178223,380520.8722494228,381792.87929335015,382411.0710293412,hurricane_cat1
Central Mountains,2028,371584.51851771824,372350.27768117556,373842.2654180578,375330.2023846762,376747.3703823886,377884.69142209983,378681.00941904134,hurricane_cat1
Central Mountains,2029,366923.7199663598,367554.0364245094,369193.0773201713,371047.53403404215,372809.85989486944,374458.975668331,375486.94270599075,hurricane_cat1
Central Mountains,2030,362239.20473653794,363101.2773322093,365050.72473278025,366939.7657342828,368780.53848983743,370082.67392281175,371625.28828074713,hurricane_cat1
East,2025,553608.3159753478,554681.8135373432,556112.6613271851,557530.0369874483,558985.7780922705,559816.8864792581,560544.0266877547,hurricane_cat1
East,2026,538820.7343190586,540129.6524862655,541880.255139998,543628.8037613623,545520.4743141192,547197.0338123598,547937.9973162205,hurricane_cat1
East,2027,528534.3230688425,529475.8000436292,531027.0689164399,533078.1735106708,535064.9087296977,536882.3927747848,537473.1679973882,hurricane_cat1
East,2028,518554.09403841355,519950.26128080464,521575.0540186772,523957.9883688538,526271.4614216866,528820.3607140619,529424.4572555554,hurricane_cat1
East,2029,509186.5725969062,510734.09173455025,512397.6961989361,514943.7392830468,517249.27848164155,519514.49360727804,520534.9227888551,hurricane_cat1
East,2030,499189.0725436623,500747.14965203305,503333.7106992414,505954.18578083534,508347.2407597779,510517.1201956613,512524.9237457202,hurricane_cat1
Metro,2025,965480.6657102269,967297.2209041178,971770.4190575199,976183.8687322019,980096.2491323976,985054.8503597481,986821.0949007473,hurricane_cat1
Metro,2026,940587.35648165,944388.5844494199,949956.9835415201,957653.139859312,964654.7162742093,967929.5258813454,970122.7183549347,hurricane_cat1
Metro,2027,927615.8851777477,931584.1728768981,937043.9578477878,943780.3729638134,950842.6514335983,956910.003531623,960780.4909738562,hurricane_cat1
Metro,2028,916409.8261337134,920167.3747090535,926278.0815023829,934322.910022192,941771.8087311042,949516.4197602842,952895.1193474722,hurricane_cat1
Metro,2029,903609.9565214268,908359.6037620576,915452.8488748407,923400.5581820093,930411.1517599691,939034.9390344967,943223.5774386718,hurricane_cat1
Metro,2030,889148.7205847024,895178.0840981274,902230.50349603,910201.23155191,919723.6396091618,927961.4801222832,934139.5799264507,hurricane_cat1
North,2025,370688.42803660233,371378.5586307954,372625.1001859171,373804.7160855526,374895.03378929064,376002.4373027896,376785.4890975778,hurricane_cat1
North,2026,363536.63952467236,364279.73257745296,366196.8742423949,367628.5388340254,369266.7493282536,370666.1922334957,371196.7386823139,hurricane_cat1
North,2027,359824.89531238354,360802.56276803307,362132.39550255635,363842.3194491237,365486.7505291409,367266.9663306938,368172.06343089475,hurricane_cat1
North,2028,355787.1235918891,356355.48489064886,358041.2895615987,359740.48648933705,361688.07530227455,363376.88432453154,364430.0234902714,hurricane_cat1
North,2029,350647.9783078888,351843.5971281122,353638.3771714655,355780.66959540825,357675.79236458446,359529.11842804245,360209.3510794587,hurricane_cat1
North,2030,346737.5957643397,347504.61706113943,349866.8517129532,351620.79713395017,353958.61791829945,355837.21809373266,357163.2000228848,hurricane_cat1
South,2025,407180.2778493389,407814.72061039344,408891.0607511015,410432.2815603692,411632.44093143195,412620.41924607294,413396.187861889,hurricane_cat1
South,2026,398691.7299525387,399414.592847224,401025.65887796716,402976.48671801307,404574.4367530709,406793.2025281996,408194.6926724428,hurricane_cat1
South,2027,391806.2310959285,392772.7426406915,394188.43533877505,396315.69907986105,398143.34723007446,400858.26842859935,401768.8267459168,hurricane_cat1
South,2028,385115.0904819914,385942.28268058354,387869.96248904796,390339.33035274444,392713.69514198386,395124.6713752939,396617.76867712877,hurricane_cat1
South,2029,378263.73834689904,379269.59401609923,381541.6938286805,384537.749547542,386969.76713469904,389372.4792619405,391227.5549015827,hurricane_cat1
South,2030,371929.51116170594,373439.2808919845,375288.74415290693,378030.0511033591,381264.69569759036,383876.52357001026,385317.3959148733,hurricane_cat1
West,2025,479670.95527690393,480432.24040856573,481528.15788254916,482834.44453077833,484051.83403533814,485153.8037919139,485494.16148835944,hurricane_cat1
West,2026,471469.15100357984,472172.3884818139,474215.2387344631,475582.7254825652,477130.36844553205,478572.5928868941,479341.6098533886,hurricane_cat1
West,2027,465933.0251640806,467342.10919461335,468893.7054218779,470706.44280636346,472422.8799478651,474185.82515649794,474722.6199064501,hurricane_cat1
West,2028,461386.30486982135,462030.02782163833,463827.62751898874,465617.66884194384,467306.69515897834,469270.2884954898,470350.44927545614,hurricane_cat1
West,2029,455622.5951158694,456334.8031786607,457888.7837752469,459641.4961018216,462175.3462049976,463748.389346259,464940.95075153926,hurricane_cat1
West,2030,448421.4858133588,450122.3456818422,451678.7728319422,453995.33261500846,456331.4504554384,458696.69923267263,460543.8784457105,hurricane_cat1
Central Mountains,2025,387771.50992851966,388067.6475096882,388992.5144442739,389944.0322938565,390939.624537022,391957.8105352953,392201.31771717215,hurricane_cat2
Central Mountains,2026,378859.1629000475,379475.4399480894,380733.37209303456,381957.19121150277,383154.5001846466,384260.5175725586,385009.3821338768,hurricane_cat2
Central Mountains,2027,374011.9718232947,375074.5342404114,376426.8704059269,377316.7581125647,378719.4380892031,379846.6688028327,380687.81649299583,hurricane_cat2
Central Mountains,2028,370025.8856523603,370826.6298536453,372351.18003234325,373739.3209731787,375133.7497147465,376111.0265306259,376878.90828365687,hurricane_cat2
Central Mountains,2029,365509.0068915109,366368.95665887516,367972.6559149873,369652.6625626167,371500.35580884025,373006.5431237017,373847.63101314165,hurricane_cat2
Central Mountains,2030,361135.5446589328,361952.6082410938,363709.81903271907,365613.2805438406,367466.4402117643,368831.2326399652,370199.30326322577,hurricane_cat2
East,2025,553608.3159753478,554681.8135373432,556112.6613271851,557530.0369874483,558985.7780922705,559816.8864792581,560544.0266877547,hurricane_cat2
East,2026,536488.26083895,537806.2041116643,539543.9110972725,541284.4925741206,543168.6300142634,544843.9025757003,545576.1836638252,hurricane_cat2
East,2027,525135.3497080967,526143.3565527287,527688.8244060102,529735.9725284437,531686.5244650607,533459.8318803306,534096.6526663183,hurricane_cat2
East,2028,515216.9008481973,516428.07042915287,517979.8336749297,520408.0481485477,522767.0970154552,525212.4223551623,525788.7329943419,hurricane_cat2
East,2029,506334.75919145625,507772.05391274736,509274.9389728309,511805.599966228,514181.62875627587,516496.05575419415,517213.1993834381,hurricane_cat2
East,2030,496439.6642901493,498019.78460731363,500481.7899583744,502967.37024564843,505422.14322889934,507591.51053201343,509538.50052631844,hurricane_cat2
Metro,2025,965480.6657102269,967297.2209041178,971770.4190575199,976183.8687322019,980096.2491323976,985054.8503597481,986821.0949007473,hurricane_cat2
Metro,2026,937192.1831489964,940995.6684312962,946536.6445805093,954234.0492569346,961235.728389739,964476.0684111805,966708.8546658496,hurricane_cat2
Metro,2027,923039.0898935305,927010.1583555877,932429.9883158121,939321.3835217381,946516.0426741961,952391.9507675009,955999.0451955887,hurricane_cat2
Metro,2028,912207.3153226554,915552.2674169578,922274.0601036806,929954.6878873536,937603.9916512709,945615.6463848518,947978.1454138592,hurricane_cat2
Metro,2029,900107.2754895726,904670.1724452749,912090.2223222414,919498.2543147106,927008.7800942574,935008.0567950562,939586.8929559136,hurricane_cat2
Metro,2030,885326.6489056731,891703.0284891552,898702.7870733393,906842.9617202166,917095.6101129152,924179.4651748076,930443.4208134175,hurricane_cat2
North,2025,370688.42803660233,371378.5586307954,372625.1001859171,373804.7160855526,374895.03378929064,376002.4373027896,376785.4890975778,hurricane_cat2
North,2026,362305.36834659224,363041.3921706884,364954.6662693156,366389.3871948319,368023.504896037,369420.7292542189,369942.93779456906,hurricane_cat2
North,2027,358309.6938613534,359320.7734924074,360644.14491224516,362343.04043875926,363943.5893560705,365779.75032944966,366505.942408134,hurricane_cat2
North,2028,354287.47088135337,354928.25882242183,356671.033127646,358315.83491188486,360263.2973723834,362198.8945521225,363134.72354241455,hurricane_cat2
North,2029,349213.4678116013,350609.480053366,352470.17701037106,354550.4341942354,356380.381272034,358413.45194175903,359084.53428017796,hurricane_cat2
North,2030,345407.7468558249,346457.8441512709,348823.342190678,350520.6783592021,352777.6297846327,354557.00373480574,355987.55574800324,hurricane_cat2
South,2025,407180.2778493389,407814.72061039344,408891.0607511015,410432.2815603692,411632.44093143195,412620.41924607294,413396.187861889,hurricane_cat2
South,2026,397111.1078835514,397847.9639547713,399449.0730114359,401393.9449790691,402986.92883447366,405208.0907936707,406609.2897560088,hurricane_cat2
South,2027,389606.5802998816,390542.2727518709,391980.6342463185,394085.7183070255,395881.31230143714,398528.9870045281,399449.80861824745,hurricane_cat2
South,2028,382893.9373534513,383755.2666255031,385506.1313235833,387939.0670111398,390382.81445616874,392833.3147923413,394164.77210205403,hurricane_cat2
South,2029,376150.78621851763,377233.0012737313,379560.99449260335,382400.04205246223,384757.84922929114,387139.2537452101,388975.23273036996,hurricane_cat2
South,2030,369999.7238909134,371469.3057881327,373361.27213820413,376095.60374466935,379233.2266536871,381802.29658826423,383234.874743459,hurricane_cat2
West,2025,479670.95527690393,480432.24040856573,481528.15788254916,482834.44453077833,484051.83403533814,485153.8037919139,485494.16148835944,hurricane_cat2
West,2026,469793.86040713644,470487.8547328975,472518.1472077768,473895.08428117505,475439.3179737679,476878.32173677493,477645.14220739756,hurricane_cat2
West,2027,463801.28632597945,465151.95326570445,466687.7086434634,468483.334467308,470159.6762477796,471927.4206499859,472522.66707672196,hurricane_cat2
West,2028,459062.7204234341,460003.34906956006,461830.8325316982,463454.16394953383,465233.8608484015,467247.96241764195,468232.9533523296,hurricane_cat2
West,2029,453587.43449180125,454521.9823161684,456049.16754753934,457915.2670294378,460357.7388301444,462069.0289063167,462954.7429855363,hurricane_cat2
West,2030,446876.99996956054,448343.47430268757,449812.42474391725,452265.02013022464,454680.1423323813,456915.1369024465,458733.3153807633,hurricane_cat2
Central Mountains,2025,387771.50992851966,388067.6475096882,388992.5144442739,389944.0322938565,390939.624537022,391957.8105352953,392201.31771717215,hurricane_cat3
Central Mountains,2026,376820.8932672318,377438.5983223489,378687.764039468,379907.2760545282,381099.7314672088,382206.5562516457,382950.60493412986,hurricane_cat3
Central Mountains,2027,371326.2139010871,372330.330696833,373732.6814034732,374767.60654276283,376088.9959472385,377282.4424500498,377859.31198738166,hurricane_cat3
Central Mountains,2028,367323.5581260207,368408.1198919534,369652.4510508451,371251.1028622989,372631.96145420254,373791.7668010241,374235.0222167572,hurricane_cat3
Central Mountains,2029,363028.14113755774,364134.99218744464,365674.40963751095,367591.7836641276,369368.9490962317,370732.974209666,371536.57323838206,hurricane_cat3
Central Mountains,2030,358731.0892523576,359663.2072252042,361608.45631954493,363430.02413878054,365211.6585783303,366624.78899799386,367857.02309648716,hurricane_cat3
East,2025,553608.3159753478,554681.8135373432,556112.6613271851,557530.0369874483,558985.7780922705,559816.8864792582,560544.0266877547,hurricane_cat3
East,2026,533156.1558673662,534484.6909376803,536206.1544050387,537932.3346140501,539808.8524430409,541487.9276808534,542202.1641604031,hurricane_cat3
East,2027,520288.61247281963,521221.0448094402,522839.58986592403,524817.0039280348,526818.461659786,528606.1082999218,529249.5140218228,hurricane_cat3
East,2028,510015.69312733423,511096.41651479254,512759.9906199895,515154.7096505208,517486.988241362,519871.6343723179,520862.1291285015,hurricane_cat3
East,2029,501557.93902841577,503008.320062194,504401.30007377145,506862.3954286996,509275.2710946086,511886.2236032455,512586.9840598993,hurricane_cat3
East,2030,492067.81347138673,493506.0687887257,495906.4043846417,498516.1771527364,500888.06885059597,503118.487363765,504924.20361288136,hurricane_cat3
Metro,2025,965480.6657102269,967297.2209041178,971770.4190575198,976183.8687322019,980096.2491323976,985054.8503597481,986821.0949007473,hurricane_cat3
Metro,2026,932362.5957993941,936148.6455482623,941637.3719881516,949349.6341106811,956351.4599833526,959571.1429507241,961831.9065385851,hurricane_cat3
Metro,2027,916808.9948533009,920748.9053934081,926106.2298264223,932858.9759125789,939883.3630548893,945580.6684447483,949662.7259292953,hurricane_cat3
Metro,2028,905325.0767911336,909401.5522032228,915923.5667100081,923330.0044994052,930519.3049384397,938273.9975168603,940903.9652701656,hurricane_cat3
Metro,2029,894394.4935025222,898792.6538347073,906612.6665554184,914035.3177023323,921347.6813507404,928974.0252109932,933012.5162284607,hurricane_cat3
Metro,2030,879929.2475224276,886264.880544543,892989.1881921001,901024.7791590824,911421.7288191884,918155.6918942961,924382.4788116976,hurricane_cat3
North,2025,370688.42803660233,371378.5586307954,372625.1001859171,373804.7160855526,374895.03378929064,376002.4373027896,376785.4890975778,hurricane_cat3
North,2026,360546.4095207635,361272.3344467391,363179.1426097785,364619.1705674127,366247.4414214418,367641.49642668065,368166.31680058234,hurricane_cat3
North,2027,355957.20487357135,357056.4297586304,358361.8266828623,360099.40979619604,361597.03538394964,363436.96894839936,364204.3562169069,hurricane_cat3
North,2028,351761.47414723306,352773.4412161451,354432.76084113127,356230.65283011075,358050.69572522095,359998.06162665604,360940.86750070663,hurricane_cat3
North,2029,347206.74716271507,348582.3323802756,350428.85839794506,352623.8740814667,354429.89696410636,356436.9630732649,357076.862934092,hurricane_cat3
North,2030,343516.8531713166,344720.5176489893,347109.27897945174,348706.85903830425,350952.42224463815,352551.45548437804,354136.03565806727,hurricane_cat3
South,2025,407180.2778493389,407814.72061039344,408891.0607511015,410432.2815603692,411632.44093143195,412620.41924607294,413396.187861889,hurricane_cat3
South,2026,394865.46036251955,395613.23212806287,397196.8074878197,399133.171066292,400719.0603793347,402943.6454586295,404344.4284468173,hurricane_cat3
South,2027,386521.28886897943,387383.7326167686,388758.5409652403,390844.6641469102,392636.3083230168,395224.5740379754,396101.09515379195,hurricane_cat3
South,2028,379600.2673438182,380205.1572666871,382090.57511120744,384388.55712649785,386852.3788242071,389382.98910300044,390564.859271826,hurricane_cat3
South,2029,373039.6265268485,373945.6652824436,376453.22350128787,379186.06300013076,381541.84001084074,383821.1860262419,385601.4529909672,hurricane_cat3
South,2030,367021.7525750464,368394.276378041,370359.29475900944,373062.35735817335,376132.59564896085,378631.4228637772,380157.21083755797,hurricane_cat3
West,2025,479670.95527690393,480432.24040856573,481528.15788254916,482834.44453077833,484051.83403533814,485153.8037919139,485494.16148835944,hurricane_cat3
West,2026,467395.6287921601,468081.37794873107,470095.0457903267,471472.3386561655,473023.5315855333,474457.9343794617,475221.6169988388,hurricane_cat3
West,2027,460608.04884977976,461959.1508226573,463584.3166300668,465411.26145162556,467103.3114820211,468769.9487338797,469522.06260606344,hurricane_cat3
West,2028,455834.6768264666,456990.1069398032,458790.1299487172,460598.61387916794,462159.80338021525,464431.4993928905,465381.06865359336,hurricane_cat3
West,2029,450911.0424765548,451801.7993551312,453302.0628593429,455231.4029537801,457482.92571924353,459465.7170755538,460483.34545839974,hurricane_cat3
West,2030,444311.95748632133,445615.50724811247,447154.4682422712,449793.00251825666,451980.71276073396,454286.4360565784,455733.01558837376,hurricane_cat3
Central Mountains,2025,387771.50992851966,388067.6475096882,388992.5144442739,389944.0322938565,390939.624537022,391957.8105352953,392201.31771717215,hurricane_cat4
Central Mountains,2026,373967.3157812899,374587.4515782026,375826.240559474,377037.3948347636,378239.7424738587,379318.451206855,380068.3168544841,hurricane_cat4
Central Mountains,2027,367414.0113160745,368323.08292341797,369794.73703243624,370968.91514229437,372207.1712150483,373403.06707559666,373832.34302857076,hurricane_cat4
Central Mountains,2028,363358.9367335738,364539.1023524963,365864.50482499215,367331.69460122025,368851.2466577619,369685.16349449044,370291.4146351588,hurricane_cat4
Central Mountains,2029,359744.325396332,360735.9837382297,362125.0077445719,364174.53285212757,365878.0754200574,367206.1925070576,367842.8520600662,hurricane_cat4
Central Mountains,2030,355302.1453641079,356472.7566451616,358260.03332339687,360074.04450420593,361852.2605927496,363555.80005106924,364303.337451939,hurricane_cat4
East,2025,553608.3159753478,554681.8135373432,556112.6613271851,557530.0369874483,558985.7780922705,559816.8864792581,560544.0266877547,hurricane_cat4
East,2026,528493.4455976329,529812.233259709,531528.2467050843,533239.3134699515,535110.8395960637,536789.5628280677,537478.5368556122,hurricane_cat4
East,2027,513351.3000954296,514246.58346578374,515913.085316293,517857.71034826187,519843.7754914939,521560.1845076129,522258.10925681534,hurricane_cat4
East,2028,502277.4021789742,503294.05454849976,505141.48402431543,507343.4226652427,509962.60247374914,512142.4400784608,513263.27054068784,hurricane_cat4
East,2029,494877.1404416855,495820.6127151657,497227.3955711355,499771.65428402193,502241.8555099783,504729.9384923971,505722.1974207477,hurricane_cat4
East,2030,485359.78498380113,486731.7837696738,489154.8973790009,491811.02518538665,494018.94392295566,496267.24392606656,497977.15969618486,hurricane_cat4
Metro,2025,965480.6657102269,967297.2209041178,971770.4190575198,976183.8687322019,980096.2491323976,985054.8503597481,986821.0949007473,hurricane_cat4
Metro,2026,925601.1735099509,929362.813512015,934778.3903588506,942511.4529059264,949513.4842144117,952709.0365055348,955004.1791604148,hurricane_cat4
Metro,2027,907426.6054323054,911213.6456298771,916543.8353734268,923383.8621977956,930572.9063049175,935723.4438391024,940147.8967544747,hurricane_cat4
Metro,2028,895059.6277023637,899752.9348473722,905702.9650979161,913472.7763035566,920280.2316985966,928172.8791476396,932280.8148306281,hurricane_cat4
Metro,2029,885413.0567756095,890343.5000828049,897612.7623306011,905070.2732684305,912503.0913066366,920825.0065397908,924538.8232591748,hurricane_cat4
Metro,2030,871793.8402800268,876992.9277545622,884844.3665570174,892700.0608917971,901481.6435409549,909665.6046564867,915698.4577562233,hurricane_cat4
North,2025,370688.42803660233,371378.5586307954,372625.1001859171,373804.7160855526,374895.03378929064,376002.4373027896,376785.4890975778,hurricane_cat4
North,2026,358083.8671646032,358795.6536332101,360694.21734007273,362136.923978359,363760.9525570086,365150.57046812715,365679.04740900104,hurricane_cat4
North,2027,352524.0588536034,353644.8830797973,355088.1610501607,356596.6444473878,358227.0977613712,360109.5291915092,361002.958883559,hurricane_cat4
North,2028,348225.37708863517,349444.3774110621,351016.93584871,352839.8277527616,354889.8405862829,356718.7811755881,357790.74796329055,hurricane_cat4
North,2029,344498.88318860054,345583.37970941985,347353.6009619262,349742.1939266823,351580.1971166638,353310.2019647841,354003.1714218244,hurricane_cat4
North,2030,340466.7620973249,341592.8327840651,344060.2534932905,345630.8211009023,347975.8713905591,349657.41572516033,351142.1330610738,hurricane_cat4
South,2025,407180.2778493389,407814.72061039344,408891.0607511015,410432.2815603692,411632.44093143195,412620.41924607294,413396.187861889,hurricane_cat4
South,2026,391723.9188495837,392484.6075706711,394043.6357547571,395968.087588404,397549.22661691543,399773.42198957177,401173.62261394935,hurricane_cat4
South,2027,381863.42174785584,382743.83216911106,384136.6055632642,386334.15668298426,388013.2276724394,390528.9584353655,391601.32798730256,hurricane_cat4
South,2028,374488.56902696064,375266.6721622687,377003.37539415533,379373.06846216775,381756.6935979269,384343.7169075102,385550.3846528178,hurricane_cat4
South,2029,368484.2256654284,369150.3813151145,371715.2124654005,374417.87250772933,376628.7017731724,379074.0977387169,380826.0659326723,hurricane_cat4
South,2030,362270.7006030855,363836.5215209227,365695.2503993968,368452.8329800796,371678.78036981315,374067.43297546083,375510.27368742216,hurricane_cat4
West,2025,479670.95527690393,480432.24040856573,481528.15788254916,482834.44453077833,484051.83403533814,485153.8037919139,485494.16148835944,hurricane_cat4
West,2026,464016.1050546476,464712.3104508982,466712.5311516031,468077.94833298645,469641.4306420049,471069.3920792231,471828.55098129745,hurricane_cat4
West,2027,456026.7939830141,457485.6555357731,459038.98101532646,460910.27878688864,462792.9374036328,464324.73792578775,465086.70006885345,hurricane_cat4
West,2028,451150.75588480505,452203.1130412023,454476.31337040913,456197.3850512053,457929.6568789369,460148.6786353464,461230.68256649055,hurricane_cat4
West,2029,446728.66240588814,447911.2298753976,449511.2489687423,451439.8055038712,453649.70367538865,455807.39413057343,456578.5972015735,hurricane_cat4
West,2030,440826.5288517706,441810.13568099047,443405.94987631805,446167.82774049323,448231.72201291943,450702.93498751835,451649.0293927748,hurricane_cat4
Central Mountains,2025,387771.50992851966,388067.6475096882,388992.5144442739,389944.0322938565,390939.624537022,391957.8105352953,392201.31771717215,hurricane_cat5_maria_like
Central Mountains,2026,370298.43044222164,370923.03521689033,372149.31570243655,373354.3393029823,374564.58803043776,375627.2076612853,376362.51789493964,hurricane_cat5_maria_like
Central Mountains,2027,362171.91771296377,363144.77323900716,364544.7044957788,365707.28601384524,366984.58359285764,368137.68871512293,368674.94090640376,hurricane_cat5_maria_like
Central Mountains,2028,358107.5368353258,359105.8565330375,360610.0158790763,361957.65928184695,363610.6513093429,364545.12266086176,364906.45658639335,hurricane_cat5_maria_like
Central Mountains,2029,355129.25542910816,355947.9911784621,357432.836162696,359403.57685099996,361177.1768636602,362560.87713823526,363313.6853988045,hurricane_cat5_maria_like
Central Mountains,2030,350816.4521156247,351708.25537161453,353626.31926097476,355398.7408754546,357146.62513854733,358669.2960561031,360013.5771034035,hurricane_cat5_maria_like
East,2025,553608.3159753478,554681.8135373432,556112.6613271851,557530.0369874483,558985.7780922705,559816.8864792581,560544.0266877547,hurricane_cat5_maria_like
East,2026,522515.76993244153,523804.7876737459,525529.6185312031,527205.4291418246,529087.7139342608,530745.3695512478,531405.3017494526,hurricane_cat5_maria_like
East,2027,504274.37307994475,505169.6655288099,506819.40203696897,508723.04664946103,510724.5069634274,512499.55046084616,513097.2898476032,hurricane_cat5_maria_like
East,2028,491992.77415167744,492835.40391281666,494723.1561384939,496889.61812886386,499419.3102621898,501637.18288189865,502819.39312918123,hurricane_cat5_maria_like
East,2029,484931.51318401814,485775.3919951169,487251.0987625945,489958.4504480007,492319.2318742514,494846.76585557737,495824.76885333477,hurricane_cat5_maria_like
East,2030,475868.9208718453,477149.214815692,479492.06137137103,482303.49528989184,484644.7737149362,486796.17785052187,488302.96010870056,hurricane_cat5_maria_like
Metro,2025,965480.6657102269,967297.2209041178,971770.4190575199,976183.8687322019,980096.2491323976,985054.8503597481,986821.0949007473,hurricane_cat5_maria_like
Metro,2026,916907.9162806666,920638.1723225539,925959.6996926066,933719.5056426702,940699.8210719805,943886.3282188628,946225.6725313389,hurricane_cat5_maria_like
Metro,2027,894770.1735744065,898388.9686509088,904030.5219774331,910327.4538721396,917435.5110793365,923602.4145210589,927532.6744453204,hurricane_cat5_maria_like
Metro,2028,881760.7806158283,887088.6637415854,892463.4261376811,900059.6131637432,907590.4891451905,914722.5174553429,918883.1200667035,hurricane_cat5_maria_like
Metro,2029,873003.1685816144,878404.9209545469,885152.1487551664,893105.9256623005,900470.3671254888,908676.3127515382,912142.2550826141,hurricane_cat5_maria_like
Metro,2030,859744.6144010649,864724.6016422561,873777.9278570217,881153.9803318849,889354.2144716876,898092.1290451142,903080.3559476053,hurricane_cat5_maria_like
North,2025,370688.42803660233,371378.5586307954,372625.1001859171,373804.7160855526,374895.03378929064,376002.4373027896,376785.4890975778,hurricane_cat5_maria_like
North,2026,354917.7412781114,355611.3497301013,357499.31342187955,358928.3908214118,360564.0383027373,361947.95137855835,362479.0880279293,hurricane_cat5_maria_like
North,2027,348063.040567745,349055.0325153865,350630.6979559662,352026.4369069283,353834.4300205272,355599.91009073495,356579.12780039187,hurricane_cat5_maria_like
North,2028,343557.94481497887,344772.6613202742,346432.14238203,348060.5853796911,350333.78194686334,352080.95168027136,353239.5317201635,hurricane_cat5_maria_like
North,2029,340562.22694325185,341494.06266614894,343262.8003627735,345741.8474862583,347487.3159230246,349214.3224198791,349953.949586001,hurricane_cat5_maria_like
North,2030,336425.97790655616,337654.0388197953,339956.0321359595,341710.0255596783,344099.72492507414,345938.3315491157,347259.30883846246,hurricane_cat5_maria_like
South,2025,407180.2778493389,407814.72061039344,408891.0607511015,410432.2815603692,411632.44093143195,412620.41924607294,413396.187861889,hurricane_cat5_maria_like
South,2026,387684.7940472376,388461.2797945205,389989.557812248,391909.1383681721,393483.28235893924,395697.4203864976,397096.8722574047,hurricane_cat5_maria_like
South,2027,375770.32960023236,376641.31425854895,378101.4282662513,380198.758930571,381898.3463279088,384394.9276507546,385700.53182206064,hurricane_cat5_maria_like
South,2028,367326.13451242005,368205.3606247515,369840.18112320395,372405.2047954261,374668.52620906336,377260.4817158621,378640.8993423555,hurricane_cat5_maria_like
South,2029,361485.2104757996,362375.2923327939,364732.57315167016,367637.07843587035,369651.23218346504,372247.4495909315,374103.3112719367,hurricane_cat5_maria_like
South,2030,355582.5573487158,357221.7857259267,358886.0328678988,361767.1596471857,364877.4901824011,367309.5999344125,368530.31713501544,hurricane_cat5_maria_like
West,2025,479670.95527690393,480432.24040856573,481528.15788254916,482834.44453077833,484051.83403533814,485153.8037919139,485494.16148835944,hurricane_cat5_maria_like
West,2026,459671.00310641713,460357.0418490897,462381.03305431973,463721.28554884775,465292.4528368483,466712.6948360593,467464.70468392596,hurricane_cat5_maria_like
West,2027,449939.81285815017,451266.46252079896,452903.6459618085,454797.0708574093,456789.61997809814,458380.1581427547,458917.15335581603,hurricane_cat5_maria_like
West,2028,444822.72229257115,445699.3685327796,448045.84446214,449923.2590827028,451564.2182623738,453944.7151172518,455017.06683106447,hurricane_cat5_maria_like
West,2029,440855.58383398905,442091.40824495105,443553.84136369964,445869.97286086075,447951.836464684,450403.1291523327,450876.9417200378,hurricane_cat5_maria_like
West,2030,435082.4761328802,435984.62009383395,437763.3059753169,440596.7573238801,442896.0682382011,444979.9295427167,446205.8225862195,hurricane_cat5_maria_like
Central Mountains,2025,387771.50992851966,388067.6475096882,388992.5144442739,389944.0322938565,390939.624537022,391957.8105352953,392201.31771717215,earthquake_m6_0
Central Mountains,2026,379878.3932102727,380499.635529586,381756.97024903423,382982.14878999017,384181.88454336545,385287.2742563827,386038.77073375025,earthquake_m6_0
Central Mountains,2027,375260.63535967376,376324.949159519,377684.38944526785,378647.16299750365,380066.0388454675,381297.13039242034,381956.21723101387,earthquake_m6_0
Central Mountains,2028,371050.5761823872,371831.46865871263,373357.2278054273,374842.97664963023,376294.12070827745,377330.17063180445,378207.2041068746,earthquake_m6_0
Central Mountains,2029,366264.63716677955,366963.01392700145,368633.1037533559,370446.2375711957,372275.1980933147,373846.34682085126,374902.0420563951,earthquake_m6_0
Central Mountains,2030,361589.9065642071,362479.248920184,364413.63192776474,366343.5233917923,368220.48618825217,369472.01662250975,370998.35924749804,earthquake_m6_0
East,2025,553608.3159753478,554681.8135373432,556112.6613271851,557530.0369874483,558985.7780922705,559816.8864792581,560544.0266877547,earthquake_m6_0
East,2026,538779.0830069139,540088.162336719,541838.5186692743,543586.9469769343,545478.4770944789,547154.9453150593,547895.8220724278,earthquake_m6_0
East,2027,528625.277070147,529618.8548791137,531142.1452586763,533216.50027579,535180.5189422187,537058.4307932302,537626.6727114486,earthquake_m6_0
East,2028,518688.0949655938,520084.12711440306,521748.7729992032,524152.6054452354,526527.6019167444,529091.8758339117,529725.1750490952,earthquake_m6_0
East,2029,509374.03425791336,510896.6671004141,512526.1553500976,515129.60803453554,517475.85222524026,519740.4770425169,520819.88721521903,earthquake_m6_0
East,2030,499374.1398466071,500947.8925062653,503554.89500151994,506167.0320725445,508607.36978590774,510714.6767588543,512852.0323796104,earthquake_m6_0
Metro,2025,965480.6657102269,967297.2209041178,971770.4190575199,976183.8687322019,980096.2491323976,985054.8503597481,986821.0949007473,earthquake_m6_0
Metro,2026,939832.4360735716,943637.2959025495,949204.6135357127,956896.0555116427,963897.6546712194,967164.8317272374,969366.7913952088,earthquake_m6_0
Metro,2027,926482.3561465571,930830.6430725388,936080.0724515319,942794.3121213189,950198.7440063487,956270.7467196763,959795.8121886799,earthquake_m6_0
Metro,2028,915274.2005238646,918885.6858818583,925187.0619360527,933343.9595812327,940706.4804968755,948583.4553191973,951739.7647733004,earthquake_m6_0
Metro,2029,901832.6689593649,907071.8285390278,914104.2088100975,922335.2884926167,929410.9727541527,938129.9643887106,942325.6397539632,earthquake_m6_0
Metro,2030,887966.3588118233,893966.7598498466,900913.5107862494,909117.6114510008,918606.7006145387,926972.4244345058,933279.7379066867,earthquake_m6_0
North,2025,370688.42803660233,371378.5586307954,372625.1001859171,373804.7160855526,374895.03378929064,376002.4373027896,376785.4890975778,earthquake_m6_0
North,2026,363268.1668617827,364009.71850379754,365926.5596258623,367358.3478751036,368995.66595581535,370394.6251177136,370922.05597601266,earthquake_m6_0
North,2027,359446.22140107956,360440.11015301524,361808.82379268046,363509.2078111785,365197.7116455644,366990.15830814117,367867.15897053975,earthquake_m6_0
North,2028,355309.43841918197,355994.7652963201,357645.8891487579,359337.4885060364,361426.8466904345,363103.1716147695,364084.03771716775,earthquake_m6_0
North,2029,350088.5206325023,351263.6110460253,353102.7652448716,355391.14819026354,357207.6739587927,359124.7735548295,359841.52850537177,earthquake_m6_0
North,2030,346292.7900921332,347015.00533273444,349371.4037213265,351135.9649892857,353460.7160288893,355299.3784854267,356649.7463952059,earthquake_m6_0
South,2025,407180.2778493389,407814.72061039344,408891.0607511015,410432.2815603692,411632.44093143195,412620.41924607294,413396.187861889,earthquake_m6_0
South,2026,397963.00159605755,398691.0673257567,400298.7913680729,402246.8733188895,403842.53375163965,406062.4042609817,407463.76015902194,earthquake_m6_0
South,2027,390934.625660453,391908.17307076586,393352.08007149753,395476.9947600928,397303.30503717164,399985.63195935555,400950.71297606465,earthquake_m6_0
South,2028,384174.487625637,385065.3633130137,386944.4683831714,389392.9819681698,391854.55427933566,394303.44552130863,395727.7262672765,earthquake_m6_0
South,2029,377252.3280877052,378293.7632721709,380569.2189589572,383523.7237387596,386006.14996190707,388502.1421678619,390269.28600444854,earthquake_m6_0
South,2030,370806.8199798955,372343.29558110377,374251.0080346371,377003.8534433977,380221.68777185073,382865.98589423165,384337.8957480966,earthquake_m6_0
West,2025,479670.95527690393,480432.24040856573,481528.15788254916,482834.44453077833,484051.83403533814,485153.8037919139,485494.16148835944,earthquake_m6_0
West,2026,470667.40478956763,471366.2187591182,473403.0592181204,474775.0686218999,476321.08000547346,477761.7631221943,478529.7289085214,earthquake_m6_0
West,2027,465050.4285980955,466471.32174263155,467987.94501365576,469842.616692141,471544.92432285816,473301.63929675845,473900.2472832014,earthquake_m6_0
West,2028,460430.0704653542,461168.64538210654,462986.90563538263,464739.8145806354,466464.3400912557,468523.596874891,469594.7640445871,earthquake_m6_0
West,2029,454450.8991930643,455332.8653314193,456811.01182480034,458741.2408278608,461191.9674616158,462918.6584995581,463858.3642078714,earthquake_m6_0
West,2030,447337.88180526526,448866.1624528092,450459.8714549062,452900.4013652734,455472.26469410746,457655.38070749835,459369.83133944514,earthquake_m6_0
Central Mountains,2025,387771.50992851966,388067.6475096882,388992.5144442739,389944.0322938565,390939.624537022,391957.8105352953,392201.31771717215,earthquake_m6_5
Central Mountains,2026,378655.33593676594,379271.4783721572,380528.6524618346,381752.1996958053,382949.02331290283,384055.16623579373,384803.5044139021,earthquake_m6_5
Central Mountains,2027,373779.67463926866,374813.08684232284,376188.2948103254,377153.4142141463,378575.4925393518,379708.2613223543,380496.91166023427,earthquake_m6_5
Central Mountains,2028,369604.6110809295,370442.302624858,371984.6457807549,373387.69925293763,374858.35482927546,375894.4149804746,376659.6874189403,earthquake_m6_5
Central Mountains,2029,364811.9107078345,365682.1676395395,367296.0164713327,369098.7507139116,370945.725196525,372460.4116192331,373373.8048329489,earthquake_m6_5
Central Mountains,2030,360284.14565289323,361185.96095792344,363017.2113434235,364910.20814042934,366740.93846620334,368195.45535860467,369872.26066086243,earthquake_m6_5
East,2025,553608.3159753478,554681.8135373432,556112.6613271851,557530.0369874483,558985.7780922705,559816.8864792581,560544.0266877547,earthquake_m6_5
East,2026,537196.3331454116,538511.536653954,540252.532781772,541996.389168666,543882.5827481481,545557.0472408553,546293.1628083023,earthquake_m6_5
East,2027,526409.6600499329,527436.3463793617,528963.0365006514,531051.5888745609,532993.5164157838,534848.3575818082,535465.8890370816,earthquake_m6_5
East,2028,516564.6412604491,517751.94856297196,519416.6042105151,521870.65510083176,524262.348484132,526822.9796247494,527352.536842524,earthquake_m6_5
East,2029,507362.58334614994,508842.73811085196,510366.5286258287,512931.5492641332,515339.4026321189,517735.88874074456,518492.54770574596,earthquake_m6_5
East,2030,497357.32975935366,499044.5397904901,501455.2750773724,504093.31069005583,506465.5022072137,508683.7051265274,510769.6021554097,earthquake_m6_5
Metro,2025,965480.6657102269,967297.2209041178,971770.4190575198,976183.8687322019,980096.2491323976,985054.8503597481,986821.0949007473,earthquake_m6_5
Metro,2026,937071.4434652564,940874.4928592202,946414.1627657004,954111.9388782782,961113.6216795793,964352.7306443888,966586.930962668,earthquake_m6_5
Metro,2027,922661.3175834015,927209.7536864332,932487.4707162133,939240.8862738074,946561.9293423289,952607.3258668117,955936.4963669423,earthquake_m6_5
Metro,2028,911255.9431458528,915285.4982997637,921682.1358810513,929468.2778246088,937072.7861191521,945433.4505311844,947978.119507056,earthquake_m6_5
Metro,2029,898443.6801572315,903507.9743476352,910645.5417122472,918666.1888285978,926159.2410959948,934261.6114915565,938855.6905155522,earthquake_m6_5
Metro,2030,884235.3918337799,890350.2747871996,897596.1413318971,905864.8820788654,915971.0952565104,923789.4514049448,930112.1829124541,earthquake_m6_5
North,2025,370688.42803660233,371378.5586307954,372625.1001859171,373804.7160855526,374895.03378929064,376002.4373027896,376785.4890975778,earthquake_m6_5
North,2026,362268.3376344695,363004.1488501843,364917.2857556023,366352.1194763599,367986.11408604553,369383.2717210076,369905.5352473272,earthquake_m6_5
North,2027,358204.7808959422,359189.32305413263,360615.51799644664,362251.56133686495,363974.9804184213,365808.5531305986,366578.4634967539,earthquake_m6_5
North,2028,354009.0755142158,354753.3848659209,356480.772155208,358168.19911356596,360164.05046579224,361964.36467888707,363004.2232132661,earthquake_m6_5
North,2029,348720.06401396764,350000.47365513537,352065.7301479481,354155.84521891375,355999.97025738744,358068.3549756319,358820.6331462677,earthquake_m6_5
North,2030,344953.52880862,345894.36692336266,348273.8636915396,349957.49894168164,352289.5196408312,353973.44835888036,355479.1940786281,earthquake_m6_5
South,2025,407180.2778493389,407814.72061039344,408891.0607511015,410432.2815603692,411632.44093143195,412620.41924607294,413396.187861889,earthquake_m6_5
South,2026,396426.03130888054,397167.3865348192,398763.1557837891,400705.4365601779,402296.25980495405,404518.4642598172,405919.5365391187,earthquake_m6_5
South,2027,388881.8720862397,389867.82827080745,391337.8709702665,393415.22596865275,395214.762525738,397884.02518631774,398797.207557545,earthquake_m6_5
South,2028,382046.3682059414,382900.52700105694,384705.1611622877,387179.0707082261,389670.54184580955,392126.7781667618,393481.12607881875,earthquake_m6_5
South,2029,375175.33093194355,376171.9904509636,378496.437695071,381446.10103077523,383859.9998998116,386397.2176933045,388061.2092112368,earthquake_m6_5
South,2030,368779.40261795575,370255.7992480092,372269.0076453466,374963.4288275532,378136.8763024121,380721.99688387517,382281.2517455511,earthquake_m6_5
West,2025,479670.95527690393,480432.24040856573,481528.15788254916,482834.44453077833,484051.83403533814,485153.8037919139,485494.16148835944,earthquake_m6_5
West,2026,469016.0469159306,469705.7497780434,471730.211856101,473108.9197048412,474654.1873975916,476091.69584564806,476857.4965146159,earthquake_m6_5
West,2027,462911.1564387115,464424.3455678098,465986.6082139363,467779.66606938886,469462.0191975389,471261.1638871099,471942.21183486027,earthquake_m6_5
West,2028,458230.5087593593,459177.7907904539,461143.37913064746,462669.0831532476,464447.11566995806,466649.8578253562,467773.0115751198,earthquake_m6_5
West,2029,452496.7928994247,453442.18500824785,455031.179888398,456956.5480819971,459367.0933243231,461148.1837788927,462020.7096387299,earthquake_m6_5
West,2030,445543.8425719323,446961.89898684813,448528.794476723,451050.4722633844,453549.1348384295,455917.4255252141,457364.58542581537,earthquake_m6_5
Central Mountains,2025,387771.50992851966,388067.6475096882,388992.5144442739,389944.0322938565,390939.624537022,391957.8105352953,392201.31771717215,earthquake_m6_8
Central Mountains,2026,377432.3741570765,378049.55833895167,379300.94764232385,380522.25060162053,381716.1620824401,382822.8141751855,383568.23809405393,earthquake_m6_8
Central Mountains,2027,372216.77079518815,373278.00115845,374648.51108779,375625.37961829954,377033.25816090376,378203.1689958138,378837.74425546045,earthquake_m6_8
Central Mountains,2028,367976.34732384543,368952.32562019187,370429.34149139177,371852.7117890319,373346.5003160881,374404.1283311667,375093.85078147874,earthquake_m6_8
Central Mountains,2029,363177.86483192205,364310.9752037325,365887.2829519186,367665.2030991225,369546.67525949643,371001.07312583836,372047.89397056017,earthquake_m6_8
Central Mountains,2030,358720.3233409826,359773.5766018937,361613.2030767203,363417.783332258,365377.8563383181,366848.12564962887,368323.38150675135,earthquake_m6_8
East,2025,553608.3159753478,554681.8135373432,556112.6613271851,557530.0369874483,558985.7780922705,559816.8864792581,560544.0266877547,earthquake_m6_8
East,2026,535613.5832839094,536934.9109711889,538668.6383960097,540404.5511096021,542286.6884018176,543962.959165803,544690.5035441768,earthquake_m6_8
East,2027,524216.7977870548,525257.7133471107,526801.4585039874,528857.8374554478,530799.2475374495,532684.9055546034,533312.7168747972,earthquake_m6_8
East,2028,514245.7686709164,515433.90064023185,517005.1993997367,519492.61732743646,521971.0419470541,524386.1128601972,525153.6305081728,earthquake_m6_8
East,2029,505282.21464340616,506640.4039704139,508116.8633567543,510625.68895758945,513118.8798252952,515530.8361521003,516213.3912569263,earthquake_m6_8
East,2030,495265.3373077452,496904.73868622154,499343.3686481055,502031.4394044661,504300.2851976264,506540.97401487414,508560.3100409685,earthquake_m6_8
Metro,2025,965480.6657102269,967297.2209041178,971770.4190575199,976183.8687322019,980096.2491323976,985054.8503597481,986821.0949007473,earthquake_m6_8
Metro,2026,934318.5786759831,938111.6898158911,943621.5773880564,951327.8222449138,958329.5886879391,961556.2523152253,963807.0705301272,earthquake_m6_8
Metro,2027,919094.7091628637,923715.7905477877,928873.2925421912,935720.1830159115,942948.5060088437,948718.9092287478,952359.5061044747,earthquake_m6_8
Metro,2028,907276.1505353671,911422.0541880158,918018.927115944,925833.51309947,933417.9773200551,941390.1542360199,943766.9196679271,earthquake_m6_8
Metro,2029,895239.0634943722,899998.7383808262,907538.8982582721,915370.0217810024,922906.7916973059,930845.8972756796,935476.4725544826,earthquake_m6_8
Metro,2030,880834.0413431439,887330.5442441677,894210.6253003993,902088.1823570174,912376.2448154398,920165.7517182595,926267.2891354938,earthquake_m6_8
North,2025,370688.42803660233,371378.5586307954,372625.1001859171,373804.7160855526,374895.03378929064,376002.4373027896,376785.4890975778,earthquake_m6_8
North,2026,361268.50840715633,361998.5791965709,363908.01188534225,365345.89107761637,366976.56221627566,368371.9183243016,368895.6664717979,earthquake_m6_8
North,2027,356920.77236493374,357924.37222138664,359335.7307874404,361031.53652252414,362675.97838573984,364527.9209410128,365278.99219444464,earthquake_m6_8
North,2028,352577.3560985724,353515.73944832257,355228.81132005795,356942.84364871914,358986.6473060328,360786.30520000047,361739.1490742566,earthquake_m6_8
North,2029,347500.8588622746,348852.32982686005,350978.2621439343,353095.3783878834,354797.58536185615,356875.38570945675,357670.9539072084,earthquake_m6_8
North,2030,343717.77155794867,344796.41533926176,347133.66148244636,348870.3981086695,351096.1472722742,352834.66595101537,354285.0380885484,earthquake_m6_8
South,2025,407180.2778493389,407814.72061039344,408891.0607511015,410432.2815603692,411632.44093143195,412620.41924607294,413396.187861889,earthquake_m6_8
South,2026,394896.0597928404,395643.70574388164,397227.52019950544,399163.99980146624,400749.98585826845,402974.52425865276,404375.3129192154,earthquake_m6_8
South,2027,386972.97982840333,387807.8278016888,389242.389022664,391315.6262445543,393156.0983856056,395789.6630522509,396696.9397532611,earthquake_m6_8
South,2028,379994.1755873512,380676.395345639,382554.5967917216,384951.7462353348,387430.3276372072,389912.9547237166,391264.92879960727,earthquake_m6_8
South,2029,373089.8342847041,373958.31075602747,376453.1118388013,379388.4485086244,381738.1979436634,384252.4941671103,385873.472722062,earthquake_m6_8
South,2030,366688.6642943388,368223.7130750368,370273.686443584,372943.9715232927,376049.96213011787,378653.4175722285,380223.87574407697,earthquake_m6_8
West,2025,479670.955276904,480432.24040856573,481528.15788254916,482834.44453077833,484051.83403533814,485153.8037919139,485494.16148835944,earthquake_m6_8
West,2026,467359.4196092582,468045.2807969686,470058.74175323785,471435.97018841724,472987.29478970973,474421.628569102,475185.2641207104,earthquake_m6_8
West,2027,460884.6026580031,462305.19444957864,463919.93580043886,465755.4732223173,467432.65037739195,469199.50787811173,469992.6699151897,earthquake_m6_8
West,2028,456024.09816350165,457098.6077670533,459113.3956443164,460850.59868783527,462490.3044085284,464796.74474009674,465873.40559273015,earthquake_m6_8
West,2029,450583.44311898394,451483.38904371357,453088.8366678523,454990.26447060297,457340.2637900267,459382.96960598644,460291.7821922478,earthquake_m6_8
West,2030,443644.8605036796,445022.9815582454,446570.546306169,449289.79222812527,451619.5161684529,453884.3289958612,455291.0181946634,earthquake_m6_8
Central Mountains,2025,387771.50992851966,388067.6475096882,388992.5144442739,389944.0322938565,390939.624537022,391957.8105352953,392201.31771717215,earthquake_m7_2
Central Mountains,2026,376209.4123773871,376827.63830574614,378074.58043661213,379292.30150743574,380485.6701892826,381588.64654494624,382332.97177420574,earthquake_m7_2
Central Mountains,2027,370603.64693355066,371610.04729647853,373057.1311400622,374107.59255465853,375490.28755066014,376658.8783102123,377154.9955053621,earthquake_m7_2
Central Mountains,2028,366342.8860017785,367488.55742787616,368816.11344796955,370334.0032665886,371893.78790020954,372853.64767141093,373489.61633573443,earthquake_m7_2
Central Mountains,2029,361674.84897679783,362811.0247514613,364413.3427462803,366287.0633509419,368131.25788735336,369486.0838092299,370533.6854337545,earthquake_m7_2
Central Mountains,2030,357209.33321643504,358307.0274294424,360157.2044612443,361993.97478215117,363881.2545179664,365305.7931425972,366879.04907349736,earthquake_m7_2
East,2025,553608.3159753478,554681.8135373432,556112.6613271851,557530.0369874483,558985.7780922705,559816.8864792581,560544.0266877547,earthquake_m7_2
East,2026,534030.8334224069,535358.285288424,537083.323486201,538812.2760785685,540690.7940554868,542368.8710907507,543087.8442800514,earthquake_m7_2
East,2027,522032.9260136039,523028.5540896205,524628.7277052292,526656.5431789933,528608.8233285127,530501.8008734506,531106.9209504746,earthquake_m7_2
East,2028,511980.06081788684,513101.81914913695,514737.09888455365,517086.9651723021,519601.02472504275,521981.00033735303,522956.2823762383,earthquake_m7_2
East,2029,503033.72206331306,504415.8594757418,505818.901534253,508313.62310969504,510858.66161575983,513508.104947368,514093.60023554397,earthquake_m7_2
East,2030,493128.3812747152,494789.40879238857,497187.74338705576,499877.45507178595,502129.7911412666,504489.411747748,506331.8640960246,earthquake_m7_2
Metro,2025,965480.6657102269,967297.2209041178,971770.4190575199,976183.8687322019,980096.2491323976,985054.8503597481,986821.0949007473,earthquake_m7_2
Metro,2026,931565.7138867097,935348.8867725617,940828.9920104125,948543.7056115493,955545.5556962988,958762.3946911126,961027.2100975864,earthquake_m7_2
Metro,2027,915865.4857408542,919919.1850702179,925228.422892429,932019.6429857763,939322.4496776244,945020.652348153,948828.5145363944,earthquake_m7_2
Metro,2028,903327.7468702024,907613.3862645257,914352.7742126015,921908.5117987649,929445.5440125676,937553.6061895979,940417.3500840538,earthquake_m7_2
Metro,2029,891640.0644908755,896561.5438498495,903838.3552833856,912085.6003621488,919560.8498592696,927235.8822966511,931928.48464513,earthquake_m7_2
Metro,2030,877356.4069402022,883759.1136404707,890271.3944802843,898615.3360417354,908687.1504673274,916492.0503485482,922238.0064930458,earthquake_m7_2
North,2025,370688.42803660233,371378.5586307954,372625.1001859171,373804.7160855526,374895.03378929064,376002.4373027896,376785.4890975778,earthquake_m7_2
North,2026,360268.6791798431,360993.00954295765,362898.8878801124,364339.66267887276,365967.01034650573,367360.56492759567,367885.79769626865,earthquake_m7_2
North,2027,355550.7739732295,356716.00983273506,358032.6116342782,359763.4963454496,361363.0740742156,363259.0243144604,364026.24795046257,earthquake_m7_2
North,2028,351153.9523751157,352155.2873140496,353908.56780915515,355702.07114172826,357725.16097755806,359631.1041069056,360532.3218498626,earthquake_m7_2
North,2029,346213.2459598746,347662.2885455675,349775.90182401205,351854.02267950354,353625.07092811307,355574.4100743676,356422.0729739711,earthquake_m7_2
North,2030,342491.9787634761,343626.30358606286,345959.7206754303,347679.63258786453,349916.27521774505,351673.53667581326,353093.14033661,earthquake_m7_2
South,2025,407180.2778493389,407814.72061039344,408891.0607511015,410432.2815603692,411632.44093143195,412620.41924607294,413396.187861889,earthquake_m7_2
South,2026,393366.0882768002,394120.0249529441,395691.88461522164,397622.56304275454,399203.7119115829,401430.5842574883,402831.08929931215,earthquake_m7_2
South,2027,384894.64623093215,385804.5834467219,387218.9910643954,389322.86564242956,391113.12420074106,393697.8487652282,394591.51189577155,earthquake_m7_2
South,2028,377824.02287183644,378504.4877849335,380383.4882747672,382719.60537592106,385226.53117726336,387759.76362298115,389054.95256934414,earthquake_m7_2
South,2029,370989.4395482827,371820.8407740549,374374.374568443,377246.5935820949,379626.4683292209,382185.6830173613,383634.85573515773,earthquake_m7_2
South,2030,364612.68939538585,366122.1229646314,368241.1348815826,370851.7805389599,374056.1334712843,376720.9642266963,378076.21035984304,earthquake_m7_2
West,2025,479670.95527690393,480432.24040856573,481528.15788254916,482834.44453077833,484051.83403533814,485153.8037919139,485494.16148835944,earthquake_m7_2
West,2026,465693.79719576985,466384.8118158938,468388.7560471492,469763.0206719932,471320.40218182787,472751.5612925558,473513.03172680485,earthquake_m7_2
West,2027,458808.74294668797,460225.29261680087,461741.76580891135,463627.2221329707,465422.3365123425,467102.83164928755,467969.130349933,earthquake_m7_2
West,2028,453723.1297603189,454860.1872080751,456954.3235578882,458777.70621410443,460410.8473966562,462815.2361555787,463860.7928945306,earthquake_m7_2
West,2029,448523.3216430286,449486.90580283175,451063.78135734587,453061.47392138484,455287.16403109796,457512.0501029478,458192.304267693,earthquake_m7_2
West,2030,441763.03812579456,443110.65041993035,444680.156176412,447244.89449115284,449628.46109372604,452146.4084737055,453190.0157703172,earthquake_m7_2
Central Mountains,2025,387771.50992851966,388067.6475096882,388992.5144442739,389944.0322938565,390939.624537022,391957.8105352953,392201.31771717215,earthquake_m7_5
Central Mountains,2026,376209.4123773871,376827.63830574614,378074.58043661213,379292.30150743574,380485.6701892826,381588.64654494624,382332.97177420574,earthquake_m7_5
Central Mountains,2027,370603.64693355066,371610.04729647853,373057.1311400622,374107.59255465853,375490.2875506601,376658.8783102123,377154.9955053621,earthquake_m7_5
Central Mountains,2028,366342.8860017785,367488.55742787616,368816.11344796955,370334.0032665886,371893.78790020954,372853.64767141093,373489.61633573443,earthquake_m7_5
Central Mountains,2029,361674.84897679783,362811.0247514613,364413.3427462803,366287.0633509419,368131.25788735336,369486.08380922984,370533.6854337545,earthquake_m7_5
Central Mountains,2030,357209.33321643504,358307.0274294424,360157.2044612443,361993.97478215117,363881.2545179664,365305.7931425972,366879.04907349736,earthquake_m7_5
East,2025,553608.3159753478,554681.8135373432,556112.6613271851,557530.0369874483,558985.7780922705,559816.8864792581,560544.0266877547,earthquake_m7_5
East,2026,534030.833422407,535358.285288424,537083.323486201,538812.2760785685,540690.7940554868,542368.8710907507,543087.8442800514,earthquake_m7_5
East,2027,522032.9260136039,523028.5540896204,524628.7277052292,526656.5431789933,528608.8233285127,530501.8008734506,531106.9209504746,earthquake_m7_5
East,2028,511980.06081788684,513101.81914913695,514737.09888455365,517086.9651723021,519601.02472504275,521981.00033735303,522956.28237623826,earthquake_m7_5
East,2029,503033.72206331306,504415.8594757418,505818.901534253,508313.62310969504,510858.66161575983,513508.104947368,514093.60023554397,earthquake_m7_5
East,2030,493128.3812747151,494789.40879238857,497187.74338705576,499877.45507178595,502129.7911412666,504489.4117477479,506331.8640960246,earthquake_m7_5
Metro,2025,965480.6657102269,967297.2209041178,971770.4190575199,976183.8687322019,980096.2491323976,985054.8503597481,986821.0949007473,earthquake_m7_5
Metro,2026,931565.7138867097,935348.8867725617,940828.9920104125,948543.7056115493,955545.5556962988,958762.3946911126,961027.2100975864,earthquake_m7_5
Metro,2027,915865.4857408542,919919.1850702179,925228.422892429,932019.6429857763,939322.4496776244,945020.652348153,948828.5145363944,earthquake_m7_5
Metro,2028,903327.7468702024,907613.3862645257,914352.7742126015,921908.5117987649,929445.5440125676,937553.6061895979,940417.3500840538,earthquake_m7_5
Metro,2029,891640.0644908755,896561.5438498495,903838.3552833857,912085.6003621488,919560.8498592696,927235.8822966511,931928.48464513,earthquake_m7_5
Metro,2030,877356.4069402022,883759.1136404707,890271.3944802843,898615.3360417355,908687.1504673274,916492.0503485482,922238.0064930458,earthquake_m7_5
North,2025,370688.42803660233,371378.5586307954,372625.1001859171,373804.7160855526,374895.03378929064,376002.4373027896,376785.4890975778,earthquake_m7_5
North,2026,360268.6791798431,360993.00954295765,362898.8878801124,364339.66267887276,365967.01034650573,367360.56492759567,367885.79769626865,earthquake_m7_5
North,2027,355550.7739732295,356716.00983273506,358032.6116342782,359763.4963454496,361363.0740742156,363259.0243144604,364026.24795046257,earthquake_m7_5
North,2028,351153.9523751157,352155.2873140496,353908.56780915515,355702.0711417283,357725.16097755806,359631.1041069056,360532.3218498626,earthquake_m7_5
North,2029,346213.2459598746,347662.2885455675,349775.90182401205,351854.02267950366,353625.07092811307,355574.4100743676,356422.0729739711,earthquake_m7_5
North,2030,342491.9787634761,343626.30358606286,345959.7206754303,347679.63258786453,349916.275217745,351673.53667581326,353093.14033661,earthquake_m7_5
South,2025,407180.2778493389,407814.72061039344,408891.0607511015,410432.2815603692,411632.44093143195,412620.41924607294,413396.187861889,earthquake_m7_5
South,2026,393366.0882768002,394120.0249529441,395691.88461522164,397622.56304275454,399203.7119115829,401430.5842574883,402831.08929931215,earthquake_m7_5
South,2027,384894.64623093215,385804.5834467219,387218.9910643954,389322.86564242956,391113.12420074106,393697.8487652282,394591.51189577155,earthquake_m7_5
South,2028,377824.02287183644,378504.4877849335,380383.4882747672,382719.6053759211,385226.53117726336,387759.76362298115,389054.95256934414,earthquake_m7_5
South,2029,370989.43954828277,371820.8407740549,374374.374568443,377246.5935820949,379626.4683292209,382185.68301736127,383634.85573515773,earthquake_m7_5
South,2030,364612.6893953858,366122.1229646314,368241.1348815826,370851.7805389599,374056.1334712843,376720.9642266963,378076.21035984304,earthquake_m7_5
West,2025,479670.95527690393,480432.24040856573,481528.15788254916,482834.44453077833,484051.83403533814,485153.8037919139,485494.16148835944,earthquake_m7_5
West,2026,465693.79719576985,466384.8118158938,468388.7560471492,469763.0206719932,471320.4021818279,472751.5612925558,473513.03172680485,earthquake_m7_5
West,2027,458808.74294668797,460225.29261680087,461741.76580891135,463627.2221329707,465422.3365123425,467102.83164928755,467969.130349933,earthquake_m7_5
West,2028,453723.1297603189,454860.1872080751,456954.3235578882,458777.70621410443,460410.8473966562,462815.2361555787,463860.7928945306,earthquake_m7_5
West,2029,448523.3216430286,449486.90580283175,451063.78135734587,453061.47392138484,455287.16403109796,457512.0501029478,458192.304267693,earthquake_m7_5
West,2030,441763.0381257945,443110.65041993035,444680.156176412,447244.89449115284,449628.46109372604,452146.40847370547,453190.0157703172,earthquake_m7_5
