scenario_name,scenario_label,year,p05,p10,p25,p50,p75,p90,p95
baseline_no_disaster,No natural disaster,2025,3204845.6665127976,3205174.604851494,3205956.7859993055,3206861.732916721,3208294.4714671164,3209492.813538715,3209817.8647407265
baseline_no_disaster,No natural disaster,2026,3175120.053404159,3175739.3104046723,3177078.176897482,3179258.4475167226,3180851.021204391,3182459.4004449905,3183388.789490778
baseline_no_disaster,No natural disaster,2030,3061876.5007776963,3062982.863525459,3066261.6654958134,3070174.6481176913,3072978.0294032157,3076323.4529679758,3077040.747331396
hurricane_cat3_2026,Hurricane Category 3 in 2026,2025,3204477.931492729,3205149.4077057196,3206358.129846246,3207427.6383476835,3208214.5421423344,3209639.34364687,3210366.6696769595
hurricane_cat3_2026,Hurricane Category 3 in 2026,2026,3165145.915661368,3165775.273014904,3167129.701291306,3168979.7623813255,3170371.730073005,3171993.917018167,3173463.1052038423
hurricane_cat3_2026,Hurricane Category 3 in 2026,2030,3029212.423464754,3030770.4396512723,3033969.6865452975,3036154.6010515164,3038883.6815163437,3041933.61944364,3044005.0139968
earthquake_m65_2026,Earthquake M6.5 in 2026,2025,3204086.644382707,3204844.2035036646,3206280.328447554,3207089.746318224,3208300.3066232293,3209946.332759224,3210986.9053158066
earthquake_m65_2026,Earthquake M6.5 in 2026,2026,3175848.18600014,3176332.7731032684,3177940.256516451,3179601.431280608,3181502.186163066,3183878.8417081353,3184797.5373885594
earthquake_m65_2026,Earthquake M6.5 in 2026,2030,3063521.198279928,3064791.978917495,3066707.5584709467,3070557.478019571,3074584.2631180836,3078091.3426291267,3079337.8541529714
